1,102,1596.50,420.30,42.00,109.00,1,-1,-1,-1
1,103,1229.50,411.60,43.20,119.00,1,-1,-1,-1
1,104,1479.90,418.80,74.00,176.60,1,-1,-1,-1
1,105,680.80,417.00,67.80,196.90,1,-1,-1,-1
1,106,1113.90,416.00,31.50,82.70,1,-1,-1,-1
1,107,1369.70,390.10,78.90,234.10,1,-1,-1,-1
1,108,471.80,429.00,73.00,179.00,1,-1,-1,-1
1,109,1173.80,418.50,35.80,104.20,1,-1,-1,-1
1,110,585.50,432.30,57.50,173.50,1,-1,-1,-1
1,111,730.50,420.80,56.70,177.90,1,-1,-1,-1
1,112,397.90,432.30,28.90,71.50,1,-1,-1,-1
1,113,547.80,437.60,60.10,168.80,1,-1,-1,-1
1,114,860.90,431.90,22.50,72.70,1,-1,-1,-1
1,115,637.20,432.50,48.40,136.00,1,-1,-1,-1
1,116,812.50,428.70,21.90,64.40,1,-1,-1,-1
2,102,1590.67,421.63,42.43,109.92,1,-1,-1,-1
2,103,1221.27,412.33,44.58,115.06,1,-1,-1,-1
2,104,1473.68,420.54,72.95,175.56,1,-1,-1,-1
2,105,670.97,411.55,74.91,198.71,1,-1,-1,-1
2,106,1107.63,416.10,33.84,81.35,1,-1,-1,-1
2,107,1367.09,390.58,76.89,229.35,1,-1,-1,-1
2,108,465.88,427.50,72.99,179.60,1,-1,-1,-1
2,109,1165.72,421.39,37.71,101.29,1,-1,-1,-1
2,110,585.36,426.82,56.53,176.96,1,-1,-1,-1
2,111,720.43,417.97,58.51,181.01,1,-1,-1,-1
2,112,395.34,429.22,28.29,70.67,1,-1,-1,-1
2,113,542.52,434.73,62.44,170.52,1,-1,-1,-1
2,114,856.61,432.30,21.89,71.87,1,-1,-1,-1
2,115,632.74,428.60,43.61,132.42,1,-1,-1,-1
2,116,808.02,430.65,21.64,60.35,1,-1,-1,-1
3,102,1583.92,422.82,42.44,108.07,1,-1,-1,-1
3,103,1212.74,411.93,44.76,117.41,1,-1,-1,-1
3,104,1463.93,419.85,76.40,177.74,1,-1,-1,-1
3,105,664.01,411.44,76.02,199.77,1,-1,-1,-1
3,106,1103.14,418.74,33.57,80.27,1,-1,-1,-1
3,107,1363.84,392.73,76.01,226.67,1,-1,-1,-1
3,108,457.77,427.23,74.65,182.23,1,-1,-1,-1
3,109,1156.00,420.58,40.26,105.78,1,-1,-1,-1
3,110,579.19,424.09,57.80,177.74,1,-1,-1,-1
3,111,712.10,420.47,62.38,175.06,1,-1,-1,-1
3,112,387.55,432.84,27.80,67.55,1,-1,-1,-1
3,113,535.37,433.36,64.85,173.02,1,-1,-1,-1
3,114,848.43,433.05,21.79,70.32,1,-1,-1,-1
3,116,810.87,430.20,21.44,62.55,1,-1,-1,-1
4,102,1579.88,424.25,40.98,106.90,1,-1,-1,-1
4,103,1205.14,412.03,45.54,118.83,1,-1,-1,-1
4,104,1457.55,421.09,75.32,180.00,1,-1,-1,-1
4,105,656.40,408.21,81.91,205.94,1,-1,-1,-1
4,106,1098.40,418.86,32.21,84.42,1,-1,-1,-1
4,107,1360.63,399.61,78.11,225.41,1,-1,-1,-1
4,108,452.41,428.08,76.08,181.25,1,-1,-1,-1
4,109,1149.65,419.93,41.89,108.82,1,-1,-1,-1
4,110,575.53,422.01,58.13,181.45,1,-1,-1,-1
4,112,378.25,430.40,28.05,71.61,1,-1,-1,-1
4,113,526.64,432.76,68.51,175.25,1,-1,-1,-1
4,114,839.72,433.38,23.00,71.00,1,-1,-1,-1
4,116,818.35,431.23,22.15,65.20,1,-1,-1,-1
5,102,1571.93,429.82,42.62,106.98,1,-1,-1,-1
5,103,1197.04,413.90,47.84,119.76,1,-1,-1,-1
5,104,1447.41,424.46,73.47,179.38,1,-1,-1,-1
5,105,646.58,411.92,84.29,207.50,1,-1,-1,-1
5,106,1092.92,422.96,32.36,83.46,1,-1,-1,-1
5,107,1355.64,400.20,81.08,234.52,1,-1,-1,-1
5,108,445.95,430.53,73.61,180.94,1,-1,-1,-1
5,109,1142.26,424.01,40.83,108.08,1,-1,-1,-1
5,110,568.59,427.47,60.07,176.27,1,-1,-1,-1
5,112,365.74,431.25,27.70,71.52,1,-1,-1,-1
5,113,519.85,433.08,68.15,177.46,1,-1,-1,-1
5,114,832.81,436.16,22.53,70.76,1,-1,-1,-1
5,116,818.20,436.46,22.61,65.15,1,-1,-1,-1
5,118,778.07,433.06,21.25,61.71,1,-1,-1,-1
6,102,1568.43,432.52,42.32,106.76,1,-1,-1,-1
6,103,1194.17,414.54,47.91,118.82,1,-1,-1,-1
6,104,1444.70,426.00,70.90,176.90,1,-1,-1,-1
6,105,643.19,414.42,85.13,206.99,1,-1,-1,-1
6,106,1091.52,420.78,32.45,86.00,1,-1,-1,-1
6,107,1356.30,401.52,83.00,234.72,1,-1,-1,-1
6,108,443.42,426.71,73.46,183.71,1,-1,-1,-1
6,109,1139.29,424.83,40.78,107.69,1,-1,-1,-1
6,110,568.50,429.37,59.41,174.03,1,-1,-1,-1
6,112,361.84,433.21,29.29,70.75,1,-1,-1,-1
6,113,521.37,433.09,63.60,175.06,1,-1,-1,-1
6,114,832.76,435.59,22.59,72.66,1,-1,-1,-1
6,116,817.91,436.46,23.29,65.78,1,-1,-1,-1
6,118,776.24,434.08,22.20,62.05,1,-1,-1,-1
6,119,739.84,441.19,22.12,60.90,1,-1,-1,-1
7,102,1567.47,432.50,42.04,107.26,1,-1,-1,-1
7,103,1191.86,413.54,50.57,121.31,1,-1,-1,-1
7,104,1437.67,432.43,74.31,175.72,1,-1,-1,-1
7,105,640.08,416.84,84.00,207.21,1,-1,-1,-1
7,106,1091.79,425.58,32.23,79.72,1,-1,-1,-1
7,107,1356.88,402.49,85.14,234.49,1,-1,-1,-1
7,108,437.99,429.56,76.20,183.35,1,-1,-1,-1
7,109,1138.30,423.65,39.46,106.85,1,-1,-1,-1
7,110,563.97,433.05,58.83,175.42,1,-1,-1,-1
7,112,360.37,436.08,30.11,72.90,1,-1,-1,-1
7,113,517.00,433.53,63.83,176.35,1,-1,-1,-1
7,114,830.98,435.26,22.60,72.67,1,-1,-1,-1
7,116,816.93,436.04,23.04,65.94,1,-1,-1,-1
7,118,771.50,433.87,20.90,60.52,1,-1,-1,-1
7,119,741.38,437.91,22.06,59.65,1,-1,-1,-1
8,102,1563.82,435.62,42.37,107.50,1,-1,-1,-1
8,103,1184.95,416.56,49.51,121.25,1,-1,-1,-1
8,104,1431.35,431.81,73.55,176.20,1,-1,-1,-1
8,105,632.59,416.68,89.51,210.87,1,-1,-1,-1
8,106,1085.09,428.97,32.87,80.27,1,-1,-1,-1
8,107,1357.33,404.65,82.51,234.84,1,-1,-1,-1
8,108,432.41,430.93,76.40,185.01,1,-1,-1,-1
8,109,1130.79,429.00,40.63,105.57,1,-1,-1,-1
8,110,555.44,432.58,61.14,180.81,1,-1,-1,-1
8,112,352.75,438.49,29.49,71.60,1,-1,-1,-1
8,113,513.44,439.20,63.28,173.38,1,-1,-1,-1
8,114,826.37,440.50,21.68,70.39,1,-1,-1,-1
8,118,773.85,439.89,22.78,62.75,1,-1,-1,-1
8,119,739.98,443.84,21.77,60.35,1,-1,-1,-1
9,102,1565.53,436.99,42.53,107.16,1,-1,-1,-1
9,103,1183.56,416.19,49.68,121.78,1,-1,-1,-1
9,104,1430.12,429.52,73.62,177.81,1,-1,-1,-1
9,105,630.95,416.70,88.14,210.88,1,-1,-1,-1
9,106,1083.05,428.98,34.11,82.96,1,-1,-1,-1
9,107,1358.30,403.42,81.91,236.16,1,-1,-1,-1
9,108,430.39,430.38,77.55,184.30,1,-1,-1,-1
9,109,1129.77,429.23,41.27,106.77,1,-1,-1,-1
9,110,554.22,430.37,61.84,182.28,1,-1,-1,-1
9,112,351.09,437.99,29.41,71.39,1,-1,-1,-1
9,113,511.40,438.99,65.08,172.30,1,-1,-1,-1
9,118,777.43,439.41,23.40,63.40,1,-1,-1,-1
9,119,749.79,441.32,22.05,60.83,1,-1,-1,-1
9,123,804.44,440.14,22.88,64.38,1,-1,-1,-1
9,116,822.31,440.69,22.41,66.88,1,-1,-1,-1
10,102,1566.17,436.45,43.06,108.78,1,-1,-1,-1
10,103,1179.82,416.70,50.06,121.59,1,-1,-1,-1
10,104,1428.01,427.07,71.26,181.89,1,-1,-1,-1
10,105,624.97,422.07,87.27,207.50,1,-1,-1,-1
10,106,1079.25,428.26,35.62,85.16,1,-1,-1,-1
10,107,1362.15,401.80,80.38,244.49,1,-1,-1,-1
10,108,424.06,430.35,77.22,184.85,1,-1,-1,-1
10,109,1126.98,429.48,41.10,108.11,1,-1,-1,-1
10,110,550.15,433.04,59.78,180.56,1,-1,-1,-1
10,112,343.95,438.52,30.58,69.47,1,-1,-1,-1
10,113,504.33,442.05,63.56,170.03,1,-1,-1,-1
10,118,775.71,439.00,24.55,63.94,1,-1,-1,-1
10,119,750.81,439.84,22.25,62.13,1,-1,-1,-1
10,123,800.33,440.57,23.15,64.95,1,-1,-1,-1
10,116,830.60,442.20,22.26,67.58,1,-1,-1,-1
10,114,821.61,442.01,21.78,69.63,1,-1,-1,-1
11,102,1563.52,437.15,43.15,108.91,1,-1,-1,-1
11,103,1176.74,417.52,49.13,121.06,1,-1,-1,-1
11,104,1423.72,428.00,73.05,183.76,1,-1,-1,-1
11,105,616.70,422.83,91.85,209.26,1,-1,-1,-1
11,106,1077.00,428.45,36.54,85.40,1,-1,-1,-1
11,107,1363.94,399.14,80.60,250.53,1,-1,-1,-1
11,108,417.85,431.00,74.70,185.81,1,-1,-1,-1
11,109,1124.04,430.90,40.91,107.04,1,-1,-1,-1
11,110,545.87,434.68,60.60,179.96,1,-1,-1,-1
11,112,337.18,438.93,32.30,71.19,1,-1,-1,-1
11,113,498.96,441.34,62.29,169.92,1,-1,-1,-1
11,118,773.25,441.04,23.05,63.62,1,-1,-1,-1
11,119,745.20,441.38,22.30,62.56,1,-1,-1,-1
11,123,796.12,441.97,22.91,66.05,1,-1,-1,-1
11,116,831.68,442.67,21.17,68.27,1,-1,-1,-1
11,114,818.37,442.93,21.47,69.97,1,-1,-1,-1
12,102,1563.25,436.53,43.35,109.58,1,-1,-1,-1
12,103,1174.69,416.46,49.38,121.07,1,-1,-1,-1
12,104,1425.62,427.25,65.55,179.69,1,-1,-1,-1
12,105,612.74,419.27,91.37,212.27,1,-1,-1,-1
12,106,1076.52,426.95,36.80,86.56,1,-1,-1,-1
12,107,1366.63,397.39,80.26,250.57,1,-1,-1,-1
12,108,412.91,430.25,74.57,184.38,1,-1,-1,-1
12,109,1122.83,429.83,41.53,108.25,1,-1,-1,-1
12,110,542.15,431.71,61.50,180.90,1,-1,-1,-1
12,112,332.82,437.32,30.90,71.70,1,-1,-1,-1
12,113,494.14,439.78,62.52,169.33,1,-1,-1,-1
12,118,771.94,440.01,23.09,63.16,1,-1,-1,-1
12,119,737.72,439.81,22.44,63.68,1,-1,-1,-1
12,123,798.81,441.17,22.59,67.66,1,-1,-1,-1
12,116,832.50,440.35,20.62,68.47,1,-1,-1,-1
12,114,814.98,441.85,21.82,69.62,1,-1,-1,-1
13,102,1562.57,436.73,43.33,110.09,1,-1,-1,-1
13,103,1173.84,416.84,48.65,121.38,1,-1,-1,-1
13,104,1424.14,424.28,62.45,195.78,1,-1,-1,-1
13,105,610.02,417.79,90.59,213.27,1,-1,-1,-1
13,106,1073.57,427.25,35.53,86.64,1,-1,-1,-1
13,107,1368.99,398.95,82.58,254.17,1,-1,-1,-1
13,108,408.84,431.67,75.67,184.81,1,-1,-1,-1
13,109,1121.61,430.54,41.27,107.95,1,-1,-1,-1
13,110,537.83,433.42,62.04,178.08,1,-1,-1,-1
13,112,329.14,438.09,30.82,72.21,1,-1,-1,-1
13,113,488.43,440.16,63.89,169.58,1,-1,-1,-1
13,118,768.86,440.04,22.92,62.42,1,-1,-1,-1
13,119,732.46,439.42,23.00,64.54,1,-1,-1,-1
13,123,789.40,441.67,22.22,66.66,1,-1,-1,-1
13,116,832.29,440.54,20.94,69.92,1,-1,-1,-1
13,114,812.21,442.08,22.58,70.03,1,-1,-1,-1
14,102,1558.92,436.55,43.75,110.20,1,-1,-1,-1
14,103,1170.73,416.96,49.05,122.36,1,-1,-1,-1
14,105,604.54,418.16,91.79,213.47,1,-1,-1,-1
14,106,1068.93,429.15,34.92,85.31,1,-1,-1,-1
14,107,1369.60,399.05,85.53,259.32,1,-1,-1,-1
14,108,402.66,432.75,78.61,183.08,1,-1,-1,-1
14,109,1118.54,431.42,42.11,108.15,1,-1,-1,-1
14,110,531.81,431.58,64.62,182.71,1,-1,-1,-1
14,112,324.06,438.29,30.28,72.19,1,-1,-1,-1
14,113,484.60,441.01,62.94,170.75,1,-1,-1,-1
14,118,773.36,439.96,22.96,61.06,1,-1,-1,-1
14,119,730.86,438.06,22.64,64.23,1,-1,-1,-1
14,123,788.78,440.45,21.93,66.40,1,-1,-1,-1
14,114,810.58,441.62,22.97,68.97,1,-1,-1,-1
15,102,1552.76,436.23,43.81,109.78,1,-1,-1,-1
15,103,1165.09,414.78,50.35,123.65,1,-1,-1,-1
15,105,595.45,415.26,93.73,217.61,1,-1,-1,-1
15,106,1062.12,427.17,33.85,84.43,1,-1,-1,-1
15,107,1370.06,398.96,88.73,262.11,1,-1,-1,-1
15,108,392.33,431.12,82.07,182.98,1,-1,-1,-1
15,109,1111.20,429.18,42.59,108.14,1,-1,-1,-1
15,110,524.87,428.78,64.39,184.43,1,-1,-1,-1
15,112,313.76,436.78,30.83,70.74,1,-1,-1,-1
15,113,476.75,441.50,62.02,169.61,1,-1,-1,-1
15,119,729.00,436.25,22.78,63.42,1,-1,-1,-1
15,123,785.43,438.57,22.35,65.87,1,-1,-1,-1
15,114,803.68,439.33,22.61,68.65,1,-1,-1,-1
16,102,1548.91,436.95,43.35,109.00,1,-1,-1,-1
16,103,1161.12,415.01,51.16,122.77,1,-1,-1,-1
16,105,589.25,413.30,98.14,224.52,1,-1,-1,-1
16,106,1058.25,428.55,34.85,86.58,1,-1,-1,-1
16,107,1370.06,401.65,90.54,261.95,1,-1,-1,-1
16,108,387.45,431.13,79.14,183.83,1,-1,-1,-1
16,109,1107.24,429.44,43.08,109.05,1,-1,-1,-1
16,110,521.03,431.31,63.87,182.83,1,-1,-1,-1
16,112,304.99,438.20,32.15,70.55,1,-1,-1,-1
16,113,470.34,441.06,63.02,171.57,1,-1,-1,-1
16,119,722.54,436.74,22.23,62.55,1,-1,-1,-1
16,123,780.24,441.59,22.24,63.17,1,-1,-1,-1
16,114,799.08,440.44,21.86,68.57,1,-1,-1,-1
17,102,1542.22,438.08,43.62,108.84,1,-1,-1,-1
17,103,1156.46,416.04,50.77,121.42,1,-1,-1,-1
17,105,583.09,414.69,99.80,225.06,1,-1,-1,-1
17,106,1052.66,429.24,34.34,85.72,1,-1,-1,-1
17,107,1369.31,401.27,92.05,266.52,1,-1,-1,-1
17,108,379.74,432.70,80.48,185.48,1,-1,-1,-1
17,109,1102.91,430.19,41.19,106.73,1,-1,-1,-1
17,110,515.35,433.67,63.94,182.13,1,-1,-1,-1
17,112,298.09,438.74,32.11,70.62,1,-1,-1,-1
17,113,462.30,440.15,64.75,174.16,1,-1,-1,-1
17,119,711.88,437.04,22.62,63.15,1,-1,-1,-1
17,114,794.34,441.18,21.16,68.42,1,-1,-1,-1
17,127,733.66,439.53,22.93,62.40,1,-1,-1,-1
18,102,1535.43,439.95,44.62,109.31,1,-1,-1,-1
18,103,1149.99,418.13,49.51,119.69,1,-1,-1,-1
18,105,577.05,419.92,96.24,219.45,1,-1,-1,-1
18,106,1047.75,429.15,34.38,86.24,1,-1,-1,-1
18,107,1369.46,401.51,90.58,271.50,1,-1,-1,-1
18,108,368.58,431.95,83.76,186.15,1,-1,-1,-1
18,109,1097.30,431.08,40.42,107.03,1,-1,-1,-1
18,110,507.12,434.03,64.84,183.84,1,-1,-1,-1
18,112,289.83,439.85,31.73,71.84,1,-1,-1,-1
18,113,454.61,439.07,65.04,174.99,1,-1,-1,-1
18,119,702.82,439.15,23.21,61.64,1,-1,-1,-1
18,114,787.90,443.43,21.56,67.56,1,-1,-1,-1
18,127,735.84,441.66,23.07,59.19,1,-1,-1,-1
18,118,751.69,443.09,22.06,60.70,1,-1,-1,-1
19,102,1530.61,441.46,44.70,110.02,1,-1,-1,-1
19,103,1143.73,420.63,48.66,119.99,1,-1,-1,-1
19,105,568.95,422.07,96.68,219.01,1,-1,-1,-1
19,106,1039.26,431.38,35.23,85.17,1,-1,-1,-1
19,107,1366.52,403.57,90.51,274.97,1,-1,-1,-1
19,108,359.24,437.16,83.42,182.43,1,-1,-1,-1
19,109,1090.89,433.40,40.77,106.88,1,-1,-1,-1
19,110,500.97,437.63,63.32,182.29,1,-1,-1,-1
19,112,280.53,441.34,31.53,72.30,1,-1,-1,-1
19,113,449.15,442.28,63.15,173.65,1,-1,-1,-1
19,119,695.19,442.13,23.39,61.66,1,-1,-1,-1
19,114,781.61,445.82,22.13,68.25,1,-1,-1,-1
19,127,735.98,441.79,22.82,60.76,1,-1,-1,-1
19,128,680.88,445.78,22.52,60.87,1,-1,-1,-1
19,123,756.96,445.41,22.47,64.41,1,-1,-1,-1
20,102,1524.60,446.51,43.53,109.01,1,-1,-1,-1
20,103,1132.91,426.70,48.87,122.08,1,-1,-1,-1
20,105,552.29,429.74,96.55,224.27,1,-1,-1,-1
20,106,1030.07,436.11,35.33,85.83,1,-1,-1,-1
20,107,1361.08,414.26,86.45,272.27,1,-1,-1,-1
20,108,348.71,441.11,76.20,187.79,1,-1,-1,-1
20,109,1081.99,437.49,41.42,111.26,1,-1,-1,-1
20,110,490.14,445.56,60.66,178.40,1,-1,-1,-1
20,112,266.24,446.63,30.70,71.29,1,-1,-1,-1
20,113,435.91,451.07,61.84,171.23,1,-1,-1,-1
20,119,687.76,448.21,22.36,61.86,1,-1,-1,-1
20,114,767.19,450.97,23.03,69.38,1,-1,-1,-1
20,123,743.44,451.07,21.80,62.09,1,-1,-1,-1
21,102,1519.38,447.57,43.23,108.36,1,-1,-1,-1
21,103,1126.91,427.21,49.16,120.48,1,-1,-1,-1
21,105,537.77,432.17,104.29,224.32,1,-1,-1,-1
21,106,1025.06,438.77,35.87,83.33,1,-1,-1,-1
21,107,1361.96,413.72,81.95,273.76,1,-1,-1,-1
21,108,339.89,443.77,75.24,181.67,1,-1,-1,-1
21,109,1077.24,438.87,40.04,109.42,1,-1,-1,-1
21,110,483.48,447.44,58.67,176.99,1,-1,-1,-1
21,112,258.00,447.69,30.03,70.48,1,-1,-1,-1
21,113,426.67,449.93,64.28,172.60,1,-1,-1,-1
21,114,761.54,450.88,23.12,71.91,1,-1,-1,-1
21,123,734.77,449.23,32.33,69.65,1,-1,-1,-1
21,128,662.52,452.46,23.16,58.61,1,-1,-1,-1
22,102,1507.84,448.93,44.40,109.32,1,-1,-1,-1
22,103,1114.39,431.74,48.22,117.86,1,-1,-1,-1
22,105,530.29,438.45,103.25,221.51,1,-1,-1,-1
22,106,1020.45,440.25,33.57,84.05,1,-1,-1,-1
22,107,1354.29,414.05,83.10,272.21,1,-1,-1,-1
22,108,327.71,446.45,76.20,178.94,1,-1,-1,-1
22,109,1067.22,438.89,40.66,112.06,1,-1,-1,-1
22,110,471.28,447.64,60.47,178.83,1,-1,-1,-1
22,112,247.80,448.90,29.99,71.38,1,-1,-1,-1
22,113,418.86,452.10,63.15,173.30,1,-1,-1,-1
22,114,752.71,453.22,23.87,72.66,1,-1,-1,-1
22,123,730.30,453.05,27.76,67.54,1,-1,-1,-1
22,129,700.80,450.85,22.03,60.41,1,-1,-1,-1
22,128,654.55,455.44,22.94,58.81,1,-1,-1,-1
22,118,721.98,454.97,21.49,59.70,1,-1,-1,-1
22,119,668.60,451.85,23.50,61.29,1,-1,-1,-1
23,102,1496.59,448.31,43.99,111.29,1,-1,-1,-1
23,103,1102.64,430.98,49.27,119.72,1,-1,-1,-1
23,105,521.69,439.53,101.97,227.00,1,-1,-1,-1
23,106,1011.95,440.91,34.31,84.99,1,-1,-1,-1
23,107,1344.10,413.41,86.14,275.20,1,-1,-1,-1
23,108,315.88,448.66,75.78,177.57,1,-1,-1,-1
23,109,1052.78,441.29,40.70,108.52,1,-1,-1,-1
23,110,456.54,452.69,60.15,177.82,1,-1,-1,-1
23,112,234.49,448.78,31.06,74.64,1,-1,-1,-1
23,113,406.59,454.31,63.45,173.46,1,-1,-1,-1
23,114,739.97,454.99,22.54,73.40,1,-1,-1,-1
23,119,659.88,451.98,22.91,61.60,1,-1,-1,-1
24,102,1487.98,450.57,43.88,110.74,1,-1,-1,-1
24,103,1093.80,433.70,49.65,121.10,1,-1,-1,-1
24,105,507.91,439.51,105.42,234.80,1,-1,-1,-1
24,106,1001.94,442.94,33.37,85.97,1,-1,-1,-1
24,107,1334.83,411.95,89.68,285.68,1,-1,-1,-1
24,108,299.52,450.65,79.08,184.09,1,-1,-1,-1
24,109,1044.48,441.95,41.23,112.24,1,-1,-1,-1
24,110,437.56,456.26,63.15,176.83,1,-1,-1,-1
24,112,219.25,452.27,32.56,76.34,1,-1,-1,-1
24,113,394.91,457.74,64.48,173.96,1,-1,-1,-1
24,114,730.74,456.95,22.19,75.60,1,-1,-1,-1
24,119,651.84,455.23,22.33,60.13,1,-1,-1,-1
24,129,673.20,455.56,22.20,62.24,1,-1,-1,-1
24,128,634.79,457.09,22.08,59.78,1,-1,-1,-1
25,102,1463.72,451.79,43.64,110.15,1,-1,-1,-1
25,103,1067.58,437.17,48.27,119.21,1,-1,-1,-1
25,105,477.51,438.94,109.10,240.91,1,-1,-1,-1
25,106,986.31,446.51,34.56,87.06,1,-1,-1,-1
25,107,1316.19,410.60,93.81,286.10,1,-1,-1,-1
25,108,272.02,450.94,79.38,187.64,1,-1,-1,-1
25,109,1013.11,446.10,41.96,107.32,1,-1,-1,-1
25,110,419.64,454.12,56.92,180.48,1,-1,-1,-1
25,112,186.66,453.45,32.48,73.97,1,-1,-1,-1
25,113,369.15,457.00,65.91,178.52,1,-1,-1,-1
25,114,703.00,459.05,22.05,74.40,1,-1,-1,-1
25,119,622.63,456.03,22.72,59.34,1,-1,-1,-1
25,129,646.31,456.39,23.05,61.45,1,-1,-1,-1
25,128,604.90,457.58,22.05,59.69,1,-1,-1,-1
26,102,1450.95,450.82,44.50,110.67,1,-1,-1,-1
26,103,1054.25,436.59,46.95,121.84,1,-1,-1,-1
26,105,461.86,441.05,108.29,237.38,1,-1,-1,-1
26,106,973.15,444.88,32.32,86.00,1,-1,-1,-1
26,107,1308.60,411.25,94.31,289.99,1,-1,-1,-1
26,108,256.36,452.24,81.20,186.63,1,-1,-1,-1
26,109,999.56,447.08,40.15,106.00,1,-1,-1,-1
26,110,404.86,451.79,61.11,181.70,1,-1,-1,-1
26,112,170.77,449.95,32.40,77.74,1,-1,-1,-1
26,113,354.45,457.13,66.45,178.93,1,-1,-1,-1
26,114,693.06,458.78,23.25,75.40,1,-1,-1,-1
26,119,609.65,454.82,22.51,60.81,1,-1,-1,-1
26,129,625.75,455.56,22.80,60.90,1,-1,-1,-1
26,128,595.06,455.94,23.70,58.77,1,-1,-1,-1
26,118,655.63,458.12,22.68,61.30,1,-1,-1,-1
27,102,1430.44,450.18,44.43,109.30,1,-1,-1,-1
27,103,1031.70,434.59,48.09,122.75,1,-1,-1,-1
27,105,437.16,434.16,104.54,242.61,1,-1,-1,-1
27,106,950.19,442.25,33.18,86.74,1,-1,-1,-1
27,107,1289.84,408.54,95.43,294.86,1,-1,-1,-1
27,108,227.79,452.78,81.64,186.23,1,-1,-1,-1
27,109,982.06,443.85,38.24,108.10,1,-1,-1,-1
27,110,378.66,450.77,60.72,182.58,1,-1,-1,-1
27,112,142.50,447.75,32.46,79.15,1,-1,-1,-1
27,113,328.31,456.51,68.27,180.18,1,-1,-1,-1
27,114,671.03,456.06,23.46,72.12,1,-1,-1,-1
27,119,588.42,453.90,22.26,59.35,1,-1,-1,-1
27,129,607.52,453.50,22.38,60.40,1,-1,-1,-1
27,128,572.53,454.76,22.71,58.89,1,-1,-1,-1
27,104,1247.77,436.16,72.78,185.88,1,-1,-1,-1
27,123,647.54,452.72,23.07,65.38,1,-1,-1,-1
28,102,1420.24,449.97,42.73,111.67,1,-1,-1,-1
28,103,1019.54,437.97,47.44,121.48,1,-1,-1,-1
28,105,414.79,431.96,112.00,249.69,1,-1,-1,-1
28,106,933.96,443.16,33.50,86.90,1,-1,-1,-1
28,107,1281.31,409.53,93.95,293.92,1,-1,-1,-1
28,108,211.69,448.86,82.04,193.39,1,-1,-1,-1
28,109,971.37,444.69,39.21,108.56,1,-1,-1,-1
28,110,361.30,447.64,63.85,187.37,1,-1,-1,-1
28,112,119.25,451.04,33.21,78.64,1,-1,-1,-1
28,113,309.44,459.59,66.97,179.43,1,-1,-1,-1
28,114,659.04,456.79,23.60,75.15,1,-1,-1,-1
28,119,577.64,454.98,21.63,61.08,1,-1,-1,-1
28,128,564.58,455.47,22.24,60.42,1,-1,-1,-1
28,104,1233.73,438.54,68.05,182.30,1,-1,-1,-1
28,123,629.62,455.80,21.12,62.18,1,-1,-1,-1
29,102,1407.60,450.04,43.18,113.11,1,-1,-1,-1
29,103,1008.17,437.55,46.81,120.90,1,-1,-1,-1
29,105,397.47,429.49,113.33,253.04,1,-1,-1,-1
29,106,921.61,442.18,32.86,86.40,1,-1,-1,-1
29,107,1275.58,409.94,94.01,291.82,1,-1,-1,-1
29,108,199.62,444.35,83.82,199.12,1,-1,-1,-1
29,109,959.40,444.76,41.99,109.16,1,-1,-1,-1
29,110,346.70,444.81,68.66,189.01,1,-1,-1,-1
29,112,102.55,449.96,33.78,80.62,1,-1,-1,-1
29,113,293.57,459.54,65.04,178.07,1,-1,-1,-1
29,114,646.39,456.13,23.16,75.42,1,-1,-1,-1
29,119,570.37,454.14,20.69,62.40,1,-1,-1,-1
29,128,552.71,453.79,21.70,61.14,1,-1,-1,-1
29,104,1219.32,438.96,70.47,180.94,1,-1,-1,-1
30,102,1389.61,451.43,43.18,114.51,1,-1,-1,-1
30,103,987.98,439.38,46.55,118.62,1,-1,-1,-1
30,105,362.37,428.98,119.81,256.65,1,-1,-1,-1
30,106,900.81,442.88,34.06,88.50,1,-1,-1,-1
30,107,1258.48,413.01,98.72,293.50,1,-1,-1,-1
30,108,168.89,447.11,87.30,196.53,1,-1,-1,-1
30,109,938.13,444.67,41.95,107.47,1,-1,-1,-1
30,110,318.25,447.19,76.76,187.15,1,-1,-1,-1
30,112,71.22,449.28,33.17,78.79,1,-1,-1,-1
30,113,268.65,456.14,64.16,183.61,1,-1,-1,-1
30,114,624.06,456.00,23.08,74.56,1,-1,-1,-1
30,119,544.73,452.55,21.52,61.94,1,-1,-1,-1
30,128,530.58,453.50,21.12,61.30,1,-1,-1,-1
30,104,1193.75,441.86,73.94,178.34,1,-1,-1,-1
30,131,515.57,455.17,22.73,60.03,1,-1,-1,-1
30,118,572.51,454.94,24.22,63.73,1,-1,-1,-1
30,123,598.29,455.57,21.23,63.69,1,-1,-1,-1
31,102,1380.88,455.74,43.40,112.89,1,-1,-1,-1
31,103,977.05,441.97,46.61,116.91,1,-1,-1,-1
31,105,343.53,428.19,122.54,262.21,1,-1,-1,-1
31,106,889.18,444.32,33.85,89.41,1,-1,-1,-1
31,107,1255.30,416.66,95.41,296.41,1,-1,-1,-1
31,108,154.48,445.72,86.30,200.48,1,-1,-1,-1
31,109,927.03,446.10,42.60,110.47,1,-1,-1,-1
31,112,52.50,450.21,34.19,80.08,1,-1,-1,-1
31,113,252.77,456.64,67.67,186.01,1,-1,-1,-1
31,114,612.62,458.49,22.86,76.94,1,-1,-1,-1
31,119,532.46,455.95,21.37,61.83,1,-1,-1,-1
31,128,516.00,456.20,20.85,61.42,1,-1,-1,-1
31,104,1181.64,445.12,73.92,178.10,1,-1,-1,-1
31,118,554.56,456.84,23.00,64.58,1,-1,-1,-1
32,102,1371.96,458.22,43.16,111.66,1,-1,-1,-1
32,103,966.00,443.40,47.59,117.63,1,-1,-1,-1
32,105,328.33,428.48,121.00,267.28,1,-1,-1,-1
32,106,879.10,445.30,33.73,88.69,1,-1,-1,-1
32,107,1250.26,417.00,94.13,304.49,1,-1,-1,-1
32,108,142.28,446.77,83.58,202.60,1,-1,-1,-1
32,109,918.08,449.40,40.88,109.35,1,-1,-1,-1
32,112,35.45,453.35,34.40,79.31,1,-1,-1,-1
32,113,237.49,457.45,68.15,185.60,1,-1,-1,-1
32,114,604.75,459.80,23.87,77.35,1,-1,-1,-1
32,119,524.41,457.39,21.55,63.25,1,-1,-1,-1
32,128,505.12,457.85,21.21,61.92,1,-1,-1,-1
32,104,1169.74,446.14,75.88,178.06,1,-1,-1,-1
32,131,491.88,458.02,21.26,60.41,1,-1,-1,-1
33,102,1361.70,462.45,43.86,110.42,1,-1,-1,-1
33,103,953.95,445.96,48.20,119.15,1,-1,-1,-1
33,105,312.08,434.54,116.83,265.14,1,-1,-1,-1
33,106,869.24,450.33,31.80,88.05,1,-1,-1,-1
33,107,1244.29,419.68,96.63,304.07,1,-1,-1,-1
33,108,124.58,450.69,87.47,201.39,1,-1,-1,-1
33,109,905.75,452.60,42.93,110.40,1,-1,-1,-1
33,112,18.00,457.18,35.95,82.61,1,-1,-1,-1
33,113,222.50,460.93,69.39,184.69,1,-1,-1,-1
33,114,594.88,462.39,23.63,75.76,1,-1,-1,-1
33,119,508.33,460.86,22.11,62.44,1,-1,-1,-1
33,128,488.81,461.34,21.91,60.95,1,-1,-1,-1
33,104,1158.73,449.24,76.04,174.89,1,-1,-1,-1
33,129,520.82,461.58,22.12,62.08,1,-1,-1,-1
33,123,569.78,462.65,22.53,66.98,1,-1,-1,-1
34,102,1353.57,464.43,42.73,108.50,1,-1,-1,-1
34,103,944.04,445.05,48.90,121.39,1,-1,-1,-1
34,105,295.10,438.38,117.26,266.34,1,-1,-1,-1
34,106,861.06,451.29,32.55,89.13,1,-1,-1,-1
34,107,1241.59,418.85,98.46,309.73,1,-1,-1,-1
34,108,111.14,453.47,87.53,199.09,1,-1,-1,-1
34,109,895.56,453.98,44.00,112.77,1,-1,-1,-1
34,112,5.05,455.92,32.97,86.70,1,-1,-1,-1
34,113,209.78,463.54,68.28,184.73,1,-1,-1,-1
34,114,586.78,462.67,23.79,77.00,1,-1,-1,-1
34,128,485.61,463.96,21.84,58.70,1,-1,-1,-1
34,104,1146.86,451.80,75.86,176.48,1,-1,-1,-1
34,118,517.80,462.96,22.76,63.55,1,-1,-1,-1
35,102,1340.12,466.80,42.68,106.90,1,-1,-1,-1
35,103,928.77,449.30,49.49,120.19,1,-1,-1,-1
35,105,271.49,443.26,119.38,272.61,1,-1,-1,-1
35,106,845.92,455.36,32.47,88.78,1,-1,-1,-1
35,107,1234.64,419.63,99.23,321.58,1,-1,-1,-1
35,108,94.19,451.82,86.18,205.04,1,-1,-1,-1
35,109,881.95,458.86,43.94,110.76,1,-1,-1,-1
35,113,190.39,467.56,70.37,186.00,1,-1,-1,-1
35,114,570.32,467.44,23.81,75.98,1,-1,-1,-1
35,128,465.96,468.64,22.44,59.77,1,-1,-1,-1
35,104,1132.30,457.57,77.04,173.57,1,-1,-1,-1
35,119,478.95,467.13,22.62,63.60,1,-1,-1,-1
35,129,493.94,466.52,23.34,65.01,1,-1,-1,-1
35,123,534.03,465.62,23.37,69.13,1,-1,-1,-1
36,102,1335.06,467.58,42.61,104.36,1,-1,-1,-1
36,103,924.57,449.23,48.91,119.70,1,-1,-1,-1
36,105,255.01,440.66,122.98,281.49,1,-1,-1,-1
36,106,842.12,455.05,32.59,89.50,1,-1,-1,-1
36,107,1235.80,417.05,98.79,330.25,1,-1,-1,-1
36,108,85.90,452.35,86.03,205.64,1,-1,-1,-1
36,109,876.59,460.00,43.96,109.08,1,-1,-1,-1
36,113,183.30,468.06,66.85,186.58,1,-1,-1,-1
36,114,567.06,468.60,23.78,74.25,1,-1,-1,-1
36,128,460.41,469.66,23.16,59.05,1,-1,-1,-1
36,104,1127.01,456.48,75.52,170.78,1,-1,-1,-1
36,119,474.96,467.71,23.51,63.48,1,-1,-1,-1
36,129,489.86,466.69,23.04,65.15,1,-1,-1,-1
36,123,532.72,466.19,23.30,69.02,1,-1,-1,-1
37,102,1329.22,465.61,42.04,105.25,1,-1,-1,-1
37,103,915.51,447.89,48.41,121.02,1,-1,-1,-1
37,105,240.31,438.02,122.79,290.51,1,-1,-1,-1
37,106,836.56,453.75,33.68,91.07,1,-1,-1,-1
37,107,1231.89,414.68,100.41,330.78,1,-1,-1,-1
37,108,76.06,455.00,83.42,203.99,1,-1,-1,-1
37,109,869.14,458.33,44.08,110.77,1,-1,-1,-1
37,113,173.09,469.82,67.08,183.97,1,-1,-1,-1
37,114,562.04,465.69,24.00,77.13,1,-1,-1,-1
37,128,454.55,470.03,23.33,60.17,1,-1,-1,-1
37,104,1118.30,458.27,74.13,170.58,1,-1,-1,-1
37,129,479.06,467.51,23.02,64.05,1,-1,-1,-1
37,123,535.74,465.18,23.37,69.82,1,-1,-1,-1
38,102,1325.05,466.29,41.40,102.33,1,-1,-1,-1
38,103,910.42,447.66,47.26,119.41,1,-1,-1,-1
38,105,228.50,439.82,122.00,293.20,1,-1,-1,-1
38,106,833.09,453.58,33.29,88.90,1,-1,-1,-1
38,107,1231.26,415.31,99.63,323.56,1,-1,-1,-1
38,108,66.46,457.41,83.24,202.61,1,-1,-1,-1
38,109,864.51,456.98,42.78,110.40,1,-1,-1,-1
38,113,165.44,471.09,66.46,182.10,1,-1,-1,-1
38,114,558.38,466.87,24.33,76.68,1,-1,-1,-1
38,128,453.21,469.63,23.45,60.86,1,-1,-1,-1
38,104,1114.03,457.15,73.02,174.46,1,-1,-1,-1
38,123,532.64,466.29,23.05,68.20,1,-1,-1,-1
38,118,479.13,467.43,22.76,63.57,1,-1,-1,-1
39,102,1321.73,463.93,40.46,105.02,1,-1,-1,-1
39,103,905.11,445.70,48.66,120.79,1,-1,-1,-1
39,105,219.98,437.96,124.96,293.51,1,-1,-1,-1
39,106,829.66,451.46,32.63,89.15,1,-1,-1,-1
39,107,1228.11,414.79,102.73,322.67,1,-1,-1,-1
39,108,57.24,450.52,88.95,207.32,1,-1,-1,-1
39,109,858.67,456.07,43.49,108.59,1,-1,-1,-1
39,113,157.61,471.24,66.09,181.34,1,-1,-1,-1
39,114,548.75,465.00,23.96,75.99,1,-1,-1,-1
39,128,448.68,467.28,22.94,61.21,1,-1,-1,-1
39,104,1108.74,454.26,73.19,176.01,1,-1,-1,-1
39,118,473.64,465.18,22.80,64.54,1,-1,-1,-1
39,131,433.68,468.81,22.38,58.28,1,-1,-1,-1
40,102,1316.15,458.37,39.44,112.39,1,-1,-1,-1
40,103,896.09,443.31,47.81,119.79,1,-1,-1,-1
40,105,202.23,436.73,130.49,296.42,1,-1,-1,-1
40,106,819.27,445.96,33.89,92.05,1,-1,-1,-1
40,107,1225.32,412.26,108.98,328.11,1,-1,-1,-1
40,108,42.01,451.28,90.39,206.34,1,-1,-1,-1
40,109,851.99,453.29,42.57,109.52,1,-1,-1,-1
40,113,139.38,468.37,67.61,179.37,1,-1,-1,-1
40,114,537.52,464.59,24.09,75.54,1,-1,-1,-1
40,128,434.85,465.69,22.27,59.29,1,-1,-1,-1
40,104,1096.39,450.06,72.92,175.39,1,-1,-1,-1
40,118,464.81,462.71,23.48,65.08,1,-1,-1,-1
40,119,450.07,463.97,22.28,61.90,1,-1,-1,-1
40,123,507.95,462.08,23.79,70.42,1,-1,-1,-1
41,102,1311.03,453.09,41.34,123.26,1,-1,-1,-1
41,103,891.13,440.55,47.21,120.29,1,-1,-1,-1
41,105,191.23,437.56,133.58,294.56,1,-1,-1,-1
41,106,816.63,444.15,33.61,91.50,1,-1,-1,-1
41,107,1224.32,415.31,112.23,324.22,1,-1,-1,-1
41,108,32.74,452.28,92.73,203.02,1,-1,-1,-1
41,109,848.89,453.10,40.35,108.61,1,-1,-1,-1
41,113,132.54,466.72,65.77,180.13,1,-1,-1,-1
41,114,530.91,462.18,23.94,76.05,1,-1,-1,-1
41,128,430.93,463.05,22.36,58.93,1,-1,-1,-1
41,104,1091.44,446.14,71.37,173.22,1,-1,-1,-1
41,118,457.45,459.71,22.95,64.97,1,-1,-1,-1
41,134,737.11,456.25,27.17,69.68,1,-1,-1,-1
41,119,445.33,461.01,21.78,62.44,1,-1,-1,-1
41,123,508.75,459.93,23.25,71.80,1,-1,-1,-1
42,103,884.45,439.92,48.55,119.28,1,-1,-1,-1
42,105,181.16,434.65,136.28,299.33,1,-1,-1,-1
42,106,811.81,442.48,33.12,92.12,1,-1,-1,-1
42,107,1222.10,411.52,117.52,328.22,1,-1,-1,-1
42,108,25.22,453.80,92.34,201.71,1,-1,-1,-1
42,109,842.65,450.73,39.33,108.27,1,-1,-1,-1
42,113,125.52,466.45,66.76,185.00,1,-1,-1,-1
42,114,524.48,460.76,24.29,77.23,1,-1,-1,-1
42,128,425.17,460.96,21.48,58.66,1,-1,-1,-1
42,104,1083.82,443.51,72.16,173.75,1,-1,-1,-1
42,118,452.44,458.91,22.68,64.26,1,-1,-1,-1
42,134,732.25,452.33,26.77,71.28,1,-1,-1,-1
43,103,878.34,438.49,49.05,117.56,1,-1,-1,-1
43,105,167.76,429.51,139.49,308.48,1,-1,-1,-1
43,106,804.60,441.89,34.67,89.38,1,-1,-1,-1
43,107,1220.49,408.20,120.97,331.54,1,-1,-1,-1
43,108,20.27,453.81,88.10,203.37,1,-1,-1,-1
43,109,835.24,447.35,41.68,109.83,1,-1,-1,-1
43,113,115.72,464.31,68.40,187.54,1,-1,-1,-1
43,114,517.99,459.36,24.63,77.87,1,-1,-1,-1
43,128,419.49,459.46,21.68,59.16,1,-1,-1,-1
43,104,1077.79,440.52,71.86,174.69,1,-1,-1,-1
43,118,453.44,458.00,22.65,64.44,1,-1,-1,-1
43,134,726.69,451.58,28.91,71.96,1,-1,-1,-1
43,129,441.75,458.90,21.12,61.00,1,-1,-1,-1
44,103,873.95,437.56,48.77,119.13,1,-1,-1,-1
44,105,153.66,431.69,143.30,301.30,1,-1,-1,-1
44,106,801.35,440.99,33.41,89.91,1,-1,-1,-1
44,107,1218.38,408.03,121.99,337.06,1,-1,-1,-1
44,108,10.22,451.14,88.74,205.20,1,-1,-1,-1
44,109,830.27,445.44,41.94,110.93,1,-1,-1,-1
44,113,110.22,463.80,59.69,181.46,1,-1,-1,-1
44,114,512.93,459.10,24.75,78.63,1,-1,-1,-1
44,128,417.74,460.02,21.69,59.89,1,-1,-1,-1
44,104,1071.45,439.10,73.47,176.14,1,-1,-1,-1
44,118,444.84,458.76,22.11,63.91,1,-1,-1,-1
44,134,721.66,451.48,30.00,70.55,1,-1,-1,-1
44,131,406.94,460.23,20.65,58.51,1,-1,-1,-1
45,103,869.05,435.93,47.48,120.60,1,-1,-1,-1
45,105,132.25,424.55,148.19,316.40,1,-1,-1,-1
45,106,792.60,439.22,34.30,91.85,1,-1,-1,-1
45,107,1217.95,404.35,120.99,346.03,1,-1,-1,-1
45,108,0.75,451.27,86.54,207.89,1,-1,-1,-1
45,109,823.70,445.96,41.64,108.26,1,-1,-1,-1
45,114,505.76,459.81,25.03,77.33,1,-1,-1,-1
45,128,408.28,460.63,21.67,59.29,1,-1,-1,-1
45,104,1063.32,436.77,73.73,177.83,1,-1,-1,-1
45,118,435.91,459.17,22.34,63.76,1,-1,-1,-1
45,134,714.78,451.27,28.84,68.90,1,-1,-1,-1
45,136,457.73,459.50,23.83,67.29,1,-1,-1,-1
45,119,422.11,458.78,22.84,63.01,1,-1,-1,-1
46,103,865.73,437.62,47.93,119.71,1,-1,-1,-1
46,105,112.90,428.23,156.30,323.90,1,-1,-1,-1
46,106,788.53,439.38,33.54,92.57,1,-1,-1,-1
46,107,1219.42,405.06,120.39,349.02,1,-1,-1,-1
46,108,-1.65,453.37,79.81,209.14,1,-1,-1,-1
46,109,820.76,447.46,40.21,108.36,1,-1,-1,-1
46,114,498.81,460.35,26.83,79.97,1,-1,-1,-1
46,128,402.08,463.03,21.46,58.62,1,-1,-1,-1
46,104,1056.31,437.02,73.56,176.78,1,-1,-1,-1
46,118,428.06,460.82,22.30,63.06,1,-1,-1,-1
46,134,710.07,450.72,28.06,72.32,1,-1,-1,-1
46,136,440.33,457.90,36.00,69.69,1,-1,-1,-1
46,123,479.74,460.76,23.85,71.11,1,-1,-1,-1
47,103,862.03,437.06,47.27,118.66,1,-1,-1,-1
47,105,103.47,424.84,154.73,327.34,1,-1,-1,-1
47,106,784.94,440.44,34.78,89.62,1,-1,-1,-1
47,107,1221.40,398.21,120.72,359.67,1,-1,-1,-1
47,108,-1.14,450.88,68.90,210.11,1,-1,-1,-1
47,109,815.92,444.39,40.87,110.62,1,-1,-1,-1
47,114,494.40,457.63,26.28,80.22,1,-1,-1,-1
47,128,397.67,459.51,21.21,61.05,1,-1,-1,-1
47,104,1050.88,436.96,71.88,175.08,1,-1,-1,-1
47,118,426.21,457.98,22.77,64.08,1,-1,-1,-1
47,134,705.68,447.49,26.80,71.04,1,-1,-1,-1
47,110,225.33,446.11,65.70,200.06,1,-1,-1,-1
48,103,858.41,437.31,46.71,121.11,1,-1,-1,-1
48,105,83.93,432.12,160.99,327.79,1,-1,-1,-1
48,106,780.63,442.42,35.15,90.75,1,-1,-1,-1
48,107,1223.74,397.44,118.34,363.39,1,-1,-1,-1
48,108,-1.58,452.53,58.02,212.09,1,-1,-1,-1
48,109,809.29,445.67,41.84,110.22,1,-1,-1,-1
48,114,487.35,459.48,26.80,80.43,1,-1,-1,-1
48,128,391.06,463.02,22.07,60.24,1,-1,-1,-1
48,104,1043.28,439.92,71.48,174.56,1,-1,-1,-1
48,118,423.86,461.82,22.43,63.66,1,-1,-1,-1
48,134,699.96,446.53,27.14,71.48,1,-1,-1,-1
48,110,216.16,447.55,69.10,205.27,1,-1,-1,-1
48,129,410.89,461.85,20.96,61.88,1,-1,-1,-1
48,136,436.13,458.72,40.63,70.94,1,-1,-1,-1
49,103,852.70,438.28,46.93,120.12,1,-1,-1,-1
49,105,70.24,434.23,159.87,327.32,1,-1,-1,-1
49,106,775.06,443.93,34.42,86.27,1,-1,-1,-1
49,107,1228.20,396.98,112.57,370.18,1,-1,-1,-1
49,108,3.11,449.53,38.59,215.45,1,-1,-1,-1
49,109,802.42,445.38,42.38,111.38,1,-1,-1,-1
49,114,483.06,459.55,27.14,80.16,1,-1,-1,-1
49,128,387.90,461.93,22.29,61.77,1,-1,-1,-1
49,104,1036.73,439.90,73.75,174.91,1,-1,-1,-1
49,134,694.45,446.42,28.13,72.45,1,-1,-1,-1
49,110,208.98,447.76,70.46,203.88,1,-1,-1,-1
49,129,407.50,459.72,21.58,63.69,1,-1,-1,-1
49,136,430.77,458.80,28.68,68.76,1,-1,-1,-1
49,131,375.28,461.87,20.44,57.58,1,-1,-1,-1
50,103,848.71,435.67,45.05,117.80,1,-1,-1,-1
50,105,51.57,433.08,160.01,332.37,1,-1,-1,-1
50,106,767.42,441.12,35.74,90.58,1,-1,-1,-1
50,107,1234.30,392.01,105.37,377.41,1,-1,-1,-1
50,109,797.12,442.99,43.00,112.45,1,-1,-1,-1
50,114,474.83,457.30,27.58,81.12,1,-1,-1,-1
50,128,384.27,460.33,21.90,61.10,1,-1,-1,-1
50,104,1027.40,437.86,71.90,176.43,1,-1,-1,-1
50,134,687.59,447.12,28.47,71.73,1,-1,-1,-1
50,110,192.76,447.32,71.59,205.17,1,-1,-1,-1
50,136,431.05,458.65,23.95,66.58,1,-1,-1,-1
50,138,884.58,438.09,33.86,104.51,1,-1,-1,-1
50,131,370.06,461.22,20.20,56.88,1,-1,-1,-1
50,118,408.38,459.29,21.90,63.24,1,-1,-1,-1
51,103,843.64,437.94,44.10,118.52,1,-1,-1,-1
51,105,37.35,429.55,160.29,342.23,1,-1,-1,-1
51,106,763.18,442.62,34.82,90.38,1,-1,-1,-1
51,107,1238.91,390.39,100.10,387.01,1,-1,-1,-1
51,109,794.62,445.54,40.10,110.88,1,-1,-1,-1
51,114,470.58,458.33,27.13,81.44,1,-1,-1,-1
51,104,1023.87,441.03,68.70,174.29,1,-1,-1,-1
51,134,682.57,448.54,28.31,71.97,1,-1,-1,-1
51,110,184.53,447.02,71.22,205.52,1,-1,-1,-1
51,136,432.58,459.35,23.08,67.13,1,-1,-1,-1
51,138,880.83,437.36,34.34,107.11,1,-1,-1,-1
51,131,369.70,460.85,20.59,58.35,1,-1,-1,-1
51,118,403.46,459.87,22.44,62.85,1,-1,-1,-1
51,119,388.47,459.88,22.18,61.70,1,-1,-1,-1
52,103,837.89,436.69,45.38,119.21,1,-1,-1,-1
52,105,22.90,424.68,166.40,348.28,1,-1,-1,-1
52,106,761.33,439.78,34.91,92.37,1,-1,-1,-1
52,107,1239.74,388.77,101.83,388.37,1,-1,-1,-1
52,109,790.09,443.40,39.15,109.75,1,-1,-1,-1
52,114,464.99,454.94,28.12,82.15,1,-1,-1,-1
52,104,1016.31,440.98,69.12,172.97,1,-1,-1,-1
52,134,677.82,444.94,28.02,72.67,1,-1,-1,-1
52,110,174.28,443.79,74.28,205.57,1,-1,-1,-1
52,138,874.31,437.44,36.02,108.36,1,-1,-1,-1
52,131,366.59,457.78,21.37,58.82,1,-1,-1,-1
52,118,400.62,455.42,22.01,64.39,1,-1,-1,-1
52,129,387.85,455.58,21.27,63.28,1,-1,-1,-1
53,103,832.66,435.17,46.82,119.71,1,-1,-1,-1
53,105,12.79,421.16,171.70,353.82,1,-1,-1,-1
53,106,757.12,440.34,36.03,90.13,1,-1,-1,-1
53,107,1241.53,386.66,103.54,390.84,1,-1,-1,-1
53,109,785.22,441.84,40.22,109.49,1,-1,-1,-1
53,114,460.86,453.11,27.86,83.45,1,-1,-1,-1
53,104,1007.05,438.22,71.08,174.71,1,-1,-1,-1
53,134,674.30,441.82,27.54,75.03,1,-1,-1,-1
53,110,166.97,442.22,74.88,203.47,1,-1,-1,-1
53,138,869.47,437.25,39.92,106.49,1,-1,-1,-1
53,131,358.19,456.87,20.91,58.92,1,-1,-1,-1
53,118,398.01,453.30,22.07,64.94,1,-1,-1,-1
53,129,385.22,454.03,22.12,62.42,1,-1,-1,-1
53,128,368.46,456.13,25.28,62.88,1,-1,-1,-1
54,103,826.69,431.05,47.55,120.81,1,-1,-1,-1
54,105,3.83,417.71,161.85,360.68,1,-1,-1,-1
54,106,752.97,438.12,36.17,91.44,1,-1,-1,-1
54,107,1242.40,384.44,105.57,400.62,1,-1,-1,-1
54,109,778.75,438.53,39.93,110.45,1,-1,-1,-1
54,114,454.41,450.00,27.72,80.43,1,-1,-1,-1
54,104,998.87,432.83,72.23,177.01,1,-1,-1,-1
54,134,668.60,439.65,27.33,75.18,1,-1,-1,-1
54,110,157.09,438.59,75.78,205.61,1,-1,-1,-1
54,138,866.26,433.53,40.16,107.17,1,-1,-1,-1
54,131,354.88,454.06,21.81,60.14,1,-1,-1,-1
54,118,392.77,451.57,22.79,65.39,1,-1,-1,-1
54,136,426.68,448.46,25.89,71.62,1,-1,-1,-1
54,119,367.88,450.90,26.15,65.54,1,-1,-1,-1
55,103,818.77,426.32,45.46,120.71,1,-1,-1,-1
55,105,-4.63,411.13,150.53,369.40,1,-1,-1,-1
55,106,742.46,433.66,36.97,92.05,1,-1,-1,-1
55,107,1239.92,377.87,117.41,411.12,1,-1,-1,-1
55,109,766.43,432.07,43.20,112.55,1,-1,-1,-1
55,114,445.39,446.33,28.61,79.70,1,-1,-1,-1
55,104,987.10,426.61,73.28,177.14,1,-1,-1,-1
55,134,661.37,436.71,27.48,72.15,1,-1,-1,-1
55,110,138.93,436.27,76.39,206.01,1,-1,-1,-1
55,138,858.66,429.72,40.85,108.65,1,-1,-1,-1
55,131,342.87,451.48,22.23,60.18,1,-1,-1,-1
55,118,386.56,446.77,23.47,66.40,1,-1,-1,-1
55,136,415.12,443.20,26.88,72.06,1,-1,-1,-1
55,129,370.35,448.00,25.21,64.59,1,-1,-1,-1
55,128,354.24,450.53,22.86,62.16,1,-1,-1,-1
56,103,813.51,425.67,45.81,121.76,1,-1,-1,-1
56,105,-5.00,412.92,136.09,375.44,1,-1,-1,-1
56,106,736.78,433.83,37.05,90.80,1,-1,-1,-1
56,107,1239.80,376.95,123.78,415.83,1,-1,-1,-1
56,109,761.76,430.78,42.63,113.30,1,-1,-1,-1
56,114,436.20,446.39,28.53,78.01,1,-1,-1,-1
56,104,980.42,425.79,74.54,179.48,1,-1,-1,-1
56,134,658.95,438.03,26.91,69.68,1,-1,-1,-1
56,110,129.39,436.64,75.94,208.53,1,-1,-1,-1
56,138,854.66,428.04,41.15,111.13,1,-1,-1,-1
56,131,338.40,451.53,22.57,61.71,1,-1,-1,-1
56,118,386.97,446.83,24.89,67.23,1,-1,-1,-1
56,136,410.77,447.30,25.71,68.87,1,-1,-1,-1
56,129,370.91,448.01,24.02,66.13,1,-1,-1,-1
56,119,351.66,449.48,23.09,63.73,1,-1,-1,-1
57,103,806.51,425.91,45.44,120.55,1,-1,-1,-1
57,105,-4.15,417.71,119.46,364.37,1,-1,-1,-1
57,106,731.94,434.09,35.85,91.65,1,-1,-1,-1
57,107,1240.62,378.87,129.29,419.14,1,-1,-1,-1
57,109,757.57,430.58,41.94,114.22,1,-1,-1,-1
57,104,974.01,424.64,74.62,178.69,1,-1,-1,-1
57,134,653.50,437.71,26.54,69.79,1,-1,-1,-1
57,110,118.69,438.08,77.47,205.68,1,-1,-1,-1
57,138,849.18,427.13,42.10,111.79,1,-1,-1,-1
57,131,336.54,452.02,20.70,61.15,1,-1,-1,-1
57,118,381.95,447.27,30.10,68.92,1,-1,-1,-1
57,136,406.79,449.29,24.07,67.01,1,-1,-1,-1
57,129,369.22,448.69,23.22,65.95,1,-1,-1,-1
57,119,351.65,450.02,21.75,62.71,1,-1,-1,-1
57,123,422.04,449.32,25.48,69.32,1,-1,-1,-1
58,103,799.62,423.48,45.77,122.24,1,-1,-1,-1
58,105,3.42,425.65,106.16,348.58,1,-1,-1,-1
58,106,725.04,429.94,36.05,91.84,1,-1,-1,-1
58,107,1242.30,377.81,131.56,426.60,1,-1,-1,-1
58,109,753.09,430.05,41.29,114.32,1,-1,-1,-1
58,104,967.42,425.08,74.84,176.41,1,-1,-1,-1
58,134,648.62,436.50,25.94,68.91,1,-1,-1,-1
58,110,108.67,438.56,79.35,206.19,1,-1,-1,-1
58,138,845.85,425.86,43.22,111.61,1,-1,-1,-1
58,131,331.73,451.93,20.98,60.47,1,-1,-1,-1
58,118,386.70,448.74,25.82,67.12,1,-1,-1,-1
58,136,406.45,450.57,24.10,64.91,1,-1,-1,-1
58,129,367.57,449.41,22.66,65.21,1,-1,-1,-1
58,119,351.42,450.18,21.47,61.84,1,-1,-1,-1
59,103,794.33,423.73,46.71,122.61,1,-1,-1,-1
59,105,10.08,443.82,92.08,262.49,1,-1,-1,-1
59,106,719.55,431.71,35.67,88.34,1,-1,-1,-1
59,107,1244.79,380.56,133.06,425.14,1,-1,-1,-1
59,109,747.76,431.16,41.52,113.88,1,-1,-1,-1
59,104,962.51,426.43,72.56,173.89,1,-1,-1,-1
59,134,644.77,435.49,25.86,70.41,1,-1,-1,-1
59,110,101.64,440.01,78.89,206.04,1,-1,-1,-1
59,138,842.34,425.61,43.75,110.37,1,-1,-1,-1
59,131,328.44,452.69,20.88,60.54,1,-1,-1,-1
59,136,401.47,453.16,21.97,63.93,1,-1,-1,-1
59,129,365.90,451.07,22.38,64.38,1,-1,-1,-1
59,128,340.70,448.92,20.06,66.17,1,-1,-1,-1
60,103,788.51,424.72,43.76,122.12,1,-1,-1,-1
60,105,14.69,444.84,75.77,220.57,1,-1,-1,-1
60,106,711.75,432.25,33.37,89.19,1,-1,-1,-1
60,107,1249.40,379.82,131.81,429.40,1,-1,-1,-1
60,109,737.94,433.39,43.50,113.70,1,-1,-1,-1
60,104,955.31,432.18,71.09,171.76,1,-1,-1,-1
60,134,637.61,437.55,26.68,70.01,1,-1,-1,-1
60,110,89.72,442.96,78.70,205.41,1,-1,-1,-1
60,138,836.12,427.44,43.76,111.33,1,-1,-1,-1
60,131,314.39,456.03,21.13,59.33,1,-1,-1,-1
60,136,393.50,458.60,22.66,59.91,1,-1,-1,-1
60,129,355.57,451.24,22.44,66.95,1,-1,-1,-1
60,128,330.45,452.33,20.72,64.11,1,-1,-1,-1
60,118,372.79,452.45,23.68,65.58,1,-1,-1,-1
60,119,341.70,450.47,20.84,68.81,1,-1,-1,-1
61,103,785.86,424.72,43.42,120.35,1,-1,-1,-1
61,105,17.92,449.19,67.84,200.61,1,-1,-1,-1
61,106,713.82,434.22,35.43,88.47,1,-1,-1,-1
61,107,1258.48,376.73,124.03,443.56,1,-1,-1,-1
61,109,736.93,433.40,43.72,110.90,1,-1,-1,-1
61,104,953.03,432.96,71.90,170.70,1,-1,-1,-1
61,134,636.34,436.04,27.07,68.89,1,-1,-1,-1
61,110,82.40,440.70,81.26,210.10,1,-1,-1,-1
61,138,834.28,428.06,43.52,112.34,1,-1,-1,-1
61,136,388.47,462.02,22.66,57.01,1,-1,-1,-1
61,128,329.09,452.82,21.55,61.98,1,-1,-1,-1
61,118,373.35,454.59,22.81,64.01,1,-1,-1,-1
61,119,345.58,451.63,21.17,64.86,1,-1,-1,-1
61,102,1230.31,435.30,45.10,118.35,1,-1,-1,-1
62,103,782.42,425.17,43.78,120.80,1,-1,-1,-1
62,105,10.26,451.78,69.87,195.58,1,-1,-1,-1
62,106,711.87,437.61,31.77,86.98,1,-1,-1,-1
62,107,1262.50,377.31,128.32,444.20,1,-1,-1,-1
62,109,731.90,436.12,44.46,111.17,1,-1,-1,-1
62,104,946.86,434.45,71.56,169.91,1,-1,-1,-1
62,134,633.23,438.61,27.36,69.14,1,-1,-1,-1
62,110,75.47,441.11,83.00,214.25,1,-1,-1,-1
62,138,832.70,428.87,44.19,113.69,1,-1,-1,-1
62,128,324.99,454.46,20.94,61.18,1,-1,-1,-1
62,118,367.82,456.30,22.66,63.32,1,-1,-1,-1
62,102,1226.79,438.27,42.60,113.90,1,-1,-1,-1
62,131,305.41,457.08,19.58,59.49,1,-1,-1,-1
62,129,353.69,452.76,21.66,65.35,1,-1,-1,-1
63,103,782.99,425.47,43.63,120.66,1,-1,-1,-1
63,105,8.81,449.29,68.97,195.47,1,-1,-1,-1
63,106,713.01,438.41,28.07,86.74,1,-1,-1,-1
63,107,1269.84,376.39,135.34,447.64,1,-1,-1,-1
63,109,730.82,436.75,43.78,110.49,1,-1,-1,-1
63,104,944.99,433.04,71.76,170.28,1,-1,-1,-1
63,134,633.50,438.38,27.74,69.85,1,-1,-1,-1
63,110,71.80,443.41,81.77,207.53,1,-1,-1,-1
63,138,833.81,429.33,44.05,112.88,1,-1,-1,-1
63,128,320.96,455.39,20.78,59.89,1,-1,-1,-1
63,118,366.31,454.61,22.03,64.03,1,-1,-1,-1
63,102,1226.91,439.93,42.02,110.54,1,-1,-1,-1
63,131,301.04,456.94,20.23,59.55,1,-1,-1,-1
63,119,347.80,452.15,21.76,65.97,1,-1,-1,-1
64,103,782.11,424.74,44.48,121.52,1,-1,-1,-1
64,105,6.68,450.79,67.76,196.46,1,-1,-1,-1
64,107,1277.23,371.62,143.33,455.65,1,-1,-1,-1
64,109,730.73,436.10,43.80,110.83,1,-1,-1,-1
64,104,943.88,432.05,71.45,168.62,1,-1,-1,-1
64,134,633.95,438.03,27.62,69.25,1,-1,-1,-1
64,110,67.65,444.47,84.01,207.70,1,-1,-1,-1
64,138,834.71,426.15,44.27,115.25,1,-1,-1,-1
64,128,323.23,454.62,20.51,59.01,1,-1,-1,-1
64,118,365.77,455.87,22.13,61.50,1,-1,-1,-1
64,102,1227.36,437.35,42.11,109.98,1,-1,-1,-1
64,131,308.38,456.53,20.81,58.51,1,-1,-1,-1
64,119,351.95,453.43,21.10,64.51,1,-1,-1,-1
65,103,776.76,423.73,46.47,124.13,1,-1,-1,-1
65,105,2.26,459.09,65.61,191.01,1,-1,-1,-1
65,107,1280.20,366.07,154.13,471.04,1,-1,-1,-1
65,109,726.91,434.24,42.37,113.36,1,-1,-1,-1
65,104,937.81,429.88,72.62,173.29,1,-1,-1,-1
65,134,631.02,436.74,27.57,70.68,1,-1,-1,-1
65,110,59.24,441.23,84.99,214.28,1,-1,-1,-1
65,138,833.80,424.71,43.61,116.79,1,-1,-1,-1
65,128,324.42,451.83,22.30,60.01,1,-1,-1,-1
65,102,1226.71,437.53,41.01,109.29,1,-1,-1,-1
65,131,304.92,452.34,20.71,59.35,1,-1,-1,-1
65,119,346.04,450.85,22.88,64.91,1,-1,-1,-1
66,103,775.30,423.36,45.41,122.54,1,-1,-1,-1
66,105,1.92,451.23,62.05,198.21,1,-1,-1,-1
66,107,1287.12,360.57,178.30,479.76,1,-1,-1,-1
66,109,725.91,432.22,42.64,114.98,1,-1,-1,-1
66,104,933.92,426.08,71.54,175.61,1,-1,-1,-1
66,134,630.13,434.72,27.99,72.03,1,-1,-1,-1
66,110,56.02,439.67,83.74,213.41,1,-1,-1,-1
66,138,834.80,423.72,43.42,116.37,1,-1,-1,-1
66,128,330.40,450.47,22.08,61.29,1,-1,-1,-1
66,102,1227.97,434.89,41.04,111.49,1,-1,-1,-1
66,131,312.61,452.50,21.04,58.24,1,-1,-1,-1
66,119,347.95,450.43,22.65,62.43,1,-1,-1,-1
67,103,771.30,421.31,46.37,123.55,1,-1,-1,-1
67,105,0.97,444.73,53.89,204.85,1,-1,-1,-1
67,107,1295.71,359.67,186.90,491.33,1,-1,-1,-1
67,109,723.45,430.78,42.38,115.70,1,-1,-1,-1
67,104,929.43,424.31,71.49,178.17,1,-1,-1,-1
67,134,628.21,433.15,27.94,72.40,1,-1,-1,-1
67,110,51.73,438.48,83.92,211.40,1,-1,-1,-1
67,138,833.59,421.44,43.84,118.27,1,-1,-1,-1
67,128,329.00,449.04,22.11,61.96,1,-1,-1,-1
67,102,1226.05,433.53,41.38,113.17,1,-1,-1,-1
67,131,308.56,450.92,20.17,59.14,1,-1,-1,-1
68,103,768.25,420.35,47.10,122.92,1,-1,-1,-1
68,105,0.58,442.86,44.46,205.99,1,-1,-1,-1
68,107,1305.01,359.92,194.87,495.28,1,-1,-1,-1
68,109,721.64,428.91,42.28,115.89,1,-1,-1,-1
68,104,926.71,423.32,71.46,177.15,1,-1,-1,-1
68,134,625.59,430.64,27.44,72.53,1,-1,-1,-1
68,110,48.43,433.94,86.92,215.77,1,-1,-1,-1
68,138,832.78,418.49,43.64,119.61,1,-1,-1,-1
68,128,324.19,447.29,22.11,61.15,1,-1,-1,-1
68,102,1225.40,432.25,41.84,114.08,1,-1,-1,-1
68,131,307.74,448.31,20.63,58.74,1,-1,-1,-1
69,103,768.39,417.97,47.75,123.16,1,-1,-1,-1
69,105,0.98,451.34,41.29,193.62,1,-1,-1,-1
69,107,1311.35,361.62,208.81,497.21,1,-1,-1,-1
69,109,721.24,426.14,43.28,116.56,1,-1,-1,-1
69,104,924.48,421.51,71.32,175.38,1,-1,-1,-1
69,134,626.02,426.73,27.28,73.24,1,-1,-1,-1
69,110,44.15,431.59,86.15,214.01,1,-1,-1,-1
69,138,834.18,413.89,43.20,119.59,1,-1,-1,-1
69,128,320.71,444.61,21.66,62.18,1,-1,-1,-1
69,102,1226.72,429.51,41.59,114.59,1,-1,-1,-1
69,131,307.35,444.65,20.68,60.99,1,-1,-1,-1
69,141,526.45,427.94,36.41,90.04,1,-1,-1,-1
70,103,764.49,417.07,47.64,123.71,1,-1,-1,-1
70,105,2.11,464.31,35.01,178.52,1,-1,-1,-1
70,107,1323.35,362.22,216.83,503.65,1,-1,-1,-1
70,109,717.74,425.33,42.83,115.61,1,-1,-1,-1
70,104,919.77,423.21,70.69,171.59,1,-1,-1,-1
70,134,623.60,426.14,27.15,74.34,1,-1,-1,-1
70,110,36.88,433.85,85.86,210.08,1,-1,-1,-1
70,138,833.57,413.12,41.92,118.29,1,-1,-1,-1
70,102,1226.51,427.57,41.79,116.18,1,-1,-1,-1
70,141,502.16,423.48,46.22,117.12,1,-1,-1,-1
71,103,761.77,416.63,46.72,123.28,1,-1,-1,-1
71,107,1333.71,362.85,213.84,519.08,1,-1,-1,-1
71,109,715.61,425.42,42.12,112.88,1,-1,-1,-1
71,104,915.10,423.25,70.53,169.64,1,-1,-1,-1
71,134,621.62,426.24,27.95,73.43,1,-1,-1,-1
71,110,32.56,433.11,83.84,208.95,1,-1,-1,-1
71,138,832.49,413.01,41.83,117.53,1,-1,-1,-1
71,102,1225.36,426.90,41.95,116.48,1,-1,-1,-1
71,141,489.97,419.92,49.73,127.99,1,-1,-1,-1
72,103,760.52,415.69,46.42,123.72,1,-1,-1,-1
72,107,1341.94,361.42,209.25,529.75,1,-1,-1,-1
72,109,713.23,423.41,42.18,114.73,1,-1,-1,-1
72,104,911.23,421.40,72.42,170.42,1,-1,-1,-1
72,134,620.33,426.23,27.49,72.42,1,-1,-1,-1
72,110,26.71,432.29,82.74,211.68,1,-1,-1,-1
72,138,832.87,413.24,41.32,117.11,1,-1,-1,-1
72,102,1224.89,425.51,42.66,118.80,1,-1,-1,-1
72,141,484.26,419.30,50.66,132.27,1,-1,-1,-1
72,142,526.19,428.60,37.50,91.14,1,-1,-1,-1
73,103,759.68,415.71,46.76,124.03,1,-1,-1,-1
73,107,1347.50,359.51,209.49,538.27,1,-1,-1,-1
73,109,712.76,423.18,41.92,114.23,1,-1,-1,-1
73,104,909.26,420.45,72.97,172.66,1,-1,-1,-1
73,134,620.03,426.60,27.04,71.76,1,-1,-1,-1
73,110,22.33,430.09,83.63,214.36,1,-1,-1,-1
73,138,833.76,413.93,40.77,116.68,1,-1,-1,-1
73,102,1225.07,425.50,43.11,120.19,1,-1,-1,-1
73,141,482.97,419.96,50.00,133.43,1,-1,-1,-1
73,142,527.18,428.16,37.46,92.86,1,-1,-1,-1
74,103,758.78,416.09,46.16,123.70,1,-1,-1,-1
74,107,1357.12,356.52,204.21,551.00,1,-1,-1,-1
74,109,711.52,424.11,41.70,112.80,1,-1,-1,-1
74,104,907.06,421.66,72.10,172.96,1,-1,-1,-1
74,134,618.55,427.19,27.50,71.67,1,-1,-1,-1
74,110,16.99,429.06,81.14,212.91,1,-1,-1,-1
74,138,832.91,414.88,40.72,117.13,1,-1,-1,-1
74,102,1224.96,425.98,42.82,120.14,1,-1,-1,-1
74,141,480.32,420.72,50.92,134.15,1,-1,-1,-1
74,142,526.39,429.32,38.81,91.82,1,-1,-1,-1
75,103,754.29,418.93,47.45,123.91,1,-1,-1,-1
75,107,1374.25,347.84,193.57,578.99,1,-1,-1,-1
75,109,705.86,427.63,43.41,114.39,1,-1,-1,-1
75,104,900.92,424.99,72.25,172.99,1,-1,-1,-1
75,134,614.19,430.12,27.57,70.88,1,-1,-1,-1
75,110,8.17,431.29,75.90,212.60,1,-1,-1,-1
75,138,829.01,418.51,41.48,117.63,1,-1,-1,-1
75,102,1222.90,430.63,42.83,119.58,1,-1,-1,-1
75,141,475.62,426.54,50.14,131.45,1,-1,-1,-1
75,142,523.91,430.36,37.93,91.16,1,-1,-1,-1
76,103,753.10,419.06,47.61,123.04,1,-1,-1,-1
76,107,1389.65,344.27,186.30,588.60,1,-1,-1,-1
76,109,704.61,427.65,43.86,113.91,1,-1,-1,-1
76,104,897.36,424.99,72.52,172.28,1,-1,-1,-1
76,134,613.09,429.20,27.99,70.73,1,-1,-1,-1
76,110,3.65,428.53,75.14,214.44,1,-1,-1,-1
76,138,827.59,419.00,42.65,116.59,1,-1,-1,-1
76,102,1222.71,431.55,43.44,119.66,1,-1,-1,-1
76,141,473.83,424.92,51.00,130.64,1,-1,-1,-1
76,142,523.59,428.70,36.93,91.46,1,-1,-1,-1
77,103,752.10,420.43,47.60,122.75,1,-1,-1,-1
77,107,1403.68,343.02,181.80,603.78,1,-1,-1,-1
77,109,702.99,429.61,43.30,112.52,1,-1,-1,-1
77,104,894.16,425.22,73.19,173.46,1,-1,-1,-1
77,134,611.83,430.18,29.38,72.27,1,-1,-1,-1
77,110,0.78,428.56,69.65,215.77,1,-1,-1,-1
77,138,827.44,419.66,43.02,117.77,1,-1,-1,-1
77,102,1223.26,432.89,43.67,119.73,1,-1,-1,-1
77,141,471.67,425.61,51.13,128.28,1,-1,-1,-1
77,142,524.55,427.62,36.13,95.02,1,-1,-1,-1
78,103,750.06,420.25,48.04,123.59,1,-1,-1,-1
78,107,1422.18,340.02,173.74,616.96,1,-1,-1,-1
78,109,700.98,428.97,43.20,113.74,1,-1,-1,-1
78,104,891.34,424.83,72.68,176.10,1,-1,-1,-1
78,134,610.36,431.03,29.10,71.40,1,-1,-1,-1
78,110,-0.87,425.93,63.25,220.38,1,-1,-1,-1
78,138,825.80,420.62,42.94,117.23,1,-1,-1,-1
78,102,1221.61,434.09,42.88,118.77,1,-1,-1,-1
78,141,469.06,423.09,52.68,131.37,1,-1,-1,-1
78,142,522.83,426.10,36.63,96.54,1,-1,-1,-1
78,144,34.65,420.98,84.18,201.38,1,-1,-1,-1
78,145,94.05,434.46,55.50,148.14,1,-1,-1,-1
79,103,748.55,420.86,46.62,123.58,1,-1,-1,-1
79,107,1438.16,343.19,167.89,625.66,1,-1,-1,-1
79,109,698.71,428.76,42.90,115.46,1,-1,-1,-1
79,104,888.97,426.49,72.69,175.98,1,-1,-1,-1
79,134,608.49,431.32,29.12,71.34,1,-1,-1,-1
79,110,-1.33,426.87,55.34,220.81,1,-1,-1,-1
79,138,823.88,421.47,43.24,117.88,1,-1,-1,-1
79,102,1220.69,436.21,42.38,117.06,1,-1,-1,-1
79,141,466.59,423.57,52.43,132.09,1,-1,-1,-1
79,142,522.53,424.84,33.78,98.04,1,-1,-1,-1
79,144,28.03,417.24,83.71,208.27,1,-1,-1,-1
79,145,91.87,433.05,56.56,151.71,1,-1,-1,-1
80,103,747.50,419.62,45.29,123.08,1,-1,-1,-1
80,107,1456.78,337.19,176.34,640.05,1,-1,-1,-1
80,109,697.92,428.22,41.41,113.44,1,-1,-1,-1
80,104,882.59,424.31,74.50,176.25,1,-1,-1,-1
80,134,606.03,428.97,28.97,71.84,1,-1,-1,-1
80,110,-1.24,432.15,51.07,205.63,1,-1,-1,-1
80,138,821.19,419.85,44.03,118.93,1,-1,-1,-1
80,102,1220.39,435.95,42.69,116.70,1,-1,-1,-1
80,141,462.92,422.67,53.15,127.76,1,-1,-1,-1
80,142,518.39,424.63,35.91,95.98,1,-1,-1,-1
80,144,27.68,415.93,78.35,203.37,1,-1,-1,-1
80,145,86.21,427.82,57.42,153.94,1,-1,-1,-1
81,103,745.84,418.05,45.09,123.38,1,-1,-1,-1
81,107,1469.31,333.24,180.26,657.15,1,-1,-1,-1
81,109,697.37,426.77,40.13,113.50,1,-1,-1,-1
81,104,876.96,423.12,75.94,174.44,1,-1,-1,-1
81,134,605.25,428.56,28.42,70.87,1,-1,-1,-1
81,110,1.08,433.98,49.92,196.32,1,-1,-1,-1
81,138,820.27,417.95,44.87,120.62,1,-1,-1,-1
81,102,1220.31,435.50,41.96,117.09,1,-1,-1,-1
81,141,459.02,421.73,55.69,127.56,1,-1,-1,-1
81,142,517.68,424.39,36.80,95.58,1,-1,-1,-1
81,144,23.24,414.39,81.34,204.72,1,-1,-1,-1
81,145,85.65,428.12,55.53,151.18,1,-1,-1,-1
82,103,743.46,417.02,46.10,123.82,1,-1,-1,-1
82,107,1482.35,326.30,184.79,684.54,1,-1,-1,-1
82,109,695.66,424.40,41.15,116.23,1,-1,-1,-1
82,104,874.01,421.96,75.44,172.84,1,-1,-1,-1
82,134,604.26,426.72,27.48,71.04,1,-1,-1,-1
82,138,820.72,415.73,44.33,120.73,1,-1,-1,-1
82,102,1219.97,433.29,41.88,120.30,1,-1,-1,-1
82,141,453.49,417.90,59.40,131.33,1,-1,-1,-1
82,142,519.22,423.07,35.41,94.69,1,-1,-1,-1
82,144,17.48,415.00,84.22,201.17,1,-1,-1,-1
82,145,84.40,426.58,56.09,150.00,1,-1,-1,-1
83,103,741.77,415.00,46.57,124.12,1,-1,-1,-1
83,107,1491.57,333.88,200.80,678.43,1,-1,-1,-1
83,109,694.35,422.74,41.36,116.99,1,-1,-1,-1
83,104,872.08,421.99,73.23,172.04,1,-1,-1,-1
83,134,602.87,424.36,27.01,71.24,1,-1,-1,-1
83,138,820.69,413.44,44.47,121.74,1,-1,-1,-1
83,102,1218.45,432.21,42.95,121.88,1,-1,-1,-1
83,141,450.74,415.70,59.46,132.75,1,-1,-1,-1
83,142,519.65,421.29,35.78,97.43,1,-1,-1,-1
83,144,9.28,410.88,86.12,206.49,1,-1,-1,-1
83,145,79.79,423.21,58.92,152.12,1,-1,-1,-1
84,103,740.07,413.62,46.63,124.22,1,-1,-1,-1
84,107,1500.85,330.99,219.50,697.79,1,-1,-1,-1
84,109,692.13,420.07,41.98,117.59,1,-1,-1,-1
84,104,868.58,421.64,71.45,171.40,1,-1,-1,-1
84,134,601.48,421.95,27.31,73.36,1,-1,-1,-1
84,138,820.89,412.30,43.07,120.72,1,-1,-1,-1
84,102,1217.13,431.28,43.22,121.75,1,-1,-1,-1
84,141,446.95,413.58,61.73,134.50,1,-1,-1,-1
84,142,518.48,419.78,36.79,96.57,1,-1,-1,-1
84,144,5.68,407.65,82.97,210.67,1,-1,-1,-1
84,145,75.95,421.70,60.66,152.71,1,-1,-1,-1
85,103,736.40,412.13,47.39,125.93,1,-1,-1,-1
85,107,1516.07,322.96,241.26,736.30,1,-1,-1,-1
85,109,689.67,417.81,43.01,118.48,1,-1,-1,-1
85,104,864.49,419.90,71.93,171.87,1,-1,-1,-1
85,134,599.17,421.33,27.98,73.22,1,-1,-1,-1
85,138,820.57,411.30,43.00,122.77,1,-1,-1,-1
85,102,1216.21,430.22,43.93,120.36,1,-1,-1,-1
85,141,439.98,412.69,64.67,133.65,1,-1,-1,-1
85,142,517.93,418.91,37.81,95.27,1,-1,-1,-1
85,144,0.86,405.87,81.49,209.69,1,-1,-1,-1
85,145,71.77,421.73,60.60,150.52,1,-1,-1,-1
86,103,736.97,411.56,47.45,125.54,1,-1,-1,-1
86,107,1530.09,326.63,245.13,743.85,1,-1,-1,-1
86,109,690.02,416.11,43.12,117.98,1,-1,-1,-1
86,104,863.04,417.60,71.62,172.46,1,-1,-1,-1
86,134,599.67,420.30,27.54,72.37,1,-1,-1,-1
86,138,821.46,410.45,44.09,123.04,1,-1,-1,-1
86,102,1216.96,429.47,43.98,120.39,1,-1,-1,-1
86,141,436.08,412.70,67.13,129.83,1,-1,-1,-1
86,142,520.35,417.59,38.54,96.90,1,-1,-1,-1
86,144,0.58,403.29,82.06,208.98,1,-1,-1,-1
86,145,73.28,424.18,55.07,149.30,1,-1,-1,-1
87,103,734.64,411.22,48.60,126.26,1,-1,-1,-1
87,107,1539.46,323.53,258.44,750.00,1,-1,-1,-1
87,109,688.91,414.92,43.10,117.66,1,-1,-1,-1
87,104,860.25,419.53,70.36,167.73,1,-1,-1,-1
87,134,598.10,419.85,27.76,73.31,1,-1,-1,-1
87,138,821.22,410.96,43.98,123.93,1,-1,-1,-1
87,102,1216.21,429.28,44.26,119.75,1,-1,-1,-1
87,141,434.29,419.51,63.54,113.99,1,-1,-1,-1
87,142,518.61,418.20,39.26,95.86,1,-1,-1,-1
87,144,0.38,400.90,78.16,215.30,1,-1,-1,-1
88,103,732.75,411.59,48.64,125.52,1,-1,-1,-1
88,107,1556.52,322.21,258.87,760.37,1,-1,-1,-1
88,109,686.95,413.61,43.96,119.44,1,-1,-1,-1
88,104,857.87,417.04,70.38,168.83,1,-1,-1,-1
88,134,597.46,420.20,27.23,73.59,1,-1,-1,-1
88,138,821.62,411.92,43.13,123.11,1,-1,-1,-1
88,102,1215.71,428.30,44.44,121.15,1,-1,-1,-1
88,141,432.79,422.72,56.38,99.45,1,-1,-1,-1
88,142,518.41,416.89,40.67,98.37,1,-1,-1,-1
88,144,1.02,401.23,74.26,211.43,1,-1,-1,-1
89,103,729.78,411.46,48.75,121.62,1,-1,-1,-1
89,107,1582.19,334.38,256.05,747.95,1,-1,-1,-1
89,109,685.57,411.21,44.31,120.78,1,-1,-1,-1
89,104,857.50,411.01,72.24,174.83,1,-1,-1,-1
89,134,597.98,419.06,27.32,73.02,1,-1,-1,-1
89,138,822.87,411.81,42.71,122.15,1,-1,-1,-1
89,102,1216.29,425.57,45.65,122.69,1,-1,-1,-1
89,142,520.34,417.05,40.45,96.61,1,-1,-1,-1
89,144,2.06,404.14,70.32,211.57,1,-1,-1,-1
90,103,726.19,412.60,48.38,123.46,1,-1,-1,-1
90,107,1615.39,322.78,245.00,762.89,1,-1,-1,-1
90,109,682.65,413.73,44.95,120.66,1,-1,-1,-1
90,104,855.01,415.17,72.30,175.00,1,-1,-1,-1
90,134,596.58,420.79,27.12,74.24,1,-1,-1,-1
90,138,821.76,412.13,44.27,123.01,1,-1,-1,-1
90,102,1217.48,428.87,44.73,123.30,1,-1,-1,-1
90,142,520.48,418.05,40.92,98.02,1,-1,-1,-1
90,146,477.84,434.21,39.32,58.26,1,-1,-1,-1
90,118,323.55,417.19,35.65,95.37,1,-1,-1,-1
91,103,726.01,410.32,47.33,122.69,1,-1,-1,-1
91,107,1642.71,307.41,234.30,777.77,1,-1,-1,-1
91,109,682.54,412.05,45.75,121.46,1,-1,-1,-1
91,104,855.75,413.69,71.40,176.36,1,-1,-1,-1
91,134,596.91,419.62,27.43,72.22,1,-1,-1,-1
91,138,822.10,411.12,44.95,121.35,1,-1,-1,-1
91,102,1219.27,426.32,44.51,123.99,1,-1,-1,-1
91,142,523.93,416.69,40.66,99.01,1,-1,-1,-1
91,146,478.87,435.06,37.75,53.33,1,-1,-1,-1
91,118,325.12,415.52,35.35,95.38,1,-1,-1,-1
92,103,724.12,411.02,46.72,122.44,1,-1,-1,-1
92,107,1660.94,302.47,239.61,783.23,1,-1,-1,-1
92,109,683.48,412.87,43.68,119.87,1,-1,-1,-1
92,104,854.69,416.04,71.52,175.27,1,-1,-1,-1
92,134,596.82,420.74,27.61,70.66,1,-1,-1,-1
92,138,822.67,411.67,45.26,120.21,1,-1,-1,-1
92,102,1220.26,427.19,44.69,124.61,1,-1,-1,-1
92,142,527.51,417.65,38.89,97.83,1,-1,-1,-1
92,146,480.48,434.53,36.63,52.32,1,-1,-1,-1
92,118,323.09,414.80,38.21,97.43,1,-1,-1,-1
92,128,300.90,418.49,28.17,86.08,1,-1,-1,-1
93,103,721.87,408.64,48.65,125.41,1,-1,-1,-1
93,107,1682.09,299.26,239.54,785.69,1,-1,-1,-1
93,109,682.08,410.48,44.81,120.96,1,-1,-1,-1
93,104,854.82,414.74,70.93,174.55,1,-1,-1,-1
93,134,598.53,421.13,27.49,69.33,1,-1,-1,-1
93,138,823.73,411.99,44.47,118.03,1,-1,-1,-1
93,102,1222.30,426.39,44.90,123.36,1,-1,-1,-1
93,142,530.11,417.46,39.22,96.81,1,-1,-1,-1
93,146,481.42,431.98,37.87,53.85,1,-1,-1,-1
93,118,324.04,414.35,36.13,95.53,1,-1,-1,-1
93,128,305.05,420.46,26.98,84.84,1,-1,-1,-1
94,103,721.60,405.29,49.99,127.44,1,-1,-1,-1
94,107,1702.86,299.37,226.60,784.51,1,-1,-1,-1
94,109,682.50,407.53,43.69,119.06,1,-1,-1,-1
94,104,853.03,411.56,73.34,174.83,1,-1,-1,-1
94,134,601.66,417.44,27.49,68.52,1,-1,-1,-1
94,138,825.99,411.69,45.39,117.64,1,-1,-1,-1
94,102,1225.67,423.14,44.62,124.21,1,-1,-1,-1
94,142,534.30,416.29,38.45,95.43,1,-1,-1,-1
94,146,480.48,428.52,40.21,54.09,1,-1,-1,-1
94,118,324.36,413.36,34.86,95.13,1,-1,-1,-1
94,128,303.77,419.69,27.33,84.75,1,-1,-1,-1
95,103,720.54,402.27,50.81,127.31,1,-1,-1,-1
95,107,1732.62,302.25,198.98,780.48,1,-1,-1,-1
95,109,681.76,403.24,43.15,118.73,1,-1,-1,-1
95,104,850.23,407.28,72.66,175.17,1,-1,-1,-1
95,134,603.08,411.54,27.19,67.74,1,-1,-1,-1
95,102,1228.27,416.35,45.28,125.86,1,-1,-1,-1
95,142,537.14,412.61,38.59,96.18,1,-1,-1,-1
95,146,481.83,426.54,40.31,52.73,1,-1,-1,-1
95,118,324.25,409.85,36.57,97.56,1,-1,-1,-1
95,131,299.80,418.52,28.67,73.07,1,-1,-1,-1
96,103,719.41,399.15,49.54,128.16,1,-1,-1,-1
96,109,679.80,401.09,43.10,118.41,1,-1,-1,-1
96,104,846.78,404.46,73.16,174.05,1,-1,-1,-1
96,134,602.70,408.55,27.51,68.34,1,-1,-1,-1
96,102,1229.33,412.66,45.14,126.26,1,-1,-1,-1
96,142,540.57,408.51,36.80,95.63,1,-1,-1,-1
96,146,483.81,424.43,38.28,52.30,1,-1,-1,-1
96,118,324.22,408.27,36.44,94.58,1,-1,-1,-1
96,131,296.37,413.62,28.19,72.48,1,-1,-1,-1
96,128,308.60,412.30,27.32,78.80,1,-1,-1,-1
97,103,719.43,395.69,48.55,126.23,1,-1,-1,-1
97,109,680.59,397.82,41.79,118.09,1,-1,-1,-1
97,104,843.83,401.58,73.93,173.98,1,-1,-1,-1
97,134,603.86,404.97,27.98,69.88,1,-1,-1,-1
97,102,1232.30,409.89,45.38,125.88,1,-1,-1,-1
97,142,543.61,405.76,36.15,96.20,1,-1,-1,-1
97,146,483.91,422.73,41.22,51.78,1,-1,-1,-1
97,118,323.91,404.55,37.32,94.79,1,-1,-1,-1
97,131,293.82,408.85,28.72,73.37,1,-1,-1,-1
98,103,719.07,395.11,48.23,126.24,1,-1,-1,-1
98,109,680.11,396.51,41.23,118.33,1,-1,-1,-1
98,104,841.08,400.19,73.70,174.44,1,-1,-1,-1
98,134,604.23,403.48,28.03,71.43,1,-1,-1,-1
98,102,1234.48,408.24,45.01,125.21,1,-1,-1,-1
98,142,545.21,403.65,34.91,96.79,1,-1,-1,-1
98,146,484.25,421.76,42.56,51.81,1,-1,-1,-1
98,118,324.06,404.11,36.60,94.29,1,-1,-1,-1
98,131,297.51,408.70,27.16,73.66,1,-1,-1,-1
99,103,719.35,394.60,47.27,125.42,1,-1,-1,-1
99,109,679.68,396.05,40.65,118.47,1,-1,-1,-1
99,104,838.34,400.47,73.60,171.13,1,-1,-1,-1
99,134,603.68,402.33,28.82,72.87,1,-1,-1,-1
99,102,1236.28,406.27,44.02,125.32,1,-1,-1,-1
99,142,546.42,402.11,34.23,98.19,1,-1,-1,-1
99,146,484.61,420.55,41.98,51.84,1,-1,-1,-1
99,118,323.01,402.16,35.47,94.85,1,-1,-1,-1
99,131,297.35,407.93,27.56,73.21,1,-1,-1,-1
99,107,1791.54,363.41,137.74,565.54,1,-1,-1,-1
100,103,720.73,391.85,46.35,125.27,1,-1,-1,-1
100,109,681.27,394.56,40.54,117.29,1,-1,-1,-1
100,104,836.22,396.43,74.17,171.34,1,-1,-1,-1
100,134,605.45,399.22,28.39,72.02,1,-1,-1,-1
100,102,1240.29,403.95,44.81,125.32,1,-1,-1,-1
100,142,548.43,399.66,35.02,99.19,1,-1,-1,-1
100,146,488.44,418.99,38.85,52.24,1,-1,-1,-1
100,118,324.07,398.09,36.17,95.72,1,-1,-1,-1
100,131,296.46,406.75,27.31,71.15,1,-1,-1,-1
100,107,1799.39,374.35,126.33,539.28,1,-1,-1,-1
101,103,720.07,390.47,45.81,125.60,1,-1,-1,-1
101,109,679.01,393.83,42.53,117.45,1,-1,-1,-1
101,104,832.80,394.79,73.43,171.52,1,-1,-1,-1
101,134,605.03,399.13,28.30,71.71,1,-1,-1,-1
101,102,1240.86,403.64,45.05,125.30,1,-1,-1,-1
101,142,548.22,399.14,35.54,101.80,1,-1,-1,-1
101,146,487.60,419.43,40.74,51.77,1,-1,-1,-1
101,118,322.81,399.42,35.65,93.98,1,-1,-1,-1
101,107,1798.83,375.62,125.33,528.77,1,-1,-1,-1
101,128,305.58,407.00,26.38,76.00,1,-1,-1,-1
102,103,718.79,389.38,45.82,126.58,1,-1,-1,-1
102,109,676.68,395.24,43.14,115.90,1,-1,-1,-1
102,104,830.59,394.27,72.45,174.78,1,-1,-1,-1
102,134,603.42,400.15,28.63,70.25,1,-1,-1,-1
102,102,1240.09,404.19,44.34,124.27,1,-1,-1,-1
102,142,547.85,398.71,35.63,104.27,1,-1,-1,-1
102,146,487.72,418.70,36.55,52.35,1,-1,-1,-1
102,118,320.18,399.01,35.79,93.75,1,-1,-1,-1
102,107,1790.61,379.04,132.26,517.21,1,-1,-1,-1
103,103,717.59,386.30,46.00,129.21,1,-1,-1,-1
103,109,673.76,392.42,45.71,118.48,1,-1,-1,-1
103,104,829.68,393.03,72.13,173.72,1,-1,-1,-1
103,134,602.58,398.21,28.24,69.31,1,-1,-1,-1
103,102,1241.57,403.15,43.58,122.63,1,-1,-1,-1
103,142,547.13,396.43,36.43,105.87,1,-1,-1,-1
103,146,483.78,416.77,40.52,52.18,1,-1,-1,-1
103,118,317.73,397.12,37.18,93.34,1,-1,-1,-1
103,107,1779.52,374.57,143.31,524.21,1,-1,-1,-1
104,103,713.72,387.66,46.90,127.89,1,-1,-1,-1
104,109,671.40,393.50,45.54,119.02,1,-1,-1,-1
104,104,828.04,395.62,70.79,174.01,1,-1,-1,-1
104,134,599.14,399.02,28.84,71.30,1,-1,-1,-1
104,102,1241.96,403.72,44.58,124.75,1,-1,-1,-1
104,142,545.62,398.78,37.74,105.53,1,-1,-1,-1
104,146,481.16,417.81,42.74,51.58,1,-1,-1,-1
104,118,313.79,397.09,38.63,96.42,1,-1,-1,-1
104,107,1752.64,374.70,169.69,528.04,1,-1,-1,-1
104,147,752.12,389.28,32.88,108.89,1,-1,-1,-1
105,103,712.07,386.38,47.69,128.17,1,-1,-1,-1
105,109,671.84,394.05,43.99,118.06,1,-1,-1,-1
105,104,826.91,393.48,71.12,175.11,1,-1,-1,-1
105,134,598.96,397.97,28.88,70.44,1,-1,-1,-1
105,102,1244.46,402.35,45.48,127.13,1,-1,-1,-1
105,142,546.96,397.94,37.32,103.59,1,-1,-1,-1
105,146,481.68,416.07,43.14,51.21,1,-1,-1,-1
105,118,313.18,398.31,37.17,92.00,1,-1,-1,-1
105,107,1719.49,374.84,203.82,533.63,1,-1,-1,-1
105,147,750.24,388.97,34.03,110.62,1,-1,-1,-1
105,131,292.21,404.84,27.54,72.01,1,-1,-1,-1
106,103,707.97,386.70,49.81,128.36,1,-1,-1,-1
106,109,670.29,395.34,43.49,118.70,1,-1,-1,-1
106,104,824.09,394.35,71.50,174.00,1,-1,-1,-1
106,134,597.08,398.22,29.31,70.41,1,-1,-1,-1
106,102,1244.36,402.68,45.98,127.26,1,-1,-1,-1
106,142,546.87,397.43,37.19,103.84,1,-1,-1,-1
106,146,479.58,416.90,44.33,49.92,1,-1,-1,-1
106,118,310.78,396.36,37.80,95.77,1,-1,-1,-1
106,107,1699.45,376.19,223.17,535.27,1,-1,-1,-1
106,147,749.00,390.13,35.30,111.37,1,-1,-1,-1
107,103,707.48,386.67,49.94,126.98,1,-1,-1,-1
107,109,670.18,393.31,44.03,120.68,1,-1,-1,-1
107,104,822.14,395.15,72.13,171.98,1,-1,-1,-1
107,134,595.94,397.76,29.62,70.30,1,-1,-1,-1
107,102,1243.54,403.40,45.96,126.32,1,-1,-1,-1
107,142,548.10,396.47,36.27,100.77,1,-1,-1,-1
107,146,479.20,415.85,41.66,49.91,1,-1,-1,-1
107,118,310.54,398.79,36.44,91.72,1,-1,-1,-1
107,107,1684.77,383.03,236.95,524.85,1,-1,-1,-1
107,147,747.19,390.70,36.43,112.18,1,-1,-1,-1
108,103,706.51,384.54,51.08,127.15,1,-1,-1,-1
108,109,670.17,390.37,44.13,122.44,1,-1,-1,-1
108,104,820.68,392.71,71.51,173.87,1,-1,-1,-1
108,134,593.92,397.83,29.11,68.03,1,-1,-1,-1
108,102,1245.05,402.30,46.65,127.17,1,-1,-1,-1
108,142,548.48,395.57,36.03,100.88,1,-1,-1,-1
108,146,478.82,414.33,40.19,49.53,1,-1,-1,-1
108,118,308.23,397.74,37.35,94.37,1,-1,-1,-1
108,107,1678.89,381.89,243.04,526.74,1,-1,-1,-1
108,147,745.84,390.03,36.53,111.58,1,-1,-1,-1
109,103,705.14,384.72,51.99,125.77,1,-1,-1,-1
109,109,669.68,390.37,43.94,122.66,1,-1,-1,-1
109,104,817.88,393.24,70.92,172.79,1,-1,-1,-1
109,134,592.01,398.27,28.86,67.95,1,-1,-1,-1
109,102,1244.88,402.64,46.28,126.85,1,-1,-1,-1
109,142,547.69,395.66,36.57,100.22,1,-1,-1,-1
109,146,478.91,414.54,38.92,49.58,1,-1,-1,-1
109,118,305.79,398.90,36.66,95.10,1,-1,-1,-1
109,107,1679.40,387.27,242.24,523.18,1,-1,-1,-1
109,147,745.28,390.80,36.62,111.50,1,-1,-1,-1
110,103,704.99,385.04,50.05,123.83,1,-1,-1,-1
110,109,669.03,390.23,43.79,122.46,1,-1,-1,-1
110,104,814.95,393.90,68.07,170.69,1,-1,-1,-1
110,134,587.83,397.31,29.26,69.87,1,-1,-1,-1
110,102,1245.58,401.91,46.59,125.85,1,-1,-1,-1
110,142,546.86,395.53,37.68,102.83,1,-1,-1,-1
110,146,477.63,413.69,39.29,50.00,1,-1,-1,-1
110,118,304.51,400.94,35.23,91.99,1,-1,-1,-1
110,107,1685.48,380.25,236.14,535.75,1,-1,-1,-1
110,147,744.77,390.41,35.71,110.75,1,-1,-1,-1
111,103,706.27,384.23,47.37,125.48,1,-1,-1,-1
111,109,670.25,389.04,42.51,124.56,1,-1,-1,-1
111,104,812.52,395.63,66.14,166.94,1,-1,-1,-1
111,134,588.57,396.66,29.46,69.14,1,-1,-1,-1
111,102,1246.49,401.67,46.75,124.29,1,-1,-1,-1
111,142,547.28,395.57,38.54,102.63,1,-1,-1,-1
111,146,478.25,412.92,38.28,51.30,1,-1,-1,-1
111,118,307.05,398.81,34.87,91.67,1,-1,-1,-1
111,107,1693.14,373.79,228.89,543.51,1,-1,-1,-1
111,147,743.62,389.21,34.56,110.27,1,-1,-1,-1
112,103,705.33,383.13,47.38,127.49,1,-1,-1,-1
112,109,670.00,388.20,43.04,124.89,1,-1,-1,-1
112,104,811.52,394.60,65.94,167.51,1,-1,-1,-1
112,134,588.49,395.89,28.74,68.53,1,-1,-1,-1
112,102,1247.67,400.97,46.94,124.76,1,-1,-1,-1
112,142,548.33,394.15,38.03,104.05,1,-1,-1,-1
112,146,477.90,412.71,38.65,51.67,1,-1,-1,-1
112,118,308.75,395.63,36.28,95.37,1,-1,-1,-1
112,107,1694.57,367.13,225.80,546.45,1,-1,-1,-1
112,147,744.68,388.43,33.50,110.02,1,-1,-1,-1
112,145,44.72,395.57,59.41,151.74,1,-1,-1,-1
113,103,704.00,384.12,48.84,126.38,1,-1,-1,-1
113,109,670.19,389.31,44.21,123.32,1,-1,-1,-1
113,104,812.34,392.46,67.91,171.18,1,-1,-1,-1
113,134,589.90,397.08,28.83,70.42,1,-1,-1,-1
113,102,1247.33,399.92,47.06,125.91,1,-1,-1,-1
113,142,548.32,396.53,38.52,102.78,1,-1,-1,-1
113,146,477.72,414.02,39.61,51.52,1,-1,-1,-1
113,118,310.01,399.12,36.13,94.61,1,-1,-1,-1
113,107,1698.76,363.95,220.47,551.66,1,-1,-1,-1
113,147,745.40,387.71,33.77,111.20,1,-1,-1,-1
113,145,45.03,399.14,61.15,146.64,1,-1,-1,-1
113,128,293.87,407.68,31.03,83.88,1,-1,-1,-1
114,103,704.45,383.36,50.66,127.83,1,-1,-1,-1
114,109,670.87,387.24,45.47,124.83,1,-1,-1,-1
114,104,814.27,391.20,69.45,170.00,1,-1,-1,-1
114,134,591.50,397.97,28.90,68.37,1,-1,-1,-1
114,102,1247.70,398.37,47.51,126.75,1,-1,-1,-1
114,142,551.65,396.97,37.94,103.55,1,-1,-1,-1
114,146,479.31,414.34,39.56,49.95,1,-1,-1,-1
114,118,314.62,399.90,34.03,92.64,1,-1,-1,-1
114,107,1706.98,369.38,211.51,541.55,1,-1,-1,-1
114,147,747.57,387.16,34.37,112.18,1,-1,-1,-1
114,145,48.44,398.54,60.88,146.74,1,-1,-1,-1
114,128,298.51,405.71,31.36,83.86,1,-1,-1,-1
115,103,708.03,386.54,50.69,127.08,1,-1,-1,-1
115,109,672.90,390.52,45.93,123.66,1,-1,-1,-1
115,104,817.27,393.58,69.26,168.90,1,-1,-1,-1
115,134,598.25,400.84,28.70,70.48,1,-1,-1,-1
115,102,1251.12,398.55,47.28,128.17,1,-1,-1,-1
115,142,557.23,397.82,37.50,107.40,1,-1,-1,-1
115,146,484.50,417.30,40.48,51.14,1,-1,-1,-1
115,118,316.59,398.53,36.06,101.22,1,-1,-1,-1
115,107,1714.89,368.62,197.17,537.21,1,-1,-1,-1
115,147,750.09,389.36,35.38,114.28,1,-1,-1,-1
115,145,51.78,402.94,59.95,147.45,1,-1,-1,-1
116,103,710.88,386.30,49.89,127.96,1,-1,-1,-1
116,109,675.45,390.23,45.78,124.41,1,-1,-1,-1
116,104,816.77,394.05,67.86,165.69,1,-1,-1,-1
116,134,601.05,403.33,27.71,68.44,1,-1,-1,-1
116,102,1252.74,400.13,47.12,126.43,1,-1,-1,-1
116,142,560.61,398.25,37.37,106.18,1,-1,-1,-1
116,146,489.76,416.98,40.15,52.33,1,-1,-1,-1
116,118,318.96,397.70,35.71,101.67,1,-1,-1,-1
116,107,1715.39,366.16,184.53,544.38,1,-1,-1,-1
116,147,754.10,387.66,32.47,114.12,1,-1,-1,-1
116,145,55.52,402.03,58.69,147.70,1,-1,-1,-1
116,138,865.69,382.89,48.12,137.31,1,-1,-1,-1
117,103,717.21,388.54,46.47,125.99,1,-1,-1,-1
117,109,679.25,391.80,43.54,120.55,1,-1,-1,-1
117,104,818.34,396.39,68.11,163.68,1,-1,-1,-1
117,134,601.81,405.78,28.66,70.34,1,-1,-1,-1
117,102,1256.21,401.39,47.39,124.26,1,-1,-1,-1
117,142,564.23,402.18,38.11,102.08,1,-1,-1,-1
117,146,500.52,418.74,37.67,54.03,1,-1,-1,-1
117,107,1725.31,360.43,164.09,553.98,1,-1,-1,-1
117,147,754.86,387.63,32.29,115.01,1,-1,-1,-1
117,145,63.43,404.93,59.93,146.58,1,-1,-1,-1
117,138,870.02,382.91,45.95,137.61,1,-1,-1,-1
117,141,348.98,398.98,54.44,133.82,1,-1,-1,-1
117,128,316.78,406.17,33.27,89.69,1,-1,-1,-1
118,103,715.26,393.88,47.87,122.84,1,-1,-1,-1
118,109,685.96,395.70,41.65,122.87,1,-1,-1,-1
118,104,821.46,400.12,67.99,166.39,1,-1,-1,-1
118,134,604.09,403.03,31.17,76.78,1,-1,-1,-1
118,102,1259.62,403.28,47.41,124.50,1,-1,-1,-1
118,142,570.10,399.72,38.64,109.95,1,-1,-1,-1
118,146,502.03,423.81,37.18,51.25,1,-1,-1,-1
118,107,1718.87,359.84,173.90,563.06,1,-1,-1,-1
118,147,756.61,392.27,34.37,114.81,1,-1,-1,-1
118,145,67.72,409.93,59.49,143.38,1,-1,-1,-1
118,138,867.93,384.29,49.41,144.54,1,-1,-1,-1
118,141,350.34,399.86,52.96,135.86,1,-1,-1,-1
118,128,321.63,408.50,33.30,94.43,1,-1,-1,-1
119,103,730.38,393.08,46.72,122.10,1,-1,-1,-1
119,109,693.19,396.80,40.38,121.83,1,-1,-1,-1
119,104,828.06,399.18,65.80,165.07,1,-1,-1,-1
119,134,619.25,400.80,28.31,70.39,1,-1,-1,-1
119,102,1270.24,402.59,47.49,125.81,1,-1,-1,-1
119,142,580.64,398.03,38.07,110.83,1,-1,-1,-1
119,146,510.32,420.86,38.65,51.04,1,-1,-1,-1
119,107,1713.49,363.88,181.59,557.43,1,-1,-1,-1
119,147,773.97,391.81,31.22,110.41,1,-1,-1,-1
119,145,79.62,407.25,61.54,142.45,1,-1,-1,-1
119,138,870.48,383.95,51.20,145.88,1,-1,-1,-1
119,141,356.65,399.01,52.07,135.29,1,-1,-1,-1
119,128,328.87,407.27,34.07,97.35,1,-1,-1,-1
120,103,737.35,391.93,47.51,126.32,1,-1,-1,-1
120,109,701.89,394.77,41.56,122.65,1,-1,-1,-1
120,104,837.10,395.97,65.33,167.05,1,-1,-1,-1
120,134,626.20,402.16,29.04,70.84,1,-1,-1,-1
120,102,1279.86,401.51,47.93,126.90,1,-1,-1,-1
120,142,593.07,399.50,36.33,107.35,1,-1,-1,-1
120,146,520.98,420.91,39.44,53.74,1,-1,-1,-1
120,107,1710.29,360.65,195.86,570.99,1,-1,-1,-1
120,147,786.10,390.39,30.65,111.01,1,-1,-1,-1
120,145,91.74,408.55,64.61,143.30,1,-1,-1,-1
120,138,879.74,382.64,55.57,142.08,1,-1,-1,-1
120,141,363.34,399.54,53.09,137.57,1,-1,-1,-1
120,131,326.66,405.56,33.34,94.20,1,-1,-1,-1
121,103,758.21,392.69,47.70,124.86,1,-1,-1,-1
121,109,723.12,397.44,41.08,121.36,1,-1,-1,-1
121,104,853.61,396.99,67.26,167.56,1,-1,-1,-1
121,134,656.94,401.99,26.41,64.11,1,-1,-1,-1
121,102,1305.99,398.97,47.92,130.29,1,-1,-1,-1
121,142,615.96,400.15,36.56,107.38,1,-1,-1,-1
121,146,542.86,420.50,38.45,53.49,1,-1,-1,-1
121,107,1714.11,364.58,208.97,561.97,1,-1,-1,-1
121,147,804.67,391.98,31.75,111.26,1,-1,-1,-1
121,145,115.69,410.56,62.25,144.21,1,-1,-1,-1
121,138,901.99,381.95,51.79,144.72,1,-1,-1,-1
121,141,376.42,397.54,55.72,138.48,1,-1,-1,-1
122,103,762.77,389.26,48.56,127.60,1,-1,-1,-1
122,109,730.49,395.58,40.37,120.45,1,-1,-1,-1
122,104,858.29,396.55,67.43,167.64,1,-1,-1,-1
122,134,662.93,401.13,28.36,66.81,1,-1,-1,-1
122,102,1315.19,397.06,47.76,130.50,1,-1,-1,-1
122,142,623.24,396.52,37.31,110.44,1,-1,-1,-1
122,146,550.96,418.78,38.37,53.91,1,-1,-1,-1
122,107,1714.77,369.34,208.93,559.64,1,-1,-1,-1
122,147,814.18,389.18,32.42,114.35,1,-1,-1,-1
122,145,126.49,408.93,60.11,143.53,1,-1,-1,-1
122,138,909.87,380.09,49.96,146.49,1,-1,-1,-1
122,141,379.05,392.41,58.74,141.25,1,-1,-1,-1
122,131,357.40,412.25,30.56,89.43,1,-1,-1,-1
123,103,766.12,386.44,49.93,129.57,1,-1,-1,-1
123,109,734.84,393.00,42.06,119.81,1,-1,-1,-1
123,104,862.25,393.21,68.95,168.24,1,-1,-1,-1
123,134,660.58,396.24,28.62,79.56,1,-1,-1,-1
123,102,1321.23,395.47,49.62,129.60,1,-1,-1,-1
123,142,631.55,393.61,35.34,109.31,1,-1,-1,-1
123,146,559.80,418.28,36.95,52.96,1,-1,-1,-1
123,107,1721.93,371.54,201.25,557.54,1,-1,-1,-1
123,147,822.20,385.34,31.48,115.07,1,-1,-1,-1
123,145,134.38,406.03,60.18,142.85,1,-1,-1,-1
123,138,917.26,377.11,50.07,145.98,1,-1,-1,-1
123,141,383.35,390.13,59.94,140.09,1,-1,-1,-1
123,152,2.36,380.54,62.69,246.79,1,-1,-1,-1
123,131,365.82,409.48,29.81,87.07,1,-1,-1,-1
124,103,768.11,385.12,51.06,129.18,1,-1,-1,-1
124,109,742.94,390.27,43.94,119.90,1,-1,-1,-1
124,104,866.09,390.43,68.77,168.99,1,-1,-1,-1
124,102,1329.89,394.00,48.90,132.00,1,-1,-1,-1
124,142,639.61,392.72,36.10,106.06,1,-1,-1,-1
124,146,566.05,416.52,37.04,52.51,1,-1,-1,-1
124,107,1728.04,368.92,194.25,556.34,1,-1,-1,-1
124,147,827.88,384.36,30.68,115.52,1,-1,-1,-1
124,145,141.38,403.17,59.70,144.19,1,-1,-1,-1
124,138,922.84,374.81,50.40,147.63,1,-1,-1,-1
124,141,389.63,385.47,63.55,144.75,1,-1,-1,-1
124,152,2.45,383.82,70.09,234.65,1,-1,-1,-1
124,131,364.52,408.01,27.55,77.37,1,-1,-1,-1
125,103,771.62,383.75,50.87,128.90,1,-1,-1,-1
125,109,747.68,392.13,37.22,110.48,1,-1,-1,-1
125,104,869.85,387.19,71.71,171.05,1,-1,-1,-1
125,102,1336.83,389.91,49.50,135.46,1,-1,-1,-1
125,142,649.51,389.32,36.35,109.64,1,-1,-1,-1
125,146,573.03,412.49,35.92,52.25,1,-1,-1,-1
125,107,1733.55,363.92,188.12,563.76,1,-1,-1,-1
125,147,835.77,383.78,30.44,111.02,1,-1,-1,-1
125,145,146.87,400.16,60.82,143.85,1,-1,-1,-1
125,138,931.05,371.97,49.69,147.70,1,-1,-1,-1
125,141,398.43,381.23,66.80,146.87,1,-1,-1,-1
125,152,2.57,384.84,73.92,226.84,1,-1,-1,-1
126,103,779.65,378.38,52.79,131.04,1,-1,-1,-1
126,109,760.85,387.46,34.26,107.96,1,-1,-1,-1
126,104,881.33,380.88,74.29,174.01,1,-1,-1,-1
126,102,1350.03,387.23,49.95,134.62,1,-1,-1,-1
126,142,660.66,384.80,38.71,111.81,1,-1,-1,-1
126,146,589.72,408.92,35.02,53.14,1,-1,-1,-1
126,107,1748.27,354.05,176.56,569.23,1,-1,-1,-1
126,147,850.05,379.34,32.25,111.78,1,-1,-1,-1
126,145,164.20,396.39,59.44,142.08,1,-1,-1,-1
126,138,947.63,368.24,49.93,147.77,1,-1,-1,-1
126,141,412.23,381.49,64.65,144.44,1,-1,-1,-1
126,152,4.50,378.92,80.47,234.58,1,-1,-1,-1
126,153,78.83,402.38,35.40,104.46,1,-1,-1,-1
127,103,783.12,378.51,53.36,131.42,1,-1,-1,-1
127,104,886.85,381.23,73.41,175.09,1,-1,-1,-1
127,102,1359.30,384.43,49.31,136.27,1,-1,-1,-1
127,142,667.35,383.61,39.26,110.97,1,-1,-1,-1
127,146,595.60,408.81,35.07,51.96,1,-1,-1,-1
127,107,1759.45,358.83,162.59,560.77,1,-1,-1,-1
127,147,858.21,378.62,31.21,112.16,1,-1,-1,-1
127,145,172.51,395.99,59.48,142.41,1,-1,-1,-1
127,138,953.23,368.68,49.72,146.62,1,-1,-1,-1
127,141,420.24,380.06,62.60,145.66,1,-1,-1,-1
127,152,3.28,376.12,85.20,237.36,1,-1,-1,-1
127,153,84.81,402.72,33.69,100.74,1,-1,-1,-1
127,131,388.52,403.59,26.42,77.45,1,-1,-1,-1
128,103,789.78,376.78,53.13,132.48,1,-1,-1,-1
128,104,893.55,382.80,72.74,171.04,1,-1,-1,-1
128,102,1367.11,382.19,51.32,138.40,1,-1,-1,-1
128,142,678.13,382.72,38.77,112.14,1,-1,-1,-1
128,146,603.53,406.40,34.51,52.31,1,-1,-1,-1
128,107,1770.04,346.89,151.69,563.85,1,-1,-1,-1
128,147,866.14,379.65,31.36,112.32,1,-1,-1,-1
128,145,180.99,394.03,60.31,143.62,1,-1,-1,-1
128,138,960.45,368.45,50.25,147.75,1,-1,-1,-1
128,141,429.67,378.56,63.60,145.51,1,-1,-1,-1
128,152,3.08,374.39,91.01,235.84,1,-1,-1,-1
128,153,95.13,402.11,34.99,104.76,1,-1,-1,-1
129,103,798.93,376.03,53.00,132.88,1,-1,-1,-1
129,104,900.78,382.77,72.66,172.19,1,-1,-1,-1
129,102,1375.64,380.53,52.04,139.25,1,-1,-1,-1
129,142,683.86,381.59,38.41,113.95,1,-1,-1,-1
129,146,609.24,406.70,36.82,51.65,1,-1,-1,-1
129,107,1782.64,345.94,139.19,578.50,1,-1,-1,-1
129,147,872.20,377.85,33.50,112.27,1,-1,-1,-1
129,145,191.41,393.40,58.96,144.16,1,-1,-1,-1
129,138,967.06,368.03,50.56,146.25,1,-1,-1,-1
129,141,437.74,378.27,63.80,145.80,1,-1,-1,-1
129,152,3.45,373.90,95.78,237.65,1,-1,-1,-1
129,153,103.81,404.01,34.52,103.18,1,-1,-1,-1
129,131,410.36,401.86,25.45,81.60,1,-1,-1,-1
130,103,804.23,375.22,52.95,134.08,1,-1,-1,-1
130,104,907.90,380.62,73.15,173.10,1,-1,-1,-1
130,102,1384.07,379.99,52.45,138.58,1,-1,-1,-1
130,142,689.12,380.29,38.35,114.25,1,-1,-1,-1
130,146,618.73,405.77,36.92,51.41,1,-1,-1,-1
130,107,1789.27,342.33,131.97,579.02,1,-1,-1,-1
130,147,878.93,376.23,33.22,113.84,1,-1,-1,-1
130,145,199.84,392.70,58.78,142.47,1,-1,-1,-1
130,138,972.62,367.35,51.87,146.33,1,-1,-1,-1
130,141,443.75,376.67,63.60,146.89,1,-1,-1,-1
130,152,5.59,374.86,100.93,234.73,1,-1,-1,-1
130,153,110.81,400.99,34.91,103.93,1,-1,-1,-1
130,131,412.69,402.71,25.74,81.58,1,-1,-1,-1
130,134,719.17,383.91,27.58,72.60,1,-1,-1,-1
131,103,815.15,371.97,52.56,134.35,1,-1,-1,-1
131,104,922.50,376.94,71.70,172.03,1,-1,-1,-1
131,102,1401.83,378.92,50.79,137.93,1,-1,-1,-1
131,142,701.88,376.96,37.97,111.46,1,-1,-1,-1
131,146,633.80,402.01,35.56,51.40,1,-1,-1,-1
131,107,1790.77,336.82,133.08,575.26,1,-1,-1,-1
131,147,896.46,378.13,31.29,102.74,1,-1,-1,-1
131,145,214.22,387.85,59.70,143.26,1,-1,-1,-1
131,138,989.46,365.97,51.61,145.59,1,-1,-1,-1
131,141,456.53,372.04,65.05,149.27,1,-1,-1,-1
131,152,13.92,371.88,105.25,236.46,1,-1,-1,-1
131,153,126.13,390.85,35.52,110.27,1,-1,-1,-1
132,103,820.26,372.90,52.10,134.65,1,-1,-1,-1
132,104,927.32,379.02,72.17,169.89,1,-1,-1,-1
132,102,1409.89,379.56,52.82,139.78,1,-1,-1,-1
132,142,708.98,376.92,39.37,114.52,1,-1,-1,-1
132,146,637.90,402.41,38.95,51.71,1,-1,-1,-1
132,107,1784.77,330.29,136.49,578.89,1,-1,-1,-1
132,147,902.04,375.43,33.61,108.24,1,-1,-1,-1
132,145,223.20,389.81,57.75,141.00,1,-1,-1,-1
132,138,995.06,366.19,52.44,146.96,1,-1,-1,-1
132,141,462.68,370.79,66.13,148.78,1,-1,-1,-1
132,152,18.03,374.11,104.11,232.72,1,-1,-1,-1
132,153,131.03,394.22,36.78,107.05,1,-1,-1,-1
133,103,827.89,373.34,52.38,132.27,1,-1,-1,-1
133,104,933.71,377.39,71.61,170.26,1,-1,-1,-1
133,102,1420.07,377.65,52.39,141.87,1,-1,-1,-1
133,142,717.54,377.57,38.32,114.03,1,-1,-1,-1
133,146,644.90,399.94,40.15,54.16,1,-1,-1,-1
133,107,1776.26,330.04,144.62,572.70,1,-1,-1,-1
133,147,906.80,373.08,33.96,108.16,1,-1,-1,-1
133,145,230.48,388.37,58.15,140.79,1,-1,-1,-1
133,138,1001.45,365.19,53.47,148.69,1,-1,-1,-1
133,141,467.57,368.94,66.59,148.78,1,-1,-1,-1
133,152,17.69,370.01,105.86,235.27,1,-1,-1,-1
133,153,138.27,393.18,36.29,105.12,1,-1,-1,-1
133,131,442.44,397.08,26.29,83.41,1,-1,-1,-1
133,134,748.39,381.04,29.13,67.63,1,-1,-1,-1
134,103,833.59,371.31,51.16,131.09,1,-1,-1,-1
134,104,939.69,376.17,70.92,166.11,1,-1,-1,-1
134,102,1430.27,375.09,53.25,143.96,1,-1,-1,-1
134,142,726.12,375.44,38.43,114.29,1,-1,-1,-1
134,146,651.36,397.05,38.23,53.66,1,-1,-1,-1
134,107,1769.80,324.76,151.12,579.86,1,-1,-1,-1
134,147,912.64,368.91,34.09,111.07,1,-1,-1,-1
134,145,235.64,386.90,59.96,139.80,1,-1,-1,-1
134,138,1009.01,360.91,55.15,151.05,1,-1,-1,-1
134,141,473.20,365.37,69.02,149.68,1,-1,-1,-1
134,152,17.92,365.33,103.69,238.20,1,-1,-1,-1
134,153,147.88,389.79,34.39,102.63,1,-1,-1,-1
134,131,446.77,394.04,27.54,84.11,1,-1,-1,-1
135,103,838.47,369.45,50.17,130.45,1,-1,-1,-1
135,104,944.86,373.07,70.16,166.88,1,-1,-1,-1
135,102,1439.34,373.24,54.05,143.62,1,-1,-1,-1
135,142,734.38,374.29,37.63,112.33,1,-1,-1,-1
135,146,656.83,394.45,37.98,54.76,1,-1,-1,-1
135,107,1757.40,329.92,163.37,573.76,1,-1,-1,-1
135,147,917.84,368.74,34.61,108.88,1,-1,-1,-1
135,145,243.95,383.94,59.01,139.39,1,-1,-1,-1
135,138,1015.28,355.61,55.67,155.68,1,-1,-1,-1
135,141,481.53,363.45,67.81,146.91,1,-1,-1,-1
135,152,18.54,361.31,103.27,239.97,1,-1,-1,-1
135,153,155.18,386.06,34.64,104.98,1,-1,-1,-1
135,131,450.10,391.59,28.11,84.42,1,-1,-1,-1
136,103,842.68,363.83,50.15,134.83,1,-1,-1,-1
136,104,951.55,367.38,71.21,169.56,1,-1,-1,-1
136,102,1451.03,371.17,52.90,140.75,1,-1,-1,-1
136,142,741.76,366.92,38.47,114.32,1,-1,-1,-1
136,146,664.97,389.45,38.67,53.76,1,-1,-1,-1
136,107,1760.22,316.70,161.62,593.67,1,-1,-1,-1
136,147,927.93,363.75,33.11,107.41,1,-1,-1,-1
136,145,254.99,376.67,59.32,141.56,1,-1,-1,-1
136,138,1024.09,349.84,55.00,158.07,1,-1,-1,-1
136,141,493.55,362.04,62.15,138.72,1,-1,-1,-1
136,152,23.36,352.72,101.89,242.81,1,-1,-1,-1
136,153,165.07,380.55,35.77,103.99,1,-1,-1,-1
136,131,460.08,384.02,29.13,86.27,1,-1,-1,-1
137,103,845.41,361.09,49.58,132.18,1,-1,-1,-1
137,104,953.46,365.25,71.69,168.94,1,-1,-1,-1
137,102,1454.20,368.09,54.27,142.82,1,-1,-1,-1
137,142,745.51,360.96,38.81,117.81,1,-1,-1,-1
137,146,669.71,385.68,39.58,54.51,1,-1,-1,-1
137,107,1765.01,320.40,154.83,590.63,1,-1,-1,-1
137,147,931.33,362.20,33.42,106.78,1,-1,-1,-1
137,145,260.00,373.21,58.93,139.91,1,-1,-1,-1
137,138,1027.87,345.76,56.01,160.98,1,-1,-1,-1
137,141,496.09,365.91,53.49,127.21,1,-1,-1,-1
137,152,27.15,347.75,106.17,244.07,1,-1,-1,-1
137,153,170.30,377.76,35.41,104.42,1,-1,-1,-1
137,131,460.31,379.78,28.50,86.39,1,-1,-1,-1
137,156,475.47,378.03,31.06,97.43,1,-1,-1,-1
137,134,783.53,366.68,25.39,61.52,1,-1,-1,-1
138,103,849.84,359.26,50.15,130.33,1,-1,-1,-1
138,104,955.79,362.62,73.59,169.17,1,-1,-1,-1
138,102,1460.54,366.39,54.23,142.86,1,-1,-1,-1
138,142,750.81,357.61,39.44,117.82,1,-1,-1,-1
138,146,673.30,383.52,39.68,54.19,1,-1,-1,-1
138,107,1759.31,322.76,160.52,590.08,1,-1,-1,-1
138,147,935.10,359.18,33.64,107.43,1,-1,-1,-1
138,145,264.82,372.06,58.51,137.62,1,-1,-1,-1
138,138,1033.88,344.27,55.98,159.32,1,-1,-1,-1
138,152,32.02,346.69,107.82,241.03,1,-1,-1,-1
138,153,176.62,374.55,34.10,105.85,1,-1,-1,-1
138,131,459.35,376.32,27.21,84.84,1,-1,-1,-1
138,156,484.71,371.28,34.27,101.04,1,-1,-1,-1
139,103,853.52,357.69,50.60,129.54,1,-1,-1,-1
139,104,959.50,361.59,72.19,169.30,1,-1,-1,-1
139,102,1465.71,365.01,54.70,141.77,1,-1,-1,-1
139,142,754.74,358.75,39.77,117.51,1,-1,-1,-1
139,146,676.08,382.30,40.18,54.70,1,-1,-1,-1
139,107,1769.97,326.94,149.46,590.45,1,-1,-1,-1
139,147,939.05,357.07,34.01,112.31,1,-1,-1,-1
139,145,270.78,370.45,57.46,135.69,1,-1,-1,-1
139,138,1038.48,343.22,56.39,160.43,1,-1,-1,-1
139,152,37.10,347.31,108.11,239.20,1,-1,-1,-1
139,153,180.42,374.60,34.65,105.17,1,-1,-1,-1
139,131,458.25,375.05,26.33,83.35,1,-1,-1,-1
139,156,488.02,367.98,35.39,103.35,1,-1,-1,-1
140,103,857.04,357.29,50.08,129.13,1,-1,-1,-1
140,104,962.12,361.02,71.33,169.50,1,-1,-1,-1
140,102,1470.91,364.90,55.10,140.55,1,-1,-1,-1
140,142,757.22,357.26,41.31,118.42,1,-1,-1,-1
140,146,680.95,381.60,38.65,53.25,1,-1,-1,-1
140,107,1778.13,332.53,141.08,589.67,1,-1,-1,-1
140,147,942.48,356.29,35.44,114.53,1,-1,-1,-1
140,145,276.99,368.17,56.64,136.67,1,-1,-1,-1
140,138,1043.12,341.63,56.43,160.82,1,-1,-1,-1
140,152,39.69,346.82,107.72,239.20,1,-1,-1,-1
140,153,183.43,373.75,34.76,103.97,1,-1,-1,-1
140,131,457.57,373.10,24.64,76.34,1,-1,-1,-1
140,156,491.21,364.48,36.29,106.28,1,-1,-1,-1
141,103,864.33,354.65,49.60,129.03,1,-1,-1,-1
141,104,967.42,359.64,70.35,168.77,1,-1,-1,-1
141,102,1480.36,363.90,54.84,139.26,1,-1,-1,-1
141,142,762.42,354.43,41.67,121.30,1,-1,-1,-1
141,146,688.25,381.51,35.97,51.36,1,-1,-1,-1
141,107,1794.66,324.71,126.72,605.67,1,-1,-1,-1
141,147,947.39,356.08,41.44,118.06,1,-1,-1,-1
141,145,283.56,365.01,57.53,138.77,1,-1,-1,-1
141,138,1050.49,340.08,58.66,161.26,1,-1,-1,-1
141,152,43.84,346.80,107.71,239.94,1,-1,-1,-1
141,153,190.42,374.78,35.02,102.69,1,-1,-1,-1
141,131,455.91,370.68,25.50,72.53,1,-1,-1,-1
141,156,501.03,361.99,35.55,109.76,1,-1,-1,-1
142,103,867.17,354.22,49.78,128.33,1,-1,-1,-1
142,104,969.69,358.96,69.37,168.93,1,-1,-1,-1
142,102,1487.53,362.56,55.06,140.22,1,-1,-1,-1
142,142,767.50,352.65,41.56,124.19,1,-1,-1,-1
142,146,692.14,380.87,35.78,50.03,1,-1,-1,-1
142,107,1800.35,332.17,120.03,598.51,1,-1,-1,-1
142,145,289.66,363.82,56.29,139.49,1,-1,-1,-1
142,138,1056.31,338.88,58.01,163.00,1,-1,-1,-1
142,152,46.73,344.60,108.32,243.02,1,-1,-1,-1
142,153,195.12,373.07,34.43,104.56,1,-1,-1,-1
142,156,507.51,364.79,33.99,107.40,1,-1,-1,-1
143,103,870.21,355.21,49.15,129.18,1,-1,-1,-1
143,104,971.93,359.82,69.18,169.30,1,-1,-1,-1
143,102,1490.34,360.50,56.36,143.59,1,-1,-1,-1
143,142,771.88,353.62,41.21,124.92,1,-1,-1,-1
143,146,694.75,381.74,36.80,49.74,1,-1,-1,-1
143,107,1806.06,326.26,113.85,603.92,1,-1,-1,-1
143,145,295.08,366.87,55.99,139.82,1,-1,-1,-1
143,138,1060.36,339.93,57.57,164.77,1,-1,-1,-1
143,152,49.46,346.15,105.73,243.32,1,-1,-1,-1
143,153,198.38,376.55,34.97,104.18,1,-1,-1,-1
143,156,508.96,367.91,32.01,102.26,1,-1,-1,-1
143,158,490.94,372.23,27.90,86.13,1,-1,-1,-1
144,103,873.55,354.40,48.90,129.53,1,-1,-1,-1
144,104,974.72,361.76,69.17,166.88,1,-1,-1,-1
144,102,1495.11,360.62,55.65,143.03,1,-1,-1,-1
144,142,775.21,353.14,42.50,126.43,1,-1,-1,-1
144,146,698.34,381.87,39.23,49.79,1,-1,-1,-1
144,107,1813.75,321.13,106.34,612.44,1,-1,-1,-1
144,145,299.37,368.03,56.81,139.17,1,-1,-1,-1
144,138,1065.35,339.33,58.68,165.50,1,-1,-1,-1
144,152,49.57,346.96,104.61,243.32,1,-1,-1,-1
144,153,201.62,377.37,35.56,102.79,1,-1,-1,-1
144,156,511.11,368.96,32.62,101.57,1,-1,-1,-1
144,158,491.28,373.87,28.40,85.83,1,-1,-1,-1
144,159,155.42,375.33,25.60,70.66,1,-1,-1,-1
144,118,542.19,351.80,66.09,151.51,1,-1,-1,-1
145,103,875.79,353.50,49.32,130.25,1,-1,-1,-1
145,104,978.02,361.51,68.94,167.16,1,-1,-1,-1
145,102,1501.90,365.61,56.38,137.70,1,-1,-1,-1
145,142,778.42,351.54,41.98,126.82,1,-1,-1,-1
145,146,703.92,382.16,37.67,52.22,1,-1,-1,-1
145,107,1814.73,329.84,105.41,602.18,1,-1,-1,-1
145,145,303.06,368.53,56.43,139.39,1,-1,-1,-1
145,138,1069.87,340.60,58.14,162.57,1,-1,-1,-1
145,152,50.03,347.36,105.76,244.03,1,-1,-1,-1
145,153,206.34,376.31,34.84,105.19,1,-1,-1,-1
145,156,513.56,368.79,33.09,103.50,1,-1,-1,-1
145,158,492.41,374.88,28.77,85.25,1,-1,-1,-1
145,159,155.91,376.64,25.24,69.33,1,-1,-1,-1
145,118,547.85,353.78,62.58,150.66,1,-1,-1,-1
146,103,881.50,355.57,50.55,133.55,1,-1,-1,-1
146,104,982.89,364.55,69.67,166.78,1,-1,-1,-1
146,102,1509.90,367.84,56.46,137.97,1,-1,-1,-1
146,142,784.38,353.38,43.21,125.15,1,-1,-1,-1
146,146,710.84,386.40,35.86,53.04,1,-1,-1,-1
146,145,312.29,373.27,53.98,139.43,1,-1,-1,-1
146,138,1080.72,341.83,57.68,166.20,1,-1,-1,-1
146,152,51.87,353.24,106.09,247.33,1,-1,-1,-1
146,153,215.06,381.50,34.28,103.69,1,-1,-1,-1
146,156,520.70,371.01,33.51,104.78,1,-1,-1,-1
147,103,884.54,356.66,51.35,132.14,1,-1,-1,-1
147,104,983.95,361.99,71.06,170.29,1,-1,-1,-1
147,102,1516.20,365.12,57.73,143.51,1,-1,-1,-1
147,142,792.00,356.77,40.28,121.13,1,-1,-1,-1
147,146,717.00,388.41,35.06,52.54,1,-1,-1,-1
147,145,317.10,374.96,53.54,137.53,1,-1,-1,-1
147,138,1086.26,340.34,58.59,168.71,1,-1,-1,-1
147,152,54.69,351.70,108.65,250.38,1,-1,-1,-1
147,153,220.79,380.75,34.17,103.34,1,-1,-1,-1
147,156,522.77,373.77,31.49,100.52,1,-1,-1,-1
147,159,162.46,377.86,24.94,71.58,1,-1,-1,-1
148,103,888.02,355.31,52.56,132.64,1,-1,-1,-1
148,104,987.50,357.91,71.07,173.77,1,-1,-1,-1
148,102,1522.73,364.07,57.15,142.42,1,-1,-1,-1
148,142,795.68,354.66,40.98,123.38,1,-1,-1,-1
148,146,720.75,387.74,36.02,51.73,1,-1,-1,-1
148,145,323.04,373.63,53.18,136.34,1,-1,-1,-1
148,138,1093.45,338.34,59.71,169.04,1,-1,-1,-1
148,152,58.85,352.35,109.95,249.13,1,-1,-1,-1
148,153,226.41,379.26,32.18,103.74,1,-1,-1,-1
148,156,530.18,372.94,31.79,103.96,1,-1,-1,-1
148,160,1.93,396.06,50.64,195.98,1,-1,-1,-1
148,161,193.91,381.42,23.58,66.38,1,-1,-1,-1
148,158,512.18,377.36,29.58,90.52,1,-1,-1,-1
149,103,891.59,356.57,52.39,130.89,1,-1,-1,-1
149,104,991.31,358.40,71.28,174.09,1,-1,-1,-1
149,102,1528.13,365.92,58.45,141.44,1,-1,-1,-1
149,142,800.78,354.76,40.54,124.06,1,-1,-1,-1
149,146,725.21,386.60,35.49,52.63,1,-1,-1,-1
149,145,329.46,373.75,53.09,136.30,1,-1,-1,-1
149,138,1098.27,338.34,59.88,170.68,1,-1,-1,-1
149,152,64.06,352.77,107.84,249.00,1,-1,-1,-1
149,153,231.78,379.24,32.29,104.35,1,-1,-1,-1
149,156,533.44,373.63,30.87,103.19,1,-1,-1,-1
149,160,2.37,394.68,55.30,195.13,1,-1,-1,-1
149,158,513.49,377.17,29.19,91.55,1,-1,-1,-1
149,107,1805.82,331.89,115.77,597.41,1,-1,-1,-1
150,103,895.66,354.73,50.67,131.50,1,-1,-1,-1
150,104,996.15,358.79,70.17,171.45,1,-1,-1,-1
150,102,1533.05,363.56,59.45,143.52,1,-1,-1,-1
150,142,805.71,352.69,41.24,125.83,1,-1,-1,-1
150,146,730.82,383.45,35.77,53.62,1,-1,-1,-1
150,145,334.72,372.26,52.94,134.66,1,-1,-1,-1
150,138,1104.85,336.50,58.95,171.81,1,-1,-1,-1
150,152,64.72,351.32,108.58,247.82,1,-1,-1,-1
150,153,234.92,377.04,33.67,105.66,1,-1,-1,-1
150,156,537.36,372.31,32.77,100.63,1,-1,-1,-1
150,160,2.03,392.23,62.18,195.30,1,-1,-1,-1
150,158,516.53,377.21,28.17,87.63,1,-1,-1,-1
150,107,1801.25,330.09,120.08,605.26,1,-1,-1,-1
150,159,183.73,377.06,22.38,67.57,1,-1,-1,-1
151,103,902.43,352.62,50.08,129.71,1,-1,-1,-1
151,104,1006.15,357.99,70.25,170.47,1,-1,-1,-1
151,102,1546.05,360.44,58.54,144.34,1,-1,-1,-1
151,142,813.79,350.00,42.55,126.60,1,-1,-1,-1
151,146,738.99,382.10,38.77,52.57,1,-1,-1,-1
151,145,343.84,371.64,52.85,133.50,1,-1,-1,-1
151,138,1113.34,334.18,60.46,174.17,1,-1,-1,-1
151,152,61.73,349.65,113.12,249.10,1,-1,-1,-1
151,153,238.93,375.02,34.70,105.79,1,-1,-1,-1
151,156,541.38,369.93,33.50,102.37,1,-1,-1,-1
151,160,5.37,390.65,64.93,195.78,1,-1,-1,-1
151,158,519.08,377.41,27.97,85.57,1,-1,-1,-1
151,107,1800.13,331.05,123.67,600.65,1,-1,-1,-1
151,159,192.32,375.13,22.39,66.68,1,-1,-1,-1
152,103,901.36,351.06,49.98,129.89,1,-1,-1,-1
152,104,1006.46,356.63,70.23,169.29,1,-1,-1,-1
152,102,1547.50,358.82,58.26,144.89,1,-1,-1,-1
152,142,814.76,349.37,42.77,124.94,1,-1,-1,-1
152,146,741.16,381.14,37.20,51.23,1,-1,-1,-1
152,145,344.44,370.65,52.87,131.34,1,-1,-1,-1
152,138,1113.12,333.00,61.17,173.04,1,-1,-1,-1
152,152,56.79,348.20,114.97,250.47,1,-1,-1,-1
152,153,237.21,373.55,34.24,105.22,1,-1,-1,-1
152,156,540.36,367.81,33.26,104.06,1,-1,-1,-1
152,160,3.27,388.92,66.28,197.23,1,-1,-1,-1
152,158,517.57,376.55,28.41,85.28,1,-1,-1,-1
152,107,1797.34,326.79,123.46,610.49,1,-1,-1,-1
152,159,193.11,373.16,21.87,67.79,1,-1,-1,-1
153,103,900.87,348.09,50.60,130.32,1,-1,-1,-1
153,104,1007.19,352.47,71.15,170.80,1,-1,-1,-1
153,102,1549.95,353.37,58.14,146.70,1,-1,-1,-1
153,142,816.54,345.92,42.97,126.17,1,-1,-1,-1
153,146,745.12,378.46,35.53,49.17,1,-1,-1,-1
153,145,346.96,365.62,52.49,131.26,1,-1,-1,-1
153,138,1114.07,330.27,62.07,172.11,1,-1,-1,-1
153,152,57.99,344.24,114.71,254.40,1,-1,-1,-1
153,153,238.98,372.89,33.99,102.39,1,-1,-1,-1
153,156,541.95,363.92,33.76,104.27,1,-1,-1,-1
153,160,2.81,382.52,67.54,198.59,1,-1,-1,-1
153,158,513.67,374.57,29.37,82.25,1,-1,-1,-1
153,107,1796.44,323.37,123.40,609.11,1,-1,-1,-1
153,159,198.58,370.12,22.67,67.50,1,-1,-1,-1
154,103,900.93,345.86,50.73,131.77,1,-1,-1,-1
154,104,1008.83,349.12,71.47,171.71,1,-1,-1,-1
154,102,1553.98,351.99,58.91,146.40,1,-1,-1,-1
154,142,819.29,343.72,43.00,126.57,1,-1,-1,-1
154,146,747.32,375.76,34.53,48.21,1,-1,-1,-1
154,145,349.86,363.39,52.26,132.87,1,-1,-1,-1
154,138,1116.42,330.27,61.66,170.16,1,-1,-1,-1
154,152,59.47,339.75,113.25,257.14,1,-1,-1,-1
154,153,240.83,371.40,36.25,103.88,1,-1,-1,-1
154,156,542.95,360.35,35.21,105.94,1,-1,-1,-1
154,160,2.25,377.66,70.53,201.50,1,-1,-1,-1
154,158,516.11,371.87,29.29,84.61,1,-1,-1,-1
154,107,1797.94,319.73,122.27,607.24,1,-1,-1,-1
154,159,199.02,368.61,22.77,66.82,1,-1,-1,-1
155,103,899.32,345.55,51.79,132.10,1,-1,-1,-1
155,104,1008.92,348.63,72.59,170.58,1,-1,-1,-1
155,102,1555.50,351.55,60.33,147.16,1,-1,-1,-1
155,142,822.09,344.10,41.83,127.01,1,-1,-1,-1
155,146,748.06,374.55,33.90,49.48,1,-1,-1,-1
155,145,351.28,363.00,52.39,133.68,1,-1,-1,-1
155,138,1116.83,329.93,61.70,171.22,1,-1,-1,-1
155,152,61.55,338.74,111.15,255.48,1,-1,-1,-1
155,153,241.00,370.82,36.96,105.14,1,-1,-1,-1
155,156,543.10,360.23,34.99,106.01,1,-1,-1,-1
155,160,2.33,376.32,70.03,199.91,1,-1,-1,-1
155,158,517.56,371.55,28.79,84.12,1,-1,-1,-1
155,107,1794.28,312.75,125.56,610.07,1,-1,-1,-1
155,159,200.08,367.77,22.48,66.78,1,-1,-1,-1
156,103,899.05,344.14,51.42,131.87,1,-1,-1,-1
156,104,1010.39,347.82,72.44,167.70,1,-1,-1,-1
156,102,1559.48,350.46,62.45,146.70,1,-1,-1,-1
156,142,823.49,340.54,42.20,129.31,1,-1,-1,-1
156,146,748.06,371.09,34.95,50.99,1,-1,-1,-1
156,145,351.56,359.21,51.82,133.78,1,-1,-1,-1
156,138,1118.52,328.16,62.10,172.08,1,-1,-1,-1
156,152,60.84,333.81,112.97,258.98,1,-1,-1,-1
156,153,243.80,368.48,36.54,101.81,1,-1,-1,-1
156,156,544.75,357.20,36.50,107.95,1,-1,-1,-1
156,160,0.71,372.90,67.94,200.60,1,-1,-1,-1
156,158,515.33,369.60,28.77,85.01,1,-1,-1,-1
156,107,1787.61,307.22,132.90,619.90,1,-1,-1,-1
156,159,200.76,363.65,23.24,69.19,1,-1,-1,-1
157,103,898.61,343.76,50.86,132.12,1,-1,-1,-1
157,104,1011.38,347.21,70.78,167.06,1,-1,-1,-1
157,102,1562.55,348.35,63.56,148.30,1,-1,-1,-1
157,142,823.61,340.00,42.45,130.39,1,-1,-1,-1
157,146,747.34,370.74,35.35,51.52,1,-1,-1,-1
157,145,350.66,358.65,52.33,135.77,1,-1,-1,-1
157,138,1119.19,326.73,62.71,173.88,1,-1,-1,-1
157,152,55.77,335.47,115.36,258.27,1,-1,-1,-1
157,153,245.17,368.00,35.88,100.91,1,-1,-1,-1
157,156,544.82,356.43,38.52,109.70,1,-1,-1,-1
157,160,0.41,372.60,66.11,203.68,1,-1,-1,-1
157,158,513.64,370.07,28.53,84.61,1,-1,-1,-1
157,107,1779.98,298.62,139.85,630.02,1,-1,-1,-1
157,159,201.39,366.18,21.56,66.20,1,-1,-1,-1
157,162,936.85,339.58,33.23,112.94,1,-1,-1,-1
157,118,621.24,342.94,63.07,151.02,1,-1,-1,-1
158,103,897.16,343.64,50.27,132.15,1,-1,-1,-1
158,104,1010.70,346.10,70.89,169.11,1,-1,-1,-1
158,102,1566.95,345.80,63.39,151.58,1,-1,-1,-1
158,142,822.03,339.55,43.29,132.88,1,-1,-1,-1
158,146,747.44,370.93,34.56,52.32,1,-1,-1,-1
158,145,348.87,359.05,52.08,136.12,1,-1,-1,-1
158,138,1117.60,325.43,64.31,176.72,1,-1,-1,-1
158,152,51.88,339.21,114.59,255.58,1,-1,-1,-1
158,153,244.68,368.18,35.72,101.72,1,-1,-1,-1
158,156,543.10,357.20,39.39,109.30,1,-1,-1,-1
158,160,-0.16,373.08,61.85,206.54,1,-1,-1,-1
158,158,513.85,370.34,28.89,85.92,1,-1,-1,-1
158,107,1754.99,303.12,163.81,615.24,1,-1,-1,-1
158,159,200.07,367.38,20.61,65.72,1,-1,-1,-1
158,162,940.52,339.53,33.06,110.18,1,-1,-1,-1
158,118,624.38,343.04,64.05,151.22,1,-1,-1,-1
159,103,896.35,342.27,50.16,133.67,1,-1,-1,-1
159,104,1008.79,346.24,71.83,169.67,1,-1,-1,-1
159,102,1571.09,345.47,64.46,152.87,1,-1,-1,-1
159,142,821.10,341.08,42.93,131.37,1,-1,-1,-1
159,146,746.83,372.56,35.46,51.70,1,-1,-1,-1
159,145,346.83,359.59,49.98,134.74,1,-1,-1,-1
159,138,1117.09,325.50,64.29,176.91,1,-1,-1,-1
159,152,49.67,340.92,113.09,254.39,1,-1,-1,-1
159,153,245.86,368.35,35.90,100.84,1,-1,-1,-1
159,156,541.74,359.04,40.47,108.12,1,-1,-1,-1
159,160,-0.12,373.95,57.87,208.84,1,-1,-1,-1
159,158,515.06,368.19,30.20,88.59,1,-1,-1,-1
159,107,1739.73,302.70,178.32,613.95,1,-1,-1,-1
159,159,199.52,368.45,20.55,63.48,1,-1,-1,-1
159,162,940.44,340.17,37.14,110.73,1,-1,-1,-1
159,118,625.56,343.48,63.53,150.08,1,-1,-1,-1
160,103,895.22,342.77,49.93,133.75,1,-1,-1,-1
160,104,1006.39,347.78,71.67,169.47,1,-1,-1,-1
160,102,1571.83,343.88,65.58,155.47,1,-1,-1,-1
160,142,820.38,342.10,43.06,130.85,1,-1,-1,-1
160,146,747.06,374.02,34.28,50.88,1,-1,-1,-1
160,145,343.95,361.96,51.65,133.24,1,-1,-1,-1
160,138,1118.32,327.07,63.36,177.32,1,-1,-1,-1
160,152,40.55,339.93,116.38,254.39,1,-1,-1,-1
160,153,239.17,368.33,36.64,102.53,1,-1,-1,-1
160,156,539.57,358.98,39.26,109.41,1,-1,-1,-1
160,160,-0.27,373.09,57.59,207.59,1,-1,-1,-1
160,158,514.96,366.75,30.63,93.21,1,-1,-1,-1
160,107,1731.85,300.19,186.29,627.22,1,-1,-1,-1
160,159,195.60,366.66,21.83,65.80,1,-1,-1,-1
160,162,936.60,342.17,36.94,108.88,1,-1,-1,-1
160,118,624.89,345.07,63.22,147.89,1,-1,-1,-1
161,103,889.99,345.71,47.77,132.08,1,-1,-1,-1
161,104,1000.35,348.70,70.55,171.28,1,-1,-1,-1
161,102,1568.26,347.44,64.74,154.63,1,-1,-1,-1
161,142,814.29,345.65,43.14,131.25,1,-1,-1,-1
161,146,740.28,377.96,34.86,50.57,1,-1,-1,-1
161,145,335.43,366.74,50.79,131.85,1,-1,-1,-1
161,138,1115.50,327.13,64.44,181.76,1,-1,-1,-1
161,152,27.66,344.37,113.89,255.34,1,-1,-1,-1
161,153,230.28,370.18,35.44,103.39,1,-1,-1,-1
161,156,532.69,363.45,39.98,107.26,1,-1,-1,-1
161,158,509.22,369.20,32.00,93.05,1,-1,-1,-1
161,107,1707.64,301.69,208.94,631.28,1,-1,-1,-1
161,159,187.45,370.46,21.46,65.07,1,-1,-1,-1
161,162,935.37,344.40,34.77,112.94,1,-1,-1,-1
161,118,618.23,346.06,64.96,151.38,1,-1,-1,-1
161,161,199.00,371.10,26.09,66.90,1,-1,-1,-1
162,103,886.40,344.60,48.40,132.84,1,-1,-1,-1
162,104,997.54,346.38,70.05,172.30,1,-1,-1,-1
162,102,1568.34,346.79,63.14,154.80,1,-1,-1,-1
162,142,812.51,344.02,43.26,131.47,1,-1,-1,-1
162,146,739.96,375.03,34.72,51.37,1,-1,-1,-1
162,145,333.54,366.04,50.48,131.49,1,-1,-1,-1
162,138,1115.25,325.96,63.12,184.26,1,-1,-1,-1
162,152,21.65,341.96,110.98,255.41,1,-1,-1,-1
162,153,223.83,369.28,36.47,104.61,1,-1,-1,-1
162,156,529.37,359.38,39.87,109.96,1,-1,-1,-1
162,158,509.28,365.09,31.31,94.28,1,-1,-1,-1
162,107,1694.49,301.71,222.88,633.44,1,-1,-1,-1
162,159,182.63,367.83,20.36,63.04,1,-1,-1,-1
162,162,935.26,343.17,33.87,115.61,1,-1,-1,-1
162,118,614.85,344.37,65.74,152.43,1,-1,-1,-1
162,161,201.68,368.58,26.35,74.09,1,-1,-1,-1
163,103,879.75,345.34,49.26,132.07,1,-1,-1,-1
163,104,992.24,348.03,69.12,170.57,1,-1,-1,-1
163,102,1565.22,348.68,64.68,152.79,1,-1,-1,-1
163,142,809.00,345.10,43.27,129.03,1,-1,-1,-1
163,146,734.30,376.84,36.68,50.02,1,-1,-1,-1
163,145,327.10,367.25,50.81,130.38,1,-1,-1,-1
163,138,1112.41,326.69,62.05,184.39,1,-1,-1,-1
163,152,9.30,342.99,114.43,257.20,1,-1,-1,-1
163,153,216.66,368.93,38.24,107.24,1,-1,-1,-1
163,156,522.25,358.37,41.09,111.81,1,-1,-1,-1
163,158,495.10,368.52,27.09,86.50,1,-1,-1,-1
163,107,1684.44,311.87,232.74,621.56,1,-1,-1,-1
163,159,175.68,368.58,22.22,64.73,1,-1,-1,-1
163,162,930.71,345.11,34.42,113.20,1,-1,-1,-1
163,118,609.99,343.28,66.66,155.21,1,-1,-1,-1
163,161,190.49,368.37,24.41,75.74,1,-1,-1,-1
164,103,873.26,345.22,50.25,133.04,1,-1,-1,-1
164,104,984.52,347.61,70.97,172.82,1,-1,-1,-1
164,102,1560.90,349.71,63.07,153.72,1,-1,-1,-1
164,142,804.06,345.44,43.85,130.28,1,-1,-1,-1
164,146,730.68,377.45,35.51,49.24,1,-1,-1,-1
164,145,320.92,368.05,52.06,130.72,1,-1,-1,-1
164,138,1109.35,326.47,62.23,185.32,1,-1,-1,-1
164,152,0.84,342.14,113.57,259.86,1,-1,-1,-1
164,153,207.50,369.94,39.23,107.25,1,-1,-1,-1
164,156,515.32,359.48,39.06,110.68,1,-1,-1,-1
164,158,487.79,370.07,28.35,87.10,1,-1,-1,-1
164,107,1676.34,315.95,240.87,621.01,1,-1,-1,-1
164,159,171.81,369.13,23.45,66.21,1,-1,-1,-1
164,162,923.85,344.19,34.06,113.22,1,-1,-1,-1
164,118,604.62,344.57,67.72,154.68,1,-1,-1,-1
165,103,867.62,346.13,50.68,132.84,1,-1,-1,-1
165,104,977.31,346.26,71.58,174.56,1,-1,-1,-1
165,102,1556.91,349.25,60.81,155.01,1,-1,-1,-1
165,142,799.13,346.71,43.00,129.71,1,-1,-1,-1
165,146,722.82,376.29,37.31,50.50,1,-1,-1,-1
165,145,315.22,368.36,50.68,129.96,1,-1,-1,-1
165,138,1103.96,326.79,62.88,185.40,1,-1,-1,-1
165,152,-2.74,341.24,105.31,263.22,1,-1,-1,-1
165,153,200.23,368.88,39.34,107.66,1,-1,-1,-1
165,156,508.05,360.04,38.42,110.49,1,-1,-1,-1
165,158,485.32,368.00,29.14,90.19,1,-1,-1,-1
165,107,1670.86,320.18,243.80,613.76,1,-1,-1,-1
165,159,164.58,367.04,24.82,67.91,1,-1,-1,-1
165,162,916.96,344.05,35.96,112.15,1,-1,-1,-1
165,118,599.59,343.02,68.30,155.48,1,-1,-1,-1
165,161,180.06,365.64,22.81,80.62,1,-1,-1,-1
166,103,857.94,342.36,50.76,135.98,1,-1,-1,-1
166,104,965.22,346.38,70.95,171.71,1,-1,-1,-1
166,102,1550.71,347.55,60.69,156.32,1,-1,-1,-1
166,142,786.67,344.81,43.65,130.26,1,-1,-1,-1
166,146,712.78,374.76,36.56,52.04,1,-1,-1,-1
166,145,303.11,366.17,50.47,131.46,1,-1,-1,-1
166,138,1093.27,327.32,64.04,185.45,1,-1,-1,-1
166,152,-5.03,345.58,92.38,261.54,1,-1,-1,-1
166,153,185.73,366.90,39.92,108.03,1,-1,-1,-1
166,156,497.70,359.26,39.68,109.65,1,-1,-1,-1
166,158,464.71,368.96,26.06,85.03,1,-1,-1,-1
166,107,1663.38,317.45,230.66,612.56,1,-1,-1,-1
166,159,146.07,366.38,24.61,66.69,1,-1,-1,-1
166,162,908.11,344.17,34.75,111.86,1,-1,-1,-1
166,118,590.66,339.50,69.42,159.91,1,-1,-1,-1
166,161,161.55,362.25,29.50,86.13,1,-1,-1,-1
166,141,481.09,364.47,31.67,96.31,1,-1,-1,-1
167,103,851.75,342.57,51.29,135.27,1,-1,-1,-1
167,104,958.36,346.14,70.54,171.58,1,-1,-1,-1
167,102,1547.13,346.40,59.22,155.81,1,-1,-1,-1
167,142,780.16,343.74,44.13,131.87,1,-1,-1,-1
167,146,705.89,373.83,39.28,51.86,1,-1,-1,-1
167,145,296.53,366.17,50.64,130.07,1,-1,-1,-1
167,138,1088.28,327.88,66.16,184.55,1,-1,-1,-1
167,152,-3.08,352.26,80.23,254.99,1,-1,-1,-1
167,153,177.00,366.34,41.43,109.52,1,-1,-1,-1
167,156,491.50,356.93,40.65,112.81,1,-1,-1,-1
167,158,459.40,368.88,26.13,85.66,1,-1,-1,-1
167,107,1659.51,317.36,221.35,609.88,1,-1,-1,-1
167,159,140.32,366.46,24.04,66.68,1,-1,-1,-1
167,162,906.85,343.58,31.60,113.75,1,-1,-1,-1
167,118,587.64,338.34,70.84,161.11,1,-1,-1,-1
167,161,153.49,362.99,26.08,84.88,1,-1,-1,-1
168,103,845.95,342.60,50.66,133.86,1,-1,-1,-1
168,104,949.80,346.42,70.94,171.21,1,-1,-1,-1
168,102,1540.49,345.28,60.31,157.78,1,-1,-1,-1
168,142,773.69,344.37,44.15,130.83,1,-1,-1,-1
168,146,700.23,373.25,39.23,52.39,1,-1,-1,-1
168,145,288.67,364.24,50.08,130.90,1,-1,-1,-1
168,138,1084.11,326.64,66.58,186.29,1,-1,-1,-1
168,152,-1.99,335.78,64.65,275.16,1,-1,-1,-1
168,153,170.47,366.16,41.38,109.55,1,-1,-1,-1
168,156,481.39,356.50,40.20,112.61,1,-1,-1,-1
168,107,1648.28,312.84,218.77,609.46,1,-1,-1,-1
168,159,132.63,364.61,24.26,69.34,1,-1,-1,-1
168,162,893.98,341.81,32.97,113.85,1,-1,-1,-1
168,118,582.60,339.55,73.35,161.35,1,-1,-1,-1
168,141,457.42,365.50,29.55,92.41,1,-1,-1,-1
169,103,837.40,341.96,51.71,135.26,1,-1,-1,-1
169,104,940.77,346.97,71.20,169.63,1,-1,-1,-1
169,102,1533.19,343.88,59.30,158.32,1,-1,-1,-1
169,142,765.83,343.70,44.84,133.41,1,-1,-1,-1
169,146,689.55,372.92,40.91,52.65,1,-1,-1,-1
169,145,279.02,361.82,50.18,132.56,1,-1,-1,-1
169,138,1077.29,324.73,68.74,187.74,1,-1,-1,-1
169,153,161.88,366.70,40.52,108.43,1,-1,-1,-1
169,156,471.58,355.11,40.63,114.50,1,-1,-1,-1
169,107,1640.38,314.48,219.21,610.66,1,-1,-1,-1
169,159,124.75,366.19,23.24,68.11,1,-1,-1,-1
169,162,884.40,340.37,38.25,113.89,1,-1,-1,-1
169,118,575.46,338.77,71.23,159.18,1,-1,-1,-1
169,141,453.92,363.55,29.25,99.51,1,-1,-1,-1
169,161,139.62,366.11,24.68,77.88,1,-1,-1,-1
170,103,830.72,342.05,52.07,133.92,1,-1,-1,-1
170,104,932.90,344.56,69.89,171.21,1,-1,-1,-1
170,102,1527.91,341.87,58.69,160.39,1,-1,-1,-1
170,142,757.76,343.79,43.95,132.52,1,-1,-1,-1
170,146,683.90,373.24,38.20,53.65,1,-1,-1,-1
170,145,270.41,361.71,51.58,132.58,1,-1,-1,-1
170,138,1071.32,324.48,67.06,188.16,1,-1,-1,-1
170,153,149.56,367.27,41.38,107.98,1,-1,-1,-1
170,156,463.49,355.40,40.23,114.72,1,-1,-1,-1
170,107,1632.86,310.00,212.26,611.78,1,-1,-1,-1
170,159,108.83,364.68,26.26,71.33,1,-1,-1,-1
170,162,877.68,342.69,37.89,110.89,1,-1,-1,-1
170,118,568.28,338.94,69.46,160.29,1,-1,-1,-1
170,141,440.53,364.59,34.72,98.95,1,-1,-1,-1
170,161,124.05,364.07,34.67,80.39,1,-1,-1,-1
170,158,428.73,366.73,26.00,85.57,1,-1,-1,-1
171,103,816.15,341.36,50.86,134.86,1,-1,-1,-1
171,104,915.96,345.71,71.36,169.65,1,-1,-1,-1
171,102,1517.30,340.11,61.05,162.37,1,-1,-1,-1
171,142,742.46,343.89,43.75,133.89,1,-1,-1,-1
171,146,668.09,373.64,42.19,53.01,1,-1,-1,-1
171,145,252.91,366.33,53.19,131.14,1,-1,-1,-1
171,138,1059.43,323.58,66.74,191.43,1,-1,-1,-1
171,153,133.49,369.72,42.11,108.59,1,-1,-1,-1
171,156,446.53,356.47,39.49,116.36,1,-1,-1,-1
171,107,1621.64,302.64,197.89,618.66,1,-1,-1,-1
171,159,93.02,367.76,24.32,68.85,1,-1,-1,-1
171,162,859.19,341.33,38.29,114.18,1,-1,-1,-1
171,118,551.42,340.54,71.81,160.06,1,-1,-1,-1
171,141,423.94,363.46,31.85,102.02,1,-1,-1,-1
171,161,111.29,367.13,28.78,83.26,1,-1,-1,-1
172,103,809.18,342.05,51.35,136.18,1,-1,-1,-1
172,104,908.88,346.63,69.37,170.80,1,-1,-1,-1
172,102,1512.52,340.44,61.04,162.44,1,-1,-1,-1
172,142,736.36,345.54,44.45,135.35,1,-1,-1,-1
172,146,661.95,376.12,42.24,51.72,1,-1,-1,-1
172,145,247.03,369.04,52.99,130.70,1,-1,-1,-1
172,138,1054.47,322.88,68.16,193.95,1,-1,-1,-1
172,153,123.46,372.85,42.10,107.94,1,-1,-1,-1
172,156,437.27,356.39,40.84,118.86,1,-1,-1,-1
172,107,1602.38,303.94,203.52,617.10,1,-1,-1,-1
172,159,79.55,367.97,24.72,72.86,1,-1,-1,-1
172,162,851.68,341.73,40.04,114.32,1,-1,-1,-1
172,118,543.63,341.98,72.31,158.97,1,-1,-1,-1
172,161,101.11,372.18,25.65,79.38,1,-1,-1,-1
173,103,803.79,343.32,51.19,134.88,1,-1,-1,-1
173,104,902.77,345.38,69.24,172.28,1,-1,-1,-1
173,102,1508.20,343.36,62.86,160.38,1,-1,-1,-1
173,142,729.93,345.41,43.65,132.92,1,-1,-1,-1
173,146,657.28,376.26,41.61,51.90,1,-1,-1,-1
173,145,241.05,369.01,52.30,131.34,1,-1,-1,-1
173,138,1050.34,322.09,67.79,193.28,1,-1,-1,-1
173,153,113.83,372.13,43.13,109.34,1,-1,-1,-1
173,156,432.96,356.67,40.10,118.20,1,-1,-1,-1
173,107,1593.39,301.45,196.45,615.49,1,-1,-1,-1
173,159,74.75,370.43,22.85,71.71,1,-1,-1,-1
173,162,846.98,344.04,38.37,112.76,1,-1,-1,-1
173,118,537.70,341.63,72.06,160.06,1,-1,-1,-1
173,161,92.94,371.91,22.54,81.15,1,-1,-1,-1
173,158,397.00,369.64,29.65,89.63,1,-1,-1,-1
173,141,417.15,363.86,31.43,105.61,1,-1,-1,-1
174,103,804.71,342.15,51.97,134.80,1,-1,-1,-1
174,104,894.30,345.00,72.38,170.43,1,-1,-1,-1
174,102,1503.79,344.51,60.91,159.52,1,-1,-1,-1
174,142,726.05,344.16,43.05,130.25,1,-1,-1,-1
174,146,656.43,379.06,36.89,51.04,1,-1,-1,-1
174,145,236.79,370.49,52.41,129.75,1,-1,-1,-1
174,138,1048.54,317.70,67.63,196.90,1,-1,-1,-1
174,153,113.19,370.63,43.09,106.90,1,-1,-1,-1
174,156,432.49,358.59,38.84,114.76,1,-1,-1,-1
174,107,1583.12,297.08,193.74,617.50,1,-1,-1,-1
174,159,74.45,372.36,22.00,68.93,1,-1,-1,-1
174,162,841.11,343.22,35.12,119.58,1,-1,-1,-1
174,118,534.38,336.92,73.12,164.51,1,-1,-1,-1
174,165,1778.83,271.33,141.81,636.45,1,-1,-1,-1
174,158,397.57,370.56,32.01,91.69,1,-1,-1,-1
174,141,418.02,365.26,31.06,101.51,1,-1,-1,-1
175,103,802.14,342.48,51.38,135.23,1,-1,-1,-1
175,104,890.87,347.23,71.00,171.85,1,-1,-1,-1
175,102,1498.31,346.67,60.52,158.12,1,-1,-1,-1
175,142,720.48,344.14,43.93,132.74,1,-1,-1,-1
175,146,652.73,377.98,38.40,50.65,1,-1,-1,-1
175,145,231.56,374.54,52.23,129.22,1,-1,-1,-1
175,138,1046.92,318.43,66.30,199.08,1,-1,-1,-1
175,153,109.28,373.84,40.41,110.03,1,-1,-1,-1
175,156,423.93,361.70,40.34,117.37,1,-1,-1,-1
175,107,1577.64,296.62,193.06,627.77,1,-1,-1,-1
175,159,62.66,374.65,24.15,73.63,1,-1,-1,-1
175,162,840.67,342.96,34.63,115.53,1,-1,-1,-1
175,118,529.50,339.48,74.94,165.07,1,-1,-1,-1
175,165,1766.29,274.04,154.29,642.46,1,-1,-1,-1
175,158,391.97,373.28,30.95,90.76,1,-1,-1,-1
176,103,797.49,343.68,50.82,134.22,1,-1,-1,-1
176,104,890.60,345.68,69.88,173.05,1,-1,-1,-1
176,102,1495.35,342.24,60.30,162.19,1,-1,-1,-1
176,142,718.01,345.19,44.79,132.94,1,-1,-1,-1
176,146,651.38,378.35,39.28,49.43,1,-1,-1,-1
176,145,229.18,373.01,50.70,130.46,1,-1,-1,-1
176,138,1048.65,316.27,66.35,201.11,1,-1,-1,-1
176,153,106.22,373.49,39.01,110.29,1,-1,-1,-1
176,156,420.13,360.45,40.50,119.98,1,-1,-1,-1
176,107,1565.61,300.89,192.19,633.69,1,-1,-1,-1
176,159,56.79,374.69,24.49,72.57,1,-1,-1,-1
176,162,839.51,343.37,35.35,116.03,1,-1,-1,-1
176,118,526.42,338.76,77.81,168.62,1,-1,-1,-1
176,165,1748.12,281.81,173.53,644.65,1,-1,-1,-1
176,158,392.49,371.28,30.76,93.46,1,-1,-1,-1
176,166,953.06,352.56,37.95,101.05,1,-1,-1,-1
176,161,72.68,377.50,23.73,71.35,1,-1,-1,-1
177,103,795.13,346.17,51.06,132.94,1,-1,-1,-1
177,104,889.92,347.06,68.44,170.56,1,-1,-1,-1
177,102,1494.01,342.60,60.13,162.27,1,-1,-1,-1
177,142,718.49,345.40,43.14,132.38,1,-1,-1,-1
177,146,651.74,378.68,38.98,49.44,1,-1,-1,-1
177,145,226.75,370.55,51.59,134.74,1,-1,-1,-1
177,138,1048.29,318.17,67.92,202.44,1,-1,-1,-1
177,153,103.37,375.21,37.63,109.76,1,-1,-1,-1
177,156,418.31,361.56,40.36,118.37,1,-1,-1,-1
177,107,1559.94,308.72,190.64,630.66,1,-1,-1,-1
177,159,53.89,375.95,24.85,72.29,1,-1,-1,-1
177,162,841.86,344.68,33.56,116.05,1,-1,-1,-1
177,118,524.36,339.27,78.54,170.22,1,-1,-1,-1
177,165,1738.88,282.58,182.44,648.92,1,-1,-1,-1
177,158,391.31,373.18,30.29,92.53,1,-1,-1,-1
177,166,952.94,353.32,36.98,100.42,1,-1,-1,-1
177,161,70.18,378.63,25.38,72.78,1,-1,-1,-1
178,103,790.80,345.08,50.65,132.64,1,-1,-1,-1
178,104,888.60,347.64,66.06,164.55,1,-1,-1,-1
178,102,1493.78,339.79,59.10,162.93,1,-1,-1,-1
178,142,716.05,344.73,42.78,132.68,1,-1,-1,-1
178,146,650.14,376.47,38.15,50.74,1,-1,-1,-1
178,145,223.43,367.22,53.46,136.00,1,-1,-1,-1
178,138,1046.85,316.76,68.59,204.15,1,-1,-1,-1
178,153,95.92,374.52,40.34,109.65,1,-1,-1,-1
178,156,412.87,357.79,41.18,120.80,1,-1,-1,-1
178,107,1548.75,306.83,194.39,629.00,1,-1,-1,-1
178,159,51.32,375.53,23.87,70.55,1,-1,-1,-1
178,162,836.61,342.63,35.61,117.14,1,-1,-1,-1
178,118,520.99,340.61,76.67,169.42,1,-1,-1,-1
178,165,1727.33,283.57,193.64,646.26,1,-1,-1,-1
178,158,390.52,370.40,30.38,95.21,1,-1,-1,-1
178,166,949.44,349.88,38.48,96.47,1,-1,-1,-1
178,161,68.12,377.76,24.99,73.47,1,-1,-1,-1
179,103,788.89,341.82,50.10,134.35,1,-1,-1,-1
179,104,887.34,343.82,65.12,164.52,1,-1,-1,-1
179,102,1493.26,336.97,60.32,163.68,1,-1,-1,-1
179,142,715.17,342.21,42.47,134.12,1,-1,-1,-1
179,146,650.50,372.68,37.26,52.46,1,-1,-1,-1
179,145,223.19,364.20,52.79,133.66,1,-1,-1,-1
179,138,1048.37,314.57,67.23,204.28,1,-1,-1,-1
179,153,91.39,370.68,40.99,111.54,1,-1,-1,-1
179,156,409.08,353.44,42.81,122.82,1,-1,-1,-1
179,107,1539.39,313.77,198.24,619.06,1,-1,-1,-1
179,159,49.92,372.10,23.66,68.58,1,-1,-1,-1
179,162,835.74,340.75,36.28,116.77,1,-1,-1,-1
179,118,518.16,336.87,77.74,171.17,1,-1,-1,-1
179,165,1722.62,283.91,197.89,646.87,1,-1,-1,-1
179,158,390.97,365.87,30.95,98.23,1,-1,-1,-1
179,166,948.03,344.55,37.88,99.30,1,-1,-1,-1
179,161,66.35,373.20,23.12,76.05,1,-1,-1,-1
180,103,788.95,336.90,48.92,136.05,1,-1,-1,-1
180,104,886.75,339.44,63.82,165.95,1,-1,-1,-1
180,102,1495.27,331.52,61.26,169.56,1,-1,-1,-1
180,142,713.22,339.56,44.18,135.31,1,-1,-1,-1
180,146,650.14,367.07,37.96,54.51,1,-1,-1,-1
180,145,224.19,359.12,52.42,132.82,1,-1,-1,-1
180,138,1048.63,311.99,67.67,204.96,1,-1,-1,-1
180,153,88.12,367.12,40.99,110.93,1,-1,-1,-1
180,156,407.27,347.07,43.89,124.87,1,-1,-1,-1
180,107,1537.95,308.97,192.40,622.70,1,-1,-1,-1
180,159,47.11,367.46,24.12,69.28,1,-1,-1,-1
180,162,835.66,336.75,37.01,114.89,1,-1,-1,-1
180,118,516.74,332.69,77.11,169.53,1,-1,-1,-1
180,165,1722.17,283.13,199.18,646.29,1,-1,-1,-1
180,166,947.64,340.97,38.91,101.34,1,-1,-1,-1
181,103,785.49,330.94,49.36,135.98,1,-1,-1,-1
181,104,882.96,335.17,63.36,165.60,1,-1,-1,-1
181,142,710.74,331.93,46.04,138.46,1,-1,-1,-1
181,146,647.33,361.82,39.28,55.01,1,-1,-1,-1
181,145,221.03,351.35,51.21,133.37,1,-1,-1,-1
181,138,1047.48,306.71,68.74,205.35,1,-1,-1,-1
181,153,83.80,360.45,42.24,110.07,1,-1,-1,-1
181,156,404.76,338.80,43.12,127.93,1,-1,-1,-1
181,107,1529.10,300.72,189.17,625.19,1,-1,-1,-1
181,159,43.62,359.77,24.16,69.45,1,-1,-1,-1
181,162,832.93,332.90,37.61,114.57,1,-1,-1,-1
181,118,513.14,325.23,77.44,167.38,1,-1,-1,-1
181,165,1722.56,280.18,198.92,640.42,1,-1,-1,-1
181,166,942.29,336.26,39.25,100.85,1,-1,-1,-1
182,103,782.84,327.24,50.26,134.37,1,-1,-1,-1
182,104,881.84,331.06,63.37,167.07,1,-1,-1,-1
182,142,709.25,328.27,46.11,139.15,1,-1,-1,-1
182,146,647.29,358.85,39.11,54.84,1,-1,-1,-1
182,145,220.76,347.16,51.24,132.61,1,-1,-1,-1
182,138,1047.75,301.52,69.10,207.23,1,-1,-1,-1
182,153,81.93,355.81,43.56,110.39,1,-1,-1,-1
182,156,403.51,335.73,42.75,125.26,1,-1,-1,-1
182,107,1520.97,292.77,186.75,631.41,1,-1,-1,-1
182,159,41.70,354.95,24.04,69.50,1,-1,-1,-1
182,162,830.66,327.75,38.43,115.23,1,-1,-1,-1
182,118,512.42,321.71,75.90,165.31,1,-1,-1,-1
182,165,1718.69,278.11,199.36,627.93,1,-1,-1,-1
182,166,938.53,332.15,39.63,101.85,1,-1,-1,-1
182,158,388.98,346.68,31.73,103.79,1,-1,-1,-1
183,103,780.27,325.82,51.73,135.46,1,-1,-1,-1
183,104,880.78,329.39,64.88,168.81,1,-1,-1,-1
183,142,708.15,326.75,46.39,140.94,1,-1,-1,-1
183,146,648.59,358.11,37.43,54.34,1,-1,-1,-1
183,145,221.06,345.57,51.12,132.22,1,-1,-1,-1
183,138,1048.34,298.82,69.12,208.20,1,-1,-1,-1
183,153,79.77,354.06,43.85,109.41,1,-1,-1,-1
183,156,403.68,334.81,41.74,122.94,1,-1,-1,-1
183,107,1512.95,290.68,187.77,620.44,1,-1,-1,-1
183,159,40.34,354.47,23.50,69.24,1,-1,-1,-1
183,162,829.44,324.44,37.16,117.17,1,-1,-1,-1
183,118,512.06,320.28,76.18,164.58,1,-1,-1,-1
183,165,1713.88,272.06,201.84,637.77,1,-1,-1,-1
183,166,935.63,330.42,38.32,103.23,1,-1,-1,-1
183,158,389.55,343.84,32.48,106.13,1,-1,-1,-1
184,103,777.54,324.08,52.25,135.26,1,-1,-1,-1
184,104,877.80,328.40,66.34,167.72,1,-1,-1,-1
184,142,707.74,324.27,46.07,140.21,1,-1,-1,-1
184,146,648.67,356.03,37.35,54.08,1,-1,-1,-1
184,145,221.27,344.31,50.58,131.67,1,-1,-1,-1
184,138,1046.85,296.46,69.94,209.22,1,-1,-1,-1
184,153,78.15,352.14,43.60,108.85,1,-1,-1,-1
184,156,401.10,334.87,41.92,120.84,1,-1,-1,-1
184,107,1502.11,291.74,189.22,615.24,1,-1,-1,-1
184,159,41.56,353.70,22.75,70.07,1,-1,-1,-1
184,162,828.20,323.70,37.89,117.11,1,-1,-1,-1
184,118,512.26,318.00,76.63,164.00,1,-1,-1,-1
184,165,1706.06,267.67,206.30,637.73,1,-1,-1,-1
184,166,933.29,328.68,37.17,102.88,1,-1,-1,-1
185,103,776.82,325.03,52.75,132.38,1,-1,-1,-1
185,104,875.40,327.90,68.45,166.83,1,-1,-1,-1
185,142,707.33,322.40,46.23,140.92,1,-1,-1,-1
185,146,649.07,354.63,37.73,53.96,1,-1,-1,-1
185,145,221.10,342.71,50.49,129.72,1,-1,-1,-1
185,138,1048.42,294.07,69.00,213.21,1,-1,-1,-1
185,153,77.47,349.94,43.07,108.73,1,-1,-1,-1
185,156,399.85,333.23,42.42,121.26,1,-1,-1,-1
185,107,1491.59,285.04,192.33,627.89,1,-1,-1,-1
185,159,40.98,350.34,22.25,70.83,1,-1,-1,-1
185,162,828.12,322.74,38.52,118.41,1,-1,-1,-1
185,118,511.68,316.38,76.43,164.77,1,-1,-1,-1
185,165,1698.78,265.11,214.52,636.29,1,-1,-1,-1
185,166,931.18,325.73,36.72,107.11,1,-1,-1,-1
185,168,364.30,350.17,28.10,90.28,1,-1,-1,-1
186,103,774.37,325.40,53.58,133.23,1,-1,-1,-1
186,104,873.93,327.47,69.89,168.13,1,-1,-1,-1
186,142,708.09,322.13,46.41,139.74,1,-1,-1,-1
186,146,650.13,353.83,37.68,53.55,1,-1,-1,-1
186,145,220.89,341.40,50.86,129.39,1,-1,-1,-1
186,138,1049.26,292.72,71.21,217.46,1,-1,-1,-1
186,153,76.01,347.18,42.32,109.15,1,-1,-1,-1
186,156,398.38,333.14,41.94,120.03,1,-1,-1,-1
186,107,1478.24,282.01,199.92,634.89,1,-1,-1,-1
186,159,38.09,346.21,23.35,71.20,1,-1,-1,-1
186,162,827.23,321.41,39.26,120.15,1,-1,-1,-1
186,118,510.36,310.50,75.54,170.46,1,-1,-1,-1
186,165,1686.02,266.36,225.35,637.43,1,-1,-1,-1
186,166,928.71,325.08,36.35,108.12,1,-1,-1,-1
186,168,364.88,347.16,28.91,90.19,1,-1,-1,-1
187,103,772.35,326.68,53.85,133.87,1,-1,-1,-1
187,104,872.35,329.02,68.58,168.03,1,-1,-1,-1
187,142,706.80,323.75,47.88,139.37,1,-1,-1,-1
187,146,651.19,355.77,36.21,53.17,1,-1,-1,-1
187,145,220.18,342.45,50.83,129.27,1,-1,-1,-1
187,138,1050.05,293.91,72.05,219.10,1,-1,-1,-1
187,153,74.10,346.99,42.52,110.15,1,-1,-1,-1
187,156,396.55,333.28,41.91,121.67,1,-1,-1,-1
187,107,1466.21,284.14,206.67,638.35,1,-1,-1,-1
187,159,35.85,345.24,24.28,72.39,1,-1,-1,-1
187,162,824.54,324.04,40.15,120.13,1,-1,-1,-1
187,118,507.02,310.96,77.30,172.82,1,-1,-1,-1
187,165,1676.60,264.17,234.57,649.28,1,-1,-1,-1
187,166,926.47,326.56,36.58,109.18,1,-1,-1,-1
187,168,363.66,347.51,29.21,90.22,1,-1,-1,-1
188,103,769.20,323.03,55.26,138.29,1,-1,-1,-1
188,104,870.95,328.14,68.92,167.05,1,-1,-1,-1
188,142,706.11,323.73,48.11,138.57,1,-1,-1,-1
188,146,653.50,356.98,35.63,51.02,1,-1,-1,-1
188,145,219.35,340.53,52.56,129.69,1,-1,-1,-1
188,138,1051.57,293.45,72.54,220.67,1,-1,-1,-1
188,153,72.36,343.31,43.27,111.00,1,-1,-1,-1
188,156,396.65,332.50,42.31,122.02,1,-1,-1,-1
188,107,1454.09,279.46,209.56,641.12,1,-1,-1,-1
188,159,37.92,342.09,25.26,72.21,1,-1,-1,-1
188,162,824.42,321.97,40.75,122.88,1,-1,-1,-1
188,118,507.12,308.91,77.07,172.39,1,-1,-1,-1
188,165,1665.97,263.89,243.32,660.74,1,-1,-1,-1
188,166,924.92,323.98,37.56,113.84,1,-1,-1,-1
188,168,363.12,347.16,28.89,90.27,1,-1,-1,-1
189,103,769.01,326.80,52.98,137.24,1,-1,-1,-1
189,104,869.06,330.86,69.37,165.10,1,-1,-1,-1
189,142,704.62,326.41,49.10,139.99,1,-1,-1,-1
189,146,651.09,357.83,37.10,52.74,1,-1,-1,-1
189,145,219.60,340.31,53.32,133.41,1,-1,-1,-1
189,138,1051.08,297.59,71.85,222.72,1,-1,-1,-1
189,153,73.16,342.77,41.11,112.95,1,-1,-1,-1
189,156,394.33,333.97,42.72,122.96,1,-1,-1,-1
189,107,1434.57,282.66,219.19,644.07,1,-1,-1,-1
189,159,34.49,341.56,22.59,71.09,1,-1,-1,-1
189,162,823.31,326.68,40.25,122.24,1,-1,-1,-1
189,118,508.32,311.72,77.37,170.08,1,-1,-1,-1
189,165,1655.85,271.58,245.53,657.97,1,-1,-1,-1
189,166,922.91,327.94,38.65,113.65,1,-1,-1,-1
189,168,362.33,348.27,28.26,89.04,1,-1,-1,-1
190,103,770.91,329.11,51.55,135.62,1,-1,-1,-1
190,104,868.53,331.72,68.43,164.07,1,-1,-1,-1
190,142,704.93,329.42,49.28,138.88,1,-1,-1,-1
190,146,651.55,360.05,38.10,52.67,1,-1,-1,-1
190,145,221.47,339.95,52.44,133.89,1,-1,-1,-1
190,138,1053.00,298.24,73.64,224.16,1,-1,-1,-1
190,153,72.71,345.45,42.10,109.91,1,-1,-1,-1
190,156,393.29,334.19,42.74,124.02,1,-1,-1,-1
190,107,1422.46,285.29,228.41,647.47,1,-1,-1,-1
190,159,34.27,342.79,24.17,71.17,1,-1,-1,-1
190,162,824.43,329.75,40.65,119.84,1,-1,-1,-1
190,118,509.17,314.28,77.17,169.60,1,-1,-1,-1
190,165,1648.45,276.04,245.62,663.96,1,-1,-1,-1
190,166,922.97,329.71,38.87,111.93,1,-1,-1,-1
190,168,364.55,346.38,29.74,94.38,1,-1,-1,-1
191,103,771.65,329.21,49.81,135.92,1,-1,-1,-1
191,104,865.42,332.68,69.65,167.07,1,-1,-1,-1
191,142,705.14,331.32,49.40,139.55,1,-1,-1,-1
191,146,651.52,362.04,39.40,51.97,1,-1,-1,-1
191,145,222.22,338.48,53.30,133.44,1,-1,-1,-1
191,138,1055.72,300.99,74.04,227.54,1,-1,-1,-1
191,153,71.68,344.86,42.14,108.75,1,-1,-1,-1
191,156,391.57,332.67,43.21,126.09,1,-1,-1,-1
191,107,1408.77,291.35,237.18,658.49,1,-1,-1,-1
191,159,32.79,341.07,25.58,72.44,1,-1,-1,-1
191,162,824.10,330.52,41.91,121.37,1,-1,-1,-1
191,118,510.79,315.61,76.81,170.55,1,-1,-1,-1
191,165,1642.32,290.60,247.94,659.16,1,-1,-1,-1
191,166,922.36,329.74,37.83,116.56,1,-1,-1,-1
191,168,365.49,344.43,29.51,98.96,1,-1,-1,-1
192,103,771.67,331.78,49.20,135.61,1,-1,-1,-1
192,104,864.43,334.59,69.61,167.73,1,-1,-1,-1
192,142,705.12,332.51,49.66,139.73,1,-1,-1,-1
192,146,652.62,362.22,39.06,53.44,1,-1,-1,-1
192,145,222.57,338.24,53.76,133.54,1,-1,-1,-1
192,138,1057.72,304.70,75.25,227.97,1,-1,-1,-1
192,153,70.38,344.87,43.15,108.67,1,-1,-1,-1
192,156,389.74,332.35,43.54,126.10,1,-1,-1,-1
192,107,1404.16,298.50,232.44,649.84,1,-1,-1,-1
192,159,34.13,340.01,24.75,72.50,1,-1,-1,-1
192,162,823.15,331.36,43.94,122.94,1,-1,-1,-1
192,118,511.79,316.74,77.97,171.37,1,-1,-1,-1
192,165,1635.03,299.41,253.07,654.17,1,-1,-1,-1
192,166,922.82,331.40,35.57,116.62,1,-1,-1,-1
192,168,366.35,344.34,28.86,99.57,1,-1,-1,-1
193,103,771.32,330.15,50.39,137.89,1,-1,-1,-1
193,104,862.10,334.51,72.23,169.32,1,-1,-1,-1
193,142,704.67,332.78,50.66,140.54,1,-1,-1,-1
193,146,654.14,360.09,38.86,54.39,1,-1,-1,-1
193,145,222.40,334.86,54.72,134.32,1,-1,-1,-1
193,138,1061.87,306.01,75.04,226.30,1,-1,-1,-1
193,153,70.60,342.41,42.21,107.36,1,-1,-1,-1
193,156,390.15,330.69,42.53,124.68,1,-1,-1,-1
193,107,1405.53,305.65,223.80,650.11,1,-1,-1,-1
193,159,33.32,336.99,25.52,74.09,1,-1,-1,-1
193,162,824.66,330.10,44.00,122.73,1,-1,-1,-1
193,118,512.54,314.29,80.30,174.01,1,-1,-1,-1
193,165,1630.94,302.84,245.21,658.52,1,-1,-1,-1
193,166,922.97,329.00,35.47,119.92,1,-1,-1,-1
193,168,367.12,344.12,28.95,98.74,1,-1,-1,-1
194,103,769.54,330.01,50.67,137.38,1,-1,-1,-1
194,104,861.91,335.82,71.09,167.90,1,-1,-1,-1
194,142,704.69,331.25,50.34,141.19,1,-1,-1,-1
194,146,655.04,360.84,38.12,53.21,1,-1,-1,-1
194,145,221.63,333.11,54.06,133.45,1,-1,-1,-1
194,138,1063.20,307.05,77.42,227.44,1,-1,-1,-1
194,153,69.09,341.60,42.60,106.08,1,-1,-1,-1
194,156,388.34,329.67,42.57,123.92,1,-1,-1,-1
194,107,1404.25,313.74,218.56,641.91,1,-1,-1,-1
194,159,31.95,334.98,25.17,72.31,1,-1,-1,-1
194,162,825.26,330.47,43.31,121.66,1,-1,-1,-1
194,118,513.31,313.16,79.70,176.25,1,-1,-1,-1
194,165,1626.54,302.95,244.62,655.52,1,-1,-1,-1
194,166,922.29,329.03,35.19,120.18,1,-1,-1,-1
194,168,368.35,343.37,28.00,98.81,1,-1,-1,-1
195,103,769.49,329.70,51.73,138.74,1,-1,-1,-1
195,104,859.93,337.01,73.03,167.95,1,-1,-1,-1
195,142,704.84,331.05,50.17,141.87,1,-1,-1,-1
195,146,655.87,361.19,38.03,53.41,1,-1,-1,-1
195,145,222.07,332.35,54.21,133.75,1,-1,-1,-1
195,138,1064.61,308.48,77.13,228.26,1,-1,-1,-1
195,153,70.63,340.91,42.37,106.58,1,-1,-1,-1
195,156,388.63,329.33,43.21,124.41,1,-1,-1,-1
195,107,1398.82,312.81,215.39,648.00,1,-1,-1,-1
195,159,33.50,335.56,23.80,70.07,1,-1,-1,-1
195,162,825.66,330.06,43.19,120.97,1,-1,-1,-1
195,118,511.86,313.54,80.27,175.42,1,-1,-1,-1
195,165,1620.21,302.23,247.43,655.78,1,-1,-1,-1
195,166,922.02,331.42,36.14,119.10,1,-1,-1,-1
195,168,368.25,345.27,27.32,96.49,1,-1,-1,-1
196,103,769.78,327.29,53.09,140.57,1,-1,-1,-1
196,104,865.84,337.98,69.90,166.16,1,-1,-1,-1
196,142,707.63,329.82,51.70,142.58,1,-1,-1,-1
196,146,660.82,361.17,36.06,51.82,1,-1,-1,-1
196,145,224.91,331.07,56.02,135.04,1,-1,-1,-1
196,138,1073.77,309.51,76.51,229.86,1,-1,-1,-1
196,153,71.38,342.80,43.24,107.77,1,-1,-1,-1
196,156,389.33,327.62,43.74,123.26,1,-1,-1,-1
196,107,1398.78,309.93,209.18,645.13,1,-1,-1,-1
196,159,33.68,334.42,25.36,69.95,1,-1,-1,-1
196,162,828.96,330.79,45.78,121.72,1,-1,-1,-1
196,118,513.34,313.54,78.05,175.52,1,-1,-1,-1
196,165,1617.29,301.02,259.22,644.48,1,-1,-1,-1
196,166,927.63,331.73,35.45,117.72,1,-1,-1,-1
196,168,369.08,342.10,28.11,96.61,1,-1,-1,-1
197,103,769.90,330.87,54.13,138.52,1,-1,-1,-1
197,104,866.70,341.55,68.66,164.72,1,-1,-1,-1
197,142,708.81,330.88,51.51,142.67,1,-1,-1,-1
197,146,661.66,363.32,36.67,52.67,1,-1,-1,-1
197,145,225.44,333.63,57.08,135.63,1,-1,-1,-1
197,138,1075.97,311.69,75.45,230.07,1,-1,-1,-1
197,153,70.47,342.62,42.89,111.61,1,-1,-1,-1
197,156,388.14,330.33,45.24,124.12,1,-1,-1,-1
197,107,1394.32,314.33,207.42,639.71,1,-1,-1,-1
197,159,33.39,335.16,26.41,71.83,1,-1,-1,-1
197,162,830.72,332.69,44.19,120.94,1,-1,-1,-1
197,118,513.32,318.12,74.20,174.58,1,-1,-1,-1
197,165,1614.12,294.79,268.17,652.84,1,-1,-1,-1
197,166,927.42,335.68,36.92,114.81,1,-1,-1,-1
197,168,363.89,347.08,27.52,93.28,1,-1,-1,-1
198,103,771.98,331.98,54.45,137.94,1,-1,-1,-1
198,104,869.79,342.74,66.51,163.67,1,-1,-1,-1
198,142,712.58,332.92,49.77,139.55,1,-1,-1,-1
198,146,664.06,365.74,35.99,50.63,1,-1,-1,-1
198,145,227.86,335.35,57.41,136.06,1,-1,-1,-1
198,138,1080.65,312.95,76.12,230.04,1,-1,-1,-1
198,153,69.79,340.73,42.63,111.45,1,-1,-1,-1
198,156,388.12,331.85,44.52,123.54,1,-1,-1,-1
198,107,1392.84,312.33,200.98,640.60,1,-1,-1,-1
198,159,37.00,337.03,26.45,71.03,1,-1,-1,-1
198,162,832.59,333.01,43.83,122.40,1,-1,-1,-1
198,118,514.01,319.30,69.48,174.27,1,-1,-1,-1
198,165,1608.52,291.55,271.06,663.07,1,-1,-1,-1
198,166,930.07,336.93,37.49,115.25,1,-1,-1,-1
198,168,363.90,347.76,27.92,95.42,1,-1,-1,-1
199,103,774.05,332.42,54.53,138.72,1,-1,-1,-1
199,104,874.84,343.07,64.86,162.30,1,-1,-1,-1
199,142,716.26,332.63,50.37,140.09,1,-1,-1,-1
199,146,667.90,366.02,35.66,51.88,1,-1,-1,-1
199,145,232.85,336.45,57.87,136.62,1,-1,-1,-1
199,138,1088.11,313.23,76.10,232.69,1,-1,-1,-1
199,153,71.44,342.70,42.70,111.45,1,-1,-1,-1
199,156,388.73,334.30,44.39,122.47,1,-1,-1,-1
199,107,1395.09,305.09,193.63,653.86,1,-1,-1,-1
199,159,46.14,338.60,25.85,74.50,1,-1,-1,-1
199,162,833.75,333.31,45.30,126.42,1,-1,-1,-1
199,118,514.83,318.86,69.02,176.18,1,-1,-1,-1
199,165,1607.59,295.78,274.73,653.40,1,-1,-1,-1
199,166,932.87,337.71,36.49,116.73,1,-1,-1,-1
199,168,364.21,349.43,27.78,96.33,1,-1,-1,-1
200,103,776.11,338.39,54.39,136.80,1,-1,-1,-1
200,104,876.78,349.50,63.99,159.40,1,-1,-1,-1
200,142,719.03,337.90,50.17,140.52,1,-1,-1,-1
200,146,667.57,367.80,37.72,55.06,1,-1,-1,-1
200,145,236.34,341.98,56.00,134.48,1,-1,-1,-1
200,138,1088.72,315.88,78.54,235.99,1,-1,-1,-1
200,153,73.72,348.17,42.08,112.71,1,-1,-1,-1
200,156,390.51,336.82,44.75,124.61,1,-1,-1,-1
200,107,1392.52,306.13,193.68,657.33,1,-1,-1,-1
200,159,44.67,340.69,26.19,74.02,1,-1,-1,-1
200,162,838.46,339.23,43.03,124.64,1,-1,-1,-1
200,118,514.70,321.82,68.47,177.42,1,-1,-1,-1
200,165,1606.39,295.98,277.79,653.44,1,-1,-1,-1
200,166,933.91,343.28,37.38,114.41,1,-1,-1,-1
200,168,361.16,352.02,26.47,96.34,1,-1,-1,-1
201,103,782.63,340.25,54.27,141.46,1,-1,-1,-1
201,104,886.16,354.05,64.43,159.70,1,-1,-1,-1
201,142,727.89,341.81,49.04,142.69,1,-1,-1,-1
201,146,678.06,373.03,38.14,54.66,1,-1,-1,-1
201,145,246.50,347.68,55.59,133.82,1,-1,-1,-1
201,138,1100.82,319.81,77.49,238.42,1,-1,-1,-1
201,153,87.25,346.84,40.67,111.82,1,-1,-1,-1
201,156,398.64,343.75,42.93,120.76,1,-1,-1,-1
201,107,1393.79,311.08,190.93,657.57,1,-1,-1,-1
201,162,848.11,341.67,42.30,126.45,1,-1,-1,-1
201,118,517.82,329.08,76.64,175.60,1,-1,-1,-1
201,165,1614.03,294.58,271.97,672.87,1,-1,-1,-1
201,166,944.82,347.17,33.74,114.18,1,-1,-1,-1
201,168,371.31,354.73,33.71,102.49,1,-1,-1,-1
202,103,784.42,343.94,56.18,143.81,1,-1,-1,-1
202,104,890.30,354.82,65.32,163.07,1,-1,-1,-1
202,142,732.51,344.99,49.19,143.60,1,-1,-1,-1
202,146,680.17,376.80,38.96,54.43,1,-1,-1,-1
202,145,254.03,351.31,53.49,133.27,1,-1,-1,-1
202,138,1105.35,319.04,77.48,245.23,1,-1,-1,-1
202,153,94.21,350.00,40.26,108.65,1,-1,-1,-1
202,156,401.87,346.67,43.20,121.17,1,-1,-1,-1
202,107,1387.58,316.77,190.95,663.59,1,-1,-1,-1
202,162,855.46,348.11,42.68,121.11,1,-1,-1,-1
202,118,520.89,335.13,78.90,171.01,1,-1,-1,-1
202,165,1609.99,304.11,264.72,687.34,1,-1,-1,-1
202,166,951.21,352.29,32.96,113.45,1,-1,-1,-1
202,168,378.29,357.62,33.29,103.49,1,-1,-1,-1
203,103,792.82,348.46,55.14,144.61,1,-1,-1,-1
203,104,895.64,360.63,67.52,163.98,1,-1,-1,-1
203,142,737.85,349.51,50.45,145.36,1,-1,-1,-1
203,146,689.91,383.04,38.64,53.32,1,-1,-1,-1
203,145,262.55,353.58,53.78,135.04,1,-1,-1,-1
203,138,1109.52,322.90,81.27,248.20,1,-1,-1,-1
203,153,100.99,358.23,40.28,110.91,1,-1,-1,-1
203,156,408.66,351.08,42.93,121.79,1,-1,-1,-1
203,107,1383.73,324.07,199.05,663.54,1,-1,-1,-1
203,162,860.81,353.73,39.55,122.97,1,-1,-1,-1
203,118,528.31,340.06,76.22,172.85,1,-1,-1,-1
203,165,1617.38,314.47,251.35,679.70,1,-1,-1,-1
203,166,955.20,356.06,35.50,115.68,1,-1,-1,-1
203,168,385.30,362.62,32.54,102.61,1,-1,-1,-1
203,159,68.30,358.72,28.67,73.44,1,-1,-1,-1
204,103,803.26,351.88,53.87,142.61,1,-1,-1,-1
204,104,906.06,360.85,69.54,168.24,1,-1,-1,-1
204,142,749.92,353.67,50.27,143.14,1,-1,-1,-1
204,146,703.27,385.41,38.57,52.89,1,-1,-1,-1
204,145,276.29,357.32,52.39,130.58,1,-1,-1,-1
204,138,1122.84,325.59,83.35,252.89,1,-1,-1,-1
204,153,111.68,360.40,39.98,110.73,1,-1,-1,-1
204,156,418.96,355.14,42.12,119.71,1,-1,-1,-1
204,107,1387.44,329.04,207.24,661.69,1,-1,-1,-1
204,162,873.47,356.45,40.13,124.33,1,-1,-1,-1
204,118,537.58,342.05,73.95,173.83,1,-1,-1,-1
204,165,1625.00,321.97,245.27,673.63,1,-1,-1,-1
204,166,966.20,359.15,36.16,114.45,1,-1,-1,-1
204,168,396.13,365.60,30.73,100.11,1,-1,-1,-1
204,159,78.04,357.94,28.31,72.74,1,-1,-1,-1
205,103,809.58,354.68,53.36,141.07,1,-1,-1,-1
205,104,913.98,362.52,69.26,168.13,1,-1,-1,-1
205,142,759.01,354.81,49.78,142.98,1,-1,-1,-1
205,146,712.21,386.88,38.25,53.48,1,-1,-1,-1
205,145,286.91,356.63,53.09,133.59,1,-1,-1,-1
205,138,1136.44,328.95,81.41,251.64,1,-1,-1,-1
205,153,122.23,358.55,40.49,112.37,1,-1,-1,-1
205,156,426.53,352.70,42.50,123.31,1,-1,-1,-1
205,107,1390.51,330.74,205.32,672.88,1,-1,-1,-1
205,162,882.56,357.06,43.60,122.67,1,-1,-1,-1
205,118,542.14,343.25,80.61,176.33,1,-1,-1,-1
205,165,1625.85,328.07,263.05,669.34,1,-1,-1,-1
205,166,977.05,361.74,33.56,113.65,1,-1,-1,-1
205,168,404.76,362.87,33.35,103.75,1,-1,-1,-1
206,103,824.72,356.29,53.64,141.10,1,-1,-1,-1
206,104,926.11,367.47,69.74,166.41,1,-1,-1,-1
206,142,771.62,356.45,51.05,143.92,1,-1,-1,-1
206,146,728.14,389.87,37.71,53.55,1,-1,-1,-1
206,145,302.13,360.37,53.25,129.99,1,-1,-1,-1
206,138,1150.37,334.42,83.54,252.79,1,-1,-1,-1
206,153,134.42,360.04,41.64,116.15,1,-1,-1,-1
206,156,436.92,357.90,43.27,120.53,1,-1,-1,-1
206,107,1391.16,337.16,210.74,678.29,1,-1,-1,-1
206,162,894.80,362.60,44.13,122.25,1,-1,-1,-1
206,118,553.18,346.28,79.05,175.30,1,-1,-1,-1
206,165,1636.77,331.71,268.23,675.03,1,-1,-1,-1
206,166,989.99,362.71,36.70,117.90,1,-1,-1,-1
206,168,410.61,367.97,35.60,99.94,1,-1,-1,-1
206,161,117.20,356.46,27.97,97.01,1,-1,-1,-1
207,103,831.90,357.55,53.26,140.95,1,-1,-1,-1
207,104,933.00,369.04,68.25,166.05,1,-1,-1,-1
207,142,778.43,357.79,50.65,143.80,1,-1,-1,-1
207,146,738.62,391.54,37.65,54.41,1,-1,-1,-1
207,145,311.79,360.85,53.42,131.18,1,-1,-1,-1
207,138,1158.80,336.70,84.45,253.78,1,-1,-1,-1
207,153,140.61,361.86,41.97,116.84,1,-1,-1,-1
207,156,443.46,356.09,44.77,127.21,1,-1,-1,-1
207,107,1392.03,346.49,215.24,666.61,1,-1,-1,-1
207,162,904.23,361.77,45.67,127.50,1,-1,-1,-1
207,118,561.72,350.00,72.90,173.02,1,-1,-1,-1
207,165,1644.21,333.22,261.90,687.87,1,-1,-1,-1
207,166,997.46,364.11,36.46,116.69,1,-1,-1,-1
207,168,423.03,366.90,33.53,105.00,1,-1,-1,-1
207,161,125.69,360.58,26.59,96.97,1,-1,-1,-1
207,159,111.65,364.14,26.80,72.73,1,-1,-1,-1
208,103,835.55,356.14,52.07,142.40,1,-1,-1,-1
208,104,934.10,368.03,73.45,166.61,1,-1,-1,-1
208,142,784.64,357.42,51.82,144.39,1,-1,-1,-1
208,146,741.99,389.65,41.34,54.97,1,-1,-1,-1
208,145,319.25,361.94,52.50,131.50,1,-1,-1,-1
208,138,1166.69,338.03,83.38,252.25,1,-1,-1,-1
208,153,148.39,363.13,42.31,116.56,1,-1,-1,-1
208,156,446.70,356.16,46.98,128.88,1,-1,-1,-1
208,107,1387.16,347.82,222.48,668.54,1,-1,-1,-1
208,162,908.78,360.89,52.67,128.33,1,-1,-1,-1
208,118,569.97,349.31,67.80,175.56,1,-1,-1,-1
208,165,1641.26,337.98,270.82,662.59,1,-1,-1,-1
208,166,1002.31,363.51,35.25,116.52,1,-1,-1,-1
208,168,429.35,365.71,33.42,106.38,1,-1,-1,-1
208,161,132.88,362.77,27.84,94.19,1,-1,-1,-1
208,159,119.86,364.51,25.58,68.95,1,-1,-1,-1
209,103,840.97,357.53,52.47,140.44,1,-1,-1,-1
209,104,937.57,368.99,72.83,165.37,1,-1,-1,-1
209,142,789.92,358.01,51.46,144.34,1,-1,-1,-1
209,146,747.61,391.02,41.21,55.50,1,-1,-1,-1
209,145,325.11,360.99,53.87,132.88,1,-1,-1,-1
209,138,1171.43,336.60,86.32,256.39,1,-1,-1,-1
209,153,155.35,364.56,42.82,116.10,1,-1,-1,-1
209,156,452.50,354.92,47.29,127.67,1,-1,-1,-1
209,107,1390.39,344.09,219.78,665.27,1,-1,-1,-1
209,162,913.41,364.15,46.14,119.66,1,-1,-1,-1
209,118,570.88,351.14,70.74,175.32,1,-1,-1,-1
209,165,1645.48,335.38,264.13,664.03,1,-1,-1,-1
209,166,1008.15,363.11,36.63,117.37,1,-1,-1,-1
209,168,429.79,368.24,32.18,101.93,1,-1,-1,-1
209,161,135.13,363.19,31.00,86.11,1,-1,-1,-1
209,159,122.79,363.33,25.17,67.50,1,-1,-1,-1
210,103,849.67,356.14,53.97,141.24,1,-1,-1,-1
210,104,944.95,370.52,71.67,163.54,1,-1,-1,-1
210,142,795.84,354.41,53.90,148.04,1,-1,-1,-1
210,146,755.06,389.97,39.92,53.68,1,-1,-1,-1
210,145,331.92,361.14,53.29,129.94,1,-1,-1,-1
210,138,1182.32,335.01,87.59,258.36,1,-1,-1,-1
210,153,162.24,365.90,41.78,114.16,1,-1,-1,-1
210,156,458.00,352.70,47.62,129.26,1,-1,-1,-1
210,107,1397.30,341.98,214.67,666.66,1,-1,-1,-1
210,162,918.80,363.89,43.40,118.44,1,-1,-1,-1
210,118,575.46,351.64,70.67,175.26,1,-1,-1,-1
210,165,1649.30,333.91,264.88,659.36,1,-1,-1,-1
210,166,1015.62,363.26,36.64,117.78,1,-1,-1,-1
210,159,130.94,363.86,27.46,70.50,1,-1,-1,-1
211,103,860.80,354.63,54.42,142.52,1,-1,-1,-1
211,104,956.68,371.44,67.36,159.71,1,-1,-1,-1
211,142,804.85,353.99,52.52,147.84,1,-1,-1,-1
211,146,766.42,388.47,40.33,56.31,1,-1,-1,-1
211,145,344.53,361.87,53.13,129.47,1,-1,-1,-1
211,138,1196.39,333.54,87.60,262.37,1,-1,-1,-1
211,153,169.34,364.66,41.69,114.64,1,-1,-1,-1
211,156,467.01,351.77,47.67,130.74,1,-1,-1,-1
211,107,1407.79,338.93,205.42,668.65,1,-1,-1,-1
211,162,925.60,363.04,43.87,119.46,1,-1,-1,-1
211,118,579.09,348.42,77.46,178.89,1,-1,-1,-1
211,165,1657.70,331.32,253.81,665.65,1,-1,-1,-1
211,166,1025.24,360.42,37.66,120.48,1,-1,-1,-1
211,159,139.86,364.18,26.69,67.82,1,-1,-1,-1
212,103,864.15,355.94,54.62,141.79,1,-1,-1,-1
212,104,958.14,368.97,66.90,161.69,1,-1,-1,-1
212,142,809.03,355.24,52.62,146.34,1,-1,-1,-1
212,146,772.39,387.66,40.99,58.02,1,-1,-1,-1
212,145,350.69,362.23,52.99,129.17,1,-1,-1,-1
212,138,1202.66,335.32,87.21,264.13,1,-1,-1,-1
212,153,173.27,367.02,42.72,113.56,1,-1,-1,-1
212,156,471.97,353.54,45.49,126.69,1,-1,-1,-1
212,107,1406.15,338.72,205.27,660.75,1,-1,-1,-1
212,162,931.21,363.86,41.26,118.78,1,-1,-1,-1
212,118,579.49,347.51,82.23,179.01,1,-1,-1,-1
212,165,1661.23,316.06,242.00,697.93,1,-1,-1,-1
212,166,1030.72,359.98,35.45,118.79,1,-1,-1,-1
212,159,145.60,364.24,25.55,65.79,1,-1,-1,-1
212,173,660.88,369.57,23.77,62.29,1,-1,-1,-1
213,103,867.75,356.33,54.58,140.32,1,-1,-1,-1
213,104,962.30,366.27,68.50,163.23,1,-1,-1,-1
213,142,813.41,355.41,53.73,145.09,1,-1,-1,-1
213,146,776.43,387.99,40.26,55.56,1,-1,-1,-1
213,145,356.13,361.50,53.49,130.07,1,-1,-1,-1
213,138,1209.28,334.14,87.92,269.06,1,-1,-1,-1
213,153,180.79,366.40,41.74,113.21,1,-1,-1,-1
213,156,476.56,352.11,46.92,129.49,1,-1,-1,-1
213,107,1404.21,334.16,205.84,669.49,1,-1,-1,-1
213,162,937.45,362.44,42.64,118.48,1,-1,-1,-1
213,118,582.35,347.32,83.54,179.09,1,-1,-1,-1
213,165,1661.19,316.48,238.40,692.14,1,-1,-1,-1
213,166,1037.76,361.28,33.77,115.93,1,-1,-1,-1
213,159,154.02,365.78,25.07,66.89,1,-1,-1,-1
213,173,666.64,369.45,23.58,63.98,1,-1,-1,-1
213,168,455.34,364.19,28.84,101.71,1,-1,-1,-1
214,103,870.89,357.71,53.55,139.66,1,-1,-1,-1
214,104,964.51,365.88,72.10,166.39,1,-1,-1,-1
214,142,817.33,356.33,53.98,145.11,1,-1,-1,-1
214,146,777.80,390.88,41.05,54.77,1,-1,-1,-1
214,145,360.64,363.46,52.92,129.59,1,-1,-1,-1
214,138,1215.24,329.05,89.95,273.37,1,-1,-1,-1
214,153,184.73,366.64,42.19,114.43,1,-1,-1,-1
214,156,480.31,351.64,48.26,133.83,1,-1,-1,-1
214,107,1404.26,331.63,207.43,674.39,1,-1,-1,-1
214,162,941.69,365.04,41.45,115.48,1,-1,-1,-1
214,118,584.77,347.14,85.89,180.28,1,-1,-1,-1
214,165,1665.00,308.63,234.92,703.12,1,-1,-1,-1
214,166,1041.19,362.58,35.14,116.81,1,-1,-1,-1
214,159,155.61,367.86,24.38,62.80,1,-1,-1,-1
214,173,667.23,369.54,24.84,66.87,1,-1,-1,-1
214,168,454.81,368.27,27.60,96.41,1,-1,-1,-1
214,161,164.29,362.28,29.87,87.29,1,-1,-1,-1
215,103,875.96,356.63,52.94,138.46,1,-1,-1,-1
215,104,968.59,363.43,72.78,166.96,1,-1,-1,-1
215,142,823.05,355.37,54.45,145.88,1,-1,-1,-1
215,146,788.55,389.80,36.61,52.36,1,-1,-1,-1
215,145,366.34,363.33,52.84,128.00,1,-1,-1,-1
215,138,1222.07,328.35,89.91,276.12,1,-1,-1,-1
215,153,189.15,364.26,42.44,114.61,1,-1,-1,-1
215,156,485.30,350.94,47.98,131.73,1,-1,-1,-1
215,107,1399.73,326.95,214.96,681.63,1,-1,-1,-1
215,118,588.34,343.08,87.93,183.26,1,-1,-1,-1
215,165,1662.59,308.43,243.38,704.27,1,-1,-1,-1
215,166,1047.59,361.87,36.06,116.38,1,-1,-1,-1
215,159,161.63,363.92,27.67,68.62,1,-1,-1,-1
215,168,464.17,362.48,33.72,107.22,1,-1,-1,-1
216,103,883.18,359.68,52.41,138.97,1,-1,-1,-1
216,104,975.16,364.30,76.28,171.68,1,-1,-1,-1
216,142,831.43,354.10,53.99,148.57,1,-1,-1,-1
216,146,793.84,389.39,36.94,52.49,1,-1,-1,-1
216,145,377.21,365.34,50.59,128.03,1,-1,-1,-1
216,138,1234.98,328.96,90.19,283.00,1,-1,-1,-1
216,153,201.11,364.30,41.97,115.59,1,-1,-1,-1
216,156,490.79,351.90,49.20,133.58,1,-1,-1,-1
216,107,1401.85,330.79,221.35,686.85,1,-1,-1,-1
216,118,594.35,345.96,87.84,182.97,1,-1,-1,-1
216,165,1648.13,307.73,264.30,717.65,1,-1,-1,-1
216,166,1056.81,364.73,37.41,119.92,1,-1,-1,-1
216,159,171.87,366.93,26.78,67.95,1,-1,-1,-1
216,168,470.54,363.89,34.46,109.60,1,-1,-1,-1
217,103,885.97,362.59,52.14,138.84,1,-1,-1,-1
217,104,977.59,367.82,74.05,170.39,1,-1,-1,-1
217,142,833.26,357.55,52.19,146.63,1,-1,-1,-1
217,146,797.34,390.12,38.55,54.92,1,-1,-1,-1
217,145,380.20,365.35,52.71,127.85,1,-1,-1,-1
217,138,1237.83,327.40,91.27,291.77,1,-1,-1,-1
217,153,200.76,364.39,41.11,116.50,1,-1,-1,-1
217,156,492.48,354.68,48.07,131.85,1,-1,-1,-1
217,107,1394.88,328.90,224.40,692.44,1,-1,-1,-1
217,118,595.60,346.89,88.40,183.55,1,-1,-1,-1
217,165,1638.80,316.33,270.91,718.53,1,-1,-1,-1
217,166,1059.13,367.26,36.02,118.52,1,-1,-1,-1
217,159,169.23,364.79,28.15,71.55,1,-1,-1,-1
217,168,470.99,368.38,32.94,107.43,1,-1,-1,-1
217,173,685.92,372.77,26.19,65.35,1,-1,-1,-1
218,103,889.29,362.71,52.03,138.36,1,-1,-1,-1
218,104,984.04,369.38,70.01,166.94,1,-1,-1,-1
218,142,837.73,358.61,51.03,144.57,1,-1,-1,-1
218,146,802.26,389.56,38.49,56.69,1,-1,-1,-1
218,145,385.42,363.25,53.06,127.97,1,-1,-1,-1
218,138,1247.24,327.95,91.12,287.20,1,-1,-1,-1
218,153,204.79,362.10,41.66,116.93,1,-1,-1,-1
218,156,496.40,354.39,47.54,130.13,1,-1,-1,-1
218,107,1391.48,336.78,227.78,689.47,1,-1,-1,-1
218,118,598.55,346.55,88.25,182.35,1,-1,-1,-1
218,165,1635.02,320.26,274.20,716.87,1,-1,-1,-1
218,166,1063.42,367.44,35.07,116.59,1,-1,-1,-1
218,159,172.22,361.99,27.74,70.71,1,-1,-1,-1
218,168,475.66,370.41,31.30,108.68,1,-1,-1,-1
218,173,690.16,372.95,25.45,64.53,1,-1,-1,-1
218,162,963.64,365.82,42.22,125.39,1,-1,-1,-1
219,103,891.78,361.09,51.51,138.26,1,-1,-1,-1
219,104,987.28,369.78,69.54,166.51,1,-1,-1,-1
219,142,839.70,358.92,51.18,143.71,1,-1,-1,-1
219,146,803.46,389.71,38.55,55.02,1,-1,-1,-1
219,145,388.45,362.03,53.24,127.30,1,-1,-1,-1
219,138,1252.87,329.96,93.76,291.89,1,-1,-1,-1
219,153,207.27,360.21,41.96,117.01,1,-1,-1,-1
219,156,495.44,356.24,46.39,124.88,1,-1,-1,-1
219,107,1389.73,333.84,227.92,700.19,1,-1,-1,-1
219,118,598.16,344.76,91.16,183.82,1,-1,-1,-1
219,165,1634.90,326.06,272.69,711.95,1,-1,-1,-1
219,166,1066.12,368.00,35.02,115.58,1,-1,-1,-1
219,159,177.99,360.21,26.08,69.24,1,-1,-1,-1
219,173,692.14,371.90,24.79,62.48,1,-1,-1,-1
219,162,964.01,364.54,39.53,123.04,1,-1,-1,-1
220,103,895.40,361.37,51.23,140.15,1,-1,-1,-1
220,104,991.77,373.26,67.48,163.63,1,-1,-1,-1
220,142,841.71,359.69,51.95,145.38,1,-1,-1,-1
220,146,805.90,390.66,39.12,53.40,1,-1,-1,-1
220,145,392.68,361.89,53.02,128.71,1,-1,-1,-1
220,138,1259.05,331.63,94.10,293.80,1,-1,-1,-1
220,153,211.38,361.14,41.32,117.17,1,-1,-1,-1
220,156,498.55,355.92,46.99,127.11,1,-1,-1,-1
220,107,1386.62,343.63,226.61,693.95,1,-1,-1,-1
220,118,599.89,345.92,89.64,182.93,1,-1,-1,-1
220,165,1637.18,331.29,273.48,716.47,1,-1,-1,-1
220,166,1072.20,372.22,35.77,113.20,1,-1,-1,-1
220,159,183.81,363.13,25.73,67.67,1,-1,-1,-1
220,173,692.93,374.16,24.51,61.29,1,-1,-1,-1
220,162,967.89,365.87,39.71,120.88,1,-1,-1,-1
220,168,475.17,374.10,33.31,111.64,1,-1,-1,-1
221,103,897.77,360.50,50.40,141.54,1,-1,-1,-1
221,104,996.61,373.75,66.38,161.52,1,-1,-1,-1
221,142,843.51,358.41,52.44,147.80,1,-1,-1,-1
221,146,809.05,390.89,37.65,53.28,1,-1,-1,-1
221,145,397.06,358.03,52.75,130.12,1,-1,-1,-1
221,138,1268.32,331.87,94.43,298.19,1,-1,-1,-1
221,153,213.65,356.89,41.50,119.70,1,-1,-1,-1
221,156,500.72,354.23,46.43,127.01,1,-1,-1,-1
221,107,1384.95,353.48,225.40,688.34,1,-1,-1,-1
221,118,600.76,343.38,88.82,184.50,1,-1,-1,-1
221,165,1634.44,340.24,272.94,705.11,1,-1,-1,-1
221,166,1078.36,373.33,35.82,112.89,1,-1,-1,-1
221,159,187.24,360.85,26.76,67.93,1,-1,-1,-1
221,173,696.34,374.17,24.49,62.06,1,-1,-1,-1
221,162,972.52,364.67,40.61,120.94,1,-1,-1,-1
221,168,477.21,372.94,35.65,111.83,1,-1,-1,-1
222,103,897.09,360.94,50.50,141.45,1,-1,-1,-1
222,104,997.11,375.03,65.85,159.81,1,-1,-1,-1
222,142,841.95,357.20,53.94,150.27,1,-1,-1,-1
222,146,808.26,390.85,37.64,53.77,1,-1,-1,-1
222,145,399.23,358.50,52.82,130.00,1,-1,-1,-1
222,138,1272.37,330.50,96.85,300.23,1,-1,-1,-1
222,153,214.27,357.09,41.55,118.46,1,-1,-1,-1
222,156,501.20,353.51,44.14,126.27,1,-1,-1,-1
222,107,1384.54,354.41,216.94,678.86,1,-1,-1,-1
222,118,600.74,344.26,86.65,183.24,1,-1,-1,-1
222,165,1635.12,340.89,271.50,714.78,1,-1,-1,-1
222,166,1080.26,372.38,36.01,114.59,1,-1,-1,-1
222,159,185.88,360.78,26.33,66.59,1,-1,-1,-1
222,173,695.79,373.05,24.20,62.45,1,-1,-1,-1
222,162,971.69,365.25,42.30,121.65,1,-1,-1,-1
222,168,477.50,371.60,38.25,112.38,1,-1,-1,-1
223,103,898.21,360.05,49.85,141.92,1,-1,-1,-1
223,104,999.76,373.42,65.31,160.11,1,-1,-1,-1
223,142,842.84,355.55,54.61,152.50,1,-1,-1,-1
223,146,809.89,390.80,37.26,53.64,1,-1,-1,-1
223,145,401.96,357.00,53.16,129.99,1,-1,-1,-1
223,138,1278.76,328.73,97.70,307.62,1,-1,-1,-1
223,153,215.14,355.40,41.66,118.66,1,-1,-1,-1
223,156,500.15,356.18,41.08,122.39,1,-1,-1,-1
223,107,1380.24,349.62,217.38,689.51,1,-1,-1,-1
223,118,599.95,342.54,88.97,184.30,1,-1,-1,-1
223,165,1636.40,338.53,267.68,718.55,1,-1,-1,-1
223,166,1082.78,369.48,35.98,116.19,1,-1,-1,-1
223,159,186.74,359.89,26.92,67.91,1,-1,-1,-1
223,173,697.83,371.93,24.59,62.91,1,-1,-1,-1
223,162,974.18,367.29,41.93,117.15,1,-1,-1,-1
223,168,479.28,371.61,38.41,110.98,1,-1,-1,-1
224,103,899.81,359.09,50.54,141.48,1,-1,-1,-1
224,104,1000.90,369.14,67.25,162.15,1,-1,-1,-1
224,142,845.83,352.58,54.51,152.66,1,-1,-1,-1
224,146,812.74,388.69,37.52,53.06,1,-1,-1,-1
224,145,407.21,355.72,52.94,126.54,1,-1,-1,-1
224,138,1285.26,327.78,99.59,310.76,1,-1,-1,-1
224,153,218.36,351.14,41.83,119.24,1,-1,-1,-1
224,156,501.90,353.28,42.02,123.12,1,-1,-1,-1
224,107,1377.90,344.75,221.05,689.55,1,-1,-1,-1
224,118,599.88,339.21,91.30,186.59,1,-1,-1,-1
224,165,1635.81,339.65,266.42,712.78,1,-1,-1,-1
224,166,1086.31,366.96,35.95,117.58,1,-1,-1,-1
224,159,189.11,354.73,27.71,70.51,1,-1,-1,-1
224,173,700.44,369.14,23.13,61.10,1,-1,-1,-1
224,162,974.93,365.23,38.66,116.75,1,-1,-1,-1
224,168,481.40,367.44,38.11,109.84,1,-1,-1,-1
225,103,899.63,357.40,51.36,143.58,1,-1,-1,-1
225,104,1000.37,366.03,68.82,165.15,1,-1,-1,-1
225,142,846.67,351.56,55.36,152.53,1,-1,-1,-1
225,146,815.74,388.55,36.21,53.93,1,-1,-1,-1
225,145,408.56,355.60,53.55,126.64,1,-1,-1,-1
225,138,1289.55,327.00,104.00,314.60,1,-1,-1,-1
225,153,218.57,348.92,41.57,120.91,1,-1,-1,-1
225,156,500.47,353.41,44.83,124.21,1,-1,-1,-1
225,107,1376.13,346.30,227.14,685.41,1,-1,-1,-1
225,118,600.17,338.47,91.29,187.29,1,-1,-1,-1
225,165,1635.80,329.19,268.74,726.09,1,-1,-1,-1
225,166,1087.54,367.25,36.67,115.88,1,-1,-1,-1
225,159,185.58,351.93,26.77,68.34,1,-1,-1,-1
225,173,704.74,368.42,23.50,61.01,1,-1,-1,-1
225,168,483.39,366.17,36.16,111.60,1,-1,-1,-1
225,161,197.50,353.72,30.56,78.59,1,-1,-1,-1
226,103,901.96,356.94,51.54,142.99,1,-1,-1,-1
226,104,1002.51,366.12,70.06,165.50,1,-1,-1,-1
226,142,849.45,351.73,54.03,151.21,1,-1,-1,-1
226,146,818.60,385.87,32.99,53.08,1,-1,-1,-1
226,145,412.06,355.54,53.98,124.97,1,-1,-1,-1
226,138,1298.45,325.42,103.59,315.97,1,-1,-1,-1
226,153,219.48,348.13,42.41,121.19,1,-1,-1,-1
226,156,501.35,348.96,45.37,129.21,1,-1,-1,-1
226,107,1379.51,343.32,223.89,682.95,1,-1,-1,-1
226,118,601.80,338.66,89.64,186.03,1,-1,-1,-1
226,165,1634.01,327.64,274.46,715.65,1,-1,-1,-1
226,166,1090.39,367.04,36.50,116.41,1,-1,-1,-1
226,159,182.34,345.10,27.08,68.01,1,-1,-1,-1
226,173,711.86,366.77,24.67,63.94,1,-1,-1,-1
226,168,477.25,366.19,33.17,109.64,1,-1,-1,-1
226,161,195.08,350.17,28.54,73.73,1,-1,-1,-1
227,103,904.06,354.19,52.92,144.50,1,-1,-1,-1
227,104,1004.75,364.22,71.29,166.56,1,-1,-1,-1
227,142,852.56,349.72,54.21,151.70,1,-1,-1,-1
227,146,819.66,385.58,31.43,49.82,1,-1,-1,-1
227,145,417.15,353.88,54.84,126.82,1,-1,-1,-1
227,138,1304.70,321.21,107.72,325.34,1,-1,-1,-1
227,153,224.42,347.22,42.19,119.76,1,-1,-1,-1
227,156,503.15,346.82,48.72,129.42,1,-1,-1,-1
227,107,1380.82,334.24,221.41,684.54,1,-1,-1,-1
227,118,603.94,338.67,89.19,183.91,1,-1,-1,-1
227,165,1632.33,316.78,279.78,730.54,1,-1,-1,-1
227,166,1093.88,365.55,36.29,116.42,1,-1,-1,-1
227,173,717.39,363.97,24.78,62.59,1,-1,-1,-1
227,168,468.97,364.32,34.49,110.47,1,-1,-1,-1
227,161,195.34,350.26,29.85,76.60,1,-1,-1,-1
228,103,905.61,357.22,53.63,142.14,1,-1,-1,-1
228,104,1008.43,367.04,69.53,163.43,1,-1,-1,-1
228,142,855.95,352.12,53.75,151.31,1,-1,-1,-1
228,146,823.39,386.42,30.36,48.25,1,-1,-1,-1
228,145,420.05,355.52,53.52,125.11,1,-1,-1,-1
228,138,1310.48,321.57,108.17,326.14,1,-1,-1,-1
228,153,226.68,350.44,42.90,117.99,1,-1,-1,-1
228,156,500.84,350.91,46.13,128.09,1,-1,-1,-1
228,107,1379.65,334.70,222.05,678.13,1,-1,-1,-1
228,118,606.38,340.40,85.97,183.26,1,-1,-1,-1
228,165,1630.55,323.07,280.99,718.28,1,-1,-1,-1
228,166,1096.21,367.00,36.47,116.53,1,-1,-1,-1
228,173,719.97,365.27,24.95,64.74,1,-1,-1,-1
228,168,474.36,366.65,37.38,111.21,1,-1,-1,-1
228,161,197.25,350.93,29.06,75.23,1,-1,-1,-1
229,103,907.32,357.49,53.84,142.27,1,-1,-1,-1
229,104,1011.23,367.55,69.23,162.36,1,-1,-1,-1
229,142,860.39,350.60,52.91,151.87,1,-1,-1,-1
229,146,824.35,385.69,31.86,46.17,1,-1,-1,-1
229,145,423.34,356.09,53.55,124.05,1,-1,-1,-1
229,138,1316.70,324.55,106.90,319.50,1,-1,-1,-1
229,153,228.40,350.27,42.85,117.42,1,-1,-1,-1
229,156,498.32,355.17,44.12,125.71,1,-1,-1,-1
229,107,1379.91,329.91,220.72,688.61,1,-1,-1,-1
229,118,610.98,341.40,82.98,180.84,1,-1,-1,-1
229,165,1631.96,316.16,278.11,726.33,1,-1,-1,-1
229,166,1099.71,366.08,36.49,117.13,1,-1,-1,-1
229,173,722.50,365.65,24.78,65.35,1,-1,-1,-1
229,161,199.03,349.36,27.79,73.22,1,-1,-1,-1
230,103,911.35,357.11,52.36,141.82,1,-1,-1,-1
230,104,1013.20,364.17,70.47,163.46,1,-1,-1,-1
230,142,861.83,344.61,55.28,158.14,1,-1,-1,-1
230,145,427.73,353.77,54.32,124.36,1,-1,-1,-1
230,153,232.68,346.77,41.60,119.42,1,-1,-1,-1
230,156,496.97,358.39,40.58,122.44,1,-1,-1,-1
230,107,1373.57,327.71,225.94,692.05,1,-1,-1,-1
230,118,617.80,339.69,77.72,178.98,1,-1,-1,-1
230,165,1636.23,316.72,268.36,729.45,1,-1,-1,-1
230,166,1107.69,365.87,36.13,115.20,1,-1,-1,-1
230,173,728.54,365.79,24.31,66.52,1,-1,-1,-1
230,161,207.17,349.69,26.48,71.91,1,-1,-1,-1
231,103,916.32,360.67,53.02,141.46,1,-1,-1,-1
231,104,1019.57,369.83,67.18,160.43,1,-1,-1,-1
231,142,868.61,350.07,53.58,154.64,1,-1,-1,-1
231,145,435.58,354.60,54.12,125.29,1,-1,-1,-1
231,153,236.44,349.65,41.41,116.95,1,-1,-1,-1
231,156,502.28,357.00,39.77,122.95,1,-1,-1,-1
231,107,1375.42,334.72,222.60,694.17,1,-1,-1,-1
231,118,620.71,341.03,81.97,181.92,1,-1,-1,-1
231,165,1640.09,324.96,262.24,732.80,1,-1,-1,-1
231,166,1113.81,367.51,36.59,119.31,1,-1,-1,-1
231,173,734.92,367.97,24.64,64.67,1,-1,-1,-1
231,161,207.49,349.42,26.88,72.08,1,-1,-1,-1
231,162,988.15,370.34,32.70,106.82,1,-1,-1,-1
231,146,837.33,383.68,33.91,60.88,1,-1,-1,-1
232,103,920.11,358.15,52.51,140.53,1,-1,-1,-1
232,104,1023.88,363.11,68.60,165.45,1,-1,-1,-1
232,142,872.33,350.08,54.07,150.72,1,-1,-1,-1
232,145,440.95,350.61,52.95,125.68,1,-1,-1,-1
232,153,241.63,347.74,40.27,116.21,1,-1,-1,-1
232,156,499.09,352.75,41.56,123.47,1,-1,-1,-1
232,107,1372.27,333.21,226.79,702.74,1,-1,-1,-1
232,118,622.56,329.46,85.47,190.31,1,-1,-1,-1
232,165,1633.49,324.93,265.31,724.85,1,-1,-1,-1
232,166,1117.26,365.66,36.38,115.49,1,-1,-1,-1
232,173,740.11,363.61,24.96,60.95,1,-1,-1,-1
232,161,212.73,344.61,27.02,71.97,1,-1,-1,-1
232,162,990.75,368.93,33.83,103.19,1,-1,-1,-1
232,146,844.96,380.06,34.74,58.52,1,-1,-1,-1
233,103,922.05,354.82,53.00,141.60,1,-1,-1,-1
233,104,1028.10,363.49,66.52,162.29,1,-1,-1,-1
233,142,875.72,348.28,53.56,152.27,1,-1,-1,-1
233,145,445.35,348.79,50.13,123.34,1,-1,-1,-1
233,153,243.65,346.62,40.45,115.29,1,-1,-1,-1
233,156,499.31,351.94,39.50,119.84,1,-1,-1,-1
233,107,1373.21,335.27,228.55,695.57,1,-1,-1,-1
233,118,623.87,328.96,88.13,189.33,1,-1,-1,-1
233,165,1632.60,328.96,259.03,716.98,1,-1,-1,-1
233,166,1120.58,364.92,35.57,115.81,1,-1,-1,-1
233,173,744.42,362.38,25.21,63.84,1,-1,-1,-1
233,161,215.63,341.36,26.03,69.50,1,-1,-1,-1
233,162,995.73,365.75,33.31,101.16,1,-1,-1,-1
233,146,849.40,377.99,34.13,55.18,1,-1,-1,-1
233,175,3.57,353.42,44.97,187.91,1,-1,-1,-1
234,103,925.69,351.21,52.75,141.85,1,-1,-1,-1
234,104,1031.50,361.49,68.56,162.02,1,-1,-1,-1
234,142,879.56,344.55,53.45,153.40,1,-1,-1,-1
234,145,450.12,346.21,50.10,124.23,1,-1,-1,-1
234,153,247.49,345.20,41.41,114.93,1,-1,-1,-1
234,156,501.83,349.63,40.89,121.80,1,-1,-1,-1
234,107,1375.02,329.53,229.07,707.33,1,-1,-1,-1
234,118,626.53,326.17,91.27,192.82,1,-1,-1,-1
234,165,1636.87,324.28,262.32,732.30,1,-1,-1,-1
234,166,1127.39,361.56,35.08,113.79,1,-1,-1,-1
234,173,749.44,358.36,25.45,66.35,1,-1,-1,-1
234,161,225.09,342.16,27.97,76.46,1,-1,-1,-1
234,146,850.67,376.17,34.28,50.20,1,-1,-1,-1
234,175,2.75,343.11,52.42,195.81,1,-1,-1,-1
235,103,926.72,349.60,53.39,141.93,1,-1,-1,-1
235,104,1034.66,357.98,69.39,162.31,1,-1,-1,-1
235,142,884.07,345.06,52.36,149.13,1,-1,-1,-1
235,145,454.08,340.41,49.91,126.74,1,-1,-1,-1
235,153,251.07,343.07,41.52,113.98,1,-1,-1,-1
235,156,501.92,343.27,43.19,128.45,1,-1,-1,-1
235,107,1377.64,327.19,228.02,705.17,1,-1,-1,-1
235,118,629.93,321.44,90.48,196.01,1,-1,-1,-1
235,165,1637.61,336.14,261.89,700.99,1,-1,-1,-1
235,166,1132.00,357.08,35.11,112.07,1,-1,-1,-1
235,173,751.29,352.91,25.80,67.40,1,-1,-1,-1
235,161,227.68,338.52,28.09,75.76,1,-1,-1,-1
235,146,854.24,372.36,31.58,49.16,1,-1,-1,-1
235,175,1.74,342.94,59.86,193.14,1,-1,-1,-1
236,103,931.16,343.62,53.79,144.26,1,-1,-1,-1
236,104,1038.50,350.66,70.01,165.00,1,-1,-1,-1
236,142,888.81,340.16,52.25,149.47,1,-1,-1,-1
236,145,459.09,337.26,51.62,126.29,1,-1,-1,-1
236,153,255.51,339.48,41.45,112.83,1,-1,-1,-1
236,156,505.82,340.30,41.04,128.15,1,-1,-1,-1
236,107,1378.28,323.70,226.43,712.14,1,-1,-1,-1
236,118,635.01,318.77,85.72,195.22,1,-1,-1,-1
236,165,1638.64,320.36,261.83,721.02,1,-1,-1,-1
236,166,1135.49,351.62,35.34,114.64,1,-1,-1,-1
236,173,755.77,349.30,24.51,66.55,1,-1,-1,-1
236,161,231.52,336.95,28.15,73.69,1,-1,-1,-1
236,146,858.13,366.31,32.29,50.45,1,-1,-1,-1
236,175,1.39,335.68,63.47,198.65,1,-1,-1,-1
237,103,933.34,342.45,54.63,142.71,1,-1,-1,-1
237,104,1040.97,349.13,70.46,162.98,1,-1,-1,-1
237,142,892.63,338.15,50.24,149.01,1,-1,-1,-1
237,145,464.14,337.55,50.97,124.28,1,-1,-1,-1
237,153,256.93,336.17,40.67,112.83,1,-1,-1,-1
237,156,511.73,337.64,40.07,123.67,1,-1,-1,-1
237,107,1376.37,318.93,225.16,720.72,1,-1,-1,-1
237,118,637.88,316.38,82.17,196.04,1,-1,-1,-1
237,165,1632.96,319.52,277.67,718.04,1,-1,-1,-1
237,166,1137.36,349.69,34.95,113.77,1,-1,-1,-1
237,173,758.25,346.55,24.86,68.63,1,-1,-1,-1
237,161,232.65,334.69,27.49,71.19,1,-1,-1,-1
237,146,857.21,366.38,36.29,52.27,1,-1,-1,-1
237,175,0.56,333.32,65.94,198.37,1,-1,-1,-1
238,103,935.33,340.12,53.84,142.90,1,-1,-1,-1
238,104,1042.07,346.74,71.03,162.01,1,-1,-1,-1
238,142,898.38,333.24,46.94,151.11,1,-1,-1,-1
238,145,468.39,337.41,49.81,122.86,1,-1,-1,-1
238,153,258.44,332.54,41.65,115.05,1,-1,-1,-1
238,156,515.79,337.50,35.17,115.78,1,-1,-1,-1
238,107,1377.70,313.63,219.85,716.28,1,-1,-1,-1
238,118,640.86,314.75,79.81,192.83,1,-1,-1,-1
238,165,1628.36,307.38,280.78,732.85,1,-1,-1,-1
238,166,1140.38,346.66,35.47,115.31,1,-1,-1,-1
238,173,762.54,346.24,24.33,66.01,1,-1,-1,-1
238,161,234.91,331.98,27.31,70.82,1,-1,-1,-1
238,146,867.89,358.29,39.54,64.69,1,-1,-1,-1
238,175,0.22,330.68,66.12,199.12,1,-1,-1,-1
239,103,939.54,340.51,52.62,141.65,1,-1,-1,-1
239,104,1043.16,345.37,71.20,162.05,1,-1,-1,-1
239,142,901.35,331.19,46.79,152.96,1,-1,-1,-1
239,145,472.02,336.95,50.33,123.34,1,-1,-1,-1
239,153,260.13,333.13,40.92,113.51,1,-1,-1,-1
239,156,518.01,336.54,33.54,113.27,1,-1,-1,-1
239,107,1377.87,313.04,220.93,713.06,1,-1,-1,-1
239,118,643.08,315.00,76.90,191.17,1,-1,-1,-1
239,165,1624.94,304.69,282.92,732.75,1,-1,-1,-1
239,166,1143.88,344.78,36.42,116.88,1,-1,-1,-1
239,173,766.10,347.48,25.07,64.76,1,-1,-1,-1
239,161,236.41,331.26,27.73,71.58,1,-1,-1,-1
239,146,873.89,355.91,41.11,69.82,1,-1,-1,-1
239,175,0.34,330.16,69.04,198.69,1,-1,-1,-1
240,103,945.28,339.11,50.69,141.79,1,-1,-1,-1
240,104,1044.94,345.23,70.26,161.30,1,-1,-1,-1
240,142,903.94,328.94,47.43,155.46,1,-1,-1,-1
240,145,475.04,334.35,51.41,124.95,1,-1,-1,-1
240,153,262.38,330.32,40.91,114.75,1,-1,-1,-1
240,156,515.90,331.11,35.54,117.57,1,-1,-1,-1
240,107,1377.85,309.37,215.99,710.45,1,-1,-1,-1
240,118,645.69,314.96,75.84,190.83,1,-1,-1,-1
240,165,1622.27,297.20,287.52,746.27,1,-1,-1,-1
240,166,1146.21,344.92,36.72,115.97,1,-1,-1,-1
240,173,768.58,347.31,25.05,64.91,1,-1,-1,-1
240,161,236.65,328.95,27.98,71.28,1,-1,-1,-1
240,146,875.32,355.38,39.90,68.00,1,-1,-1,-1
240,175,0.12,328.04,71.97,195.76,1,-1,-1,-1
241,103,951.81,335.44,49.37,143.85,1,-1,-1,-1
241,104,1051.18,342.99,68.97,161.84,1,-1,-1,-1
241,142,905.71,327.58,50.22,156.22,1,-1,-1,-1
241,145,480.56,329.78,50.64,126.41,1,-1,-1,-1
241,153,266.10,329.73,39.85,112.50,1,-1,-1,-1
241,107,1384.12,300.23,211.85,707.53,1,-1,-1,-1
241,118,652.46,313.42,73.94,190.20,1,-1,-1,-1
241,165,1621.48,291.04,292.12,748.76,1,-1,-1,-1
241,166,1151.55,343.02,36.97,115.68,1,-1,-1,-1
241,173,775.30,343.08,25.77,66.92,1,-1,-1,-1
241,161,240.73,327.61,28.02,72.55,1,-1,-1,-1
241,146,879.64,353.03,36.04,65.06,1,-1,-1,-1
241,175,1.02,323.10,73.72,197.57,1,-1,-1,-1
242,103,954.21,334.90,49.68,144.55,1,-1,-1,-1
242,104,1053.99,343.45,68.65,161.64,1,-1,-1,-1
242,142,905.20,327.81,51.89,156.60,1,-1,-1,-1
242,145,483.51,329.16,49.78,127.83,1,-1,-1,-1
242,153,267.34,329.44,40.04,113.33,1,-1,-1,-1
242,107,1384.76,301.72,211.52,704.91,1,-1,-1,-1
242,118,652.13,311.44,78.34,192.18,1,-1,-1,-1
242,165,1615.26,288.41,298.96,752.77,1,-1,-1,-1
242,166,1154.00,341.29,36.71,117.16,1,-1,-1,-1
242,173,778.26,342.46,25.96,67.37,1,-1,-1,-1
242,161,242.47,327.18,27.55,72.41,1,-1,-1,-1
242,146,880.65,353.01,33.25,62.15,1,-1,-1,-1
242,175,0.70,322.25,74.89,197.78,1,-1,-1,-1
243,103,956.32,335.21,49.89,143.31,1,-1,-1,-1
243,104,1057.40,342.92,70.14,161.86,1,-1,-1,-1
243,142,905.94,327.67,53.33,156.88,1,-1,-1,-1
243,145,486.44,328.28,49.69,130.36,1,-1,-1,-1
243,153,269.04,327.47,41.60,115.64,1,-1,-1,-1
243,107,1386.62,300.41,211.26,712.34,1,-1,-1,-1
243,118,652.30,309.00,81.56,194.13,1,-1,-1,-1
243,165,1608.16,278.57,304.40,757.85,1,-1,-1,-1
243,166,1157.50,339.12,36.23,117.34,1,-1,-1,-1
243,173,781.68,342.34,25.22,65.12,1,-1,-1,-1
243,161,243.21,325.81,26.55,69.52,1,-1,-1,-1
243,146,879.82,351.67,31.33,59.61,1,-1,-1,-1
243,175,0.71,320.62,75.66,197.52,1,-1,-1,-1
244,103,955.15,331.37,53.55,146.64,1,-1,-1,-1
244,104,1059.38,336.47,71.35,166.08,1,-1,-1,-1
244,142,906.60,322.64,54.34,161.01,1,-1,-1,-1
244,145,488.65,324.50,51.84,130.88,1,-1,-1,-1
244,153,271.39,324.81,41.31,117.21,1,-1,-1,-1
244,107,1377.53,299.39,225.93,713.89,1,-1,-1,-1
244,118,651.14,306.38,85.42,196.71,1,-1,-1,-1
244,165,1600.28,278.62,313.27,756.24,1,-1,-1,-1
244,166,1161.20,337.37,37.09,117.30,1,-1,-1,-1
244,173,785.64,340.07,23.76,64.49,1,-1,-1,-1
244,161,243.88,322.35,27.08,76.63,1,-1,-1,-1
244,146,879.03,350.86,30.33,58.25,1,-1,-1,-1
244,175,0.64,321.27,78.53,199.28,1,-1,-1,-1
245,103,956.47,332.11,54.38,147.71,1,-1,-1,-1
245,104,1061.10,340.16,71.92,164.49,1,-1,-1,-1
245,142,907.75,326.63,54.57,158.81,1,-1,-1,-1
245,145,493.20,326.32,49.70,126.96,1,-1,-1,-1
245,153,270.24,324.32,41.53,119.35,1,-1,-1,-1
245,107,1375.99,300.12,227.29,713.09,1,-1,-1,-1
245,118,651.58,306.57,86.29,198.85,1,-1,-1,-1
245,165,1600.08,289.81,310.65,746.97,1,-1,-1,-1
245,166,1162.31,338.75,36.83,116.52,1,-1,-1,-1
245,173,786.37,341.84,22.90,63.74,1,-1,-1,-1
245,161,244.76,321.18,27.11,72.36,1,-1,-1,-1
245,146,880.47,354.10,31.81,56.94,1,-1,-1,-1
245,175,1.22,320.78,81.71,199.64,1,-1,-1,-1
246,103,961.08,331.87,52.79,148.63,1,-1,-1,-1
246,104,1070.16,338.77,70.40,164.99,1,-1,-1,-1
246,142,915.98,324.20,52.19,159.17,1,-1,-1,-1
246,145,507.50,326.72,40.99,124.92,1,-1,-1,-1
246,153,277.46,321.73,41.58,117.48,1,-1,-1,-1
246,107,1372.99,300.93,233.81,724.54,1,-1,-1,-1
246,118,662.17,303.84,78.34,199.26,1,-1,-1,-1
246,165,1611.96,295.75,306.36,737.32,1,-1,-1,-1
246,166,1169.35,338.97,36.15,117.22,1,-1,-1,-1
246,173,792.80,341.30,23.30,63.57,1,-1,-1,-1
246,146,886.96,353.16,30.03,51.81,1,-1,-1,-1
246,175,3.37,316.48,84.67,202.68,1,-1,-1,-1
247,103,961.53,331.30,52.48,148.45,1,-1,-1,-1
247,104,1070.95,338.59,69.61,165.12,1,-1,-1,-1
247,142,916.89,323.16,51.12,159.36,1,-1,-1,-1
247,153,275.38,321.18,41.99,117.46,1,-1,-1,-1
247,107,1364.82,307.06,240.47,715.99,1,-1,-1,-1
247,118,662.48,305.28,75.94,195.56,1,-1,-1,-1
247,165,1612.63,300.75,306.40,750.64,1,-1,-1,-1
247,166,1169.34,339.65,35.83,117.22,1,-1,-1,-1
247,173,791.38,342.68,23.78,62.08,1,-1,-1,-1
247,146,886.12,355.09,29.42,51.71,1,-1,-1,-1
247,175,0.75,317.30,86.12,203.09,1,-1,-1,-1
248,103,963.92,331.95,52.72,146.93,1,-1,-1,-1
248,104,1071.54,337.57,71.13,166.03,1,-1,-1,-1
248,142,919.74,321.40,50.43,160.42,1,-1,-1,-1
248,153,275.00,319.75,42.25,118.73,1,-1,-1,-1
248,107,1363.86,306.86,240.23,714.85,1,-1,-1,-1
248,118,664.99,306.31,72.41,192.94,1,-1,-1,-1
248,165,1618.99,301.02,297.59,757.37,1,-1,-1,-1
248,166,1173.19,340.78,35.09,116.78,1,-1,-1,-1
248,173,792.95,342.45,23.62,61.64,1,-1,-1,-1
248,146,887.95,354.15,28.38,51.80,1,-1,-1,-1
248,175,0.73,317.31,86.85,201.70,1,-1,-1,-1
249,103,966.54,330.27,52.63,146.66,1,-1,-1,-1
249,104,1075.31,337.01,69.47,164.38,1,-1,-1,-1
249,142,921.99,318.62,53.73,161.03,1,-1,-1,-1
249,153,276.74,316.95,41.56,118.28,1,-1,-1,-1
249,107,1365.25,311.19,241.50,712.08,1,-1,-1,-1
249,118,667.74,305.27,69.61,192.12,1,-1,-1,-1
249,165,1622.64,299.04,295.20,769.98,1,-1,-1,-1
249,166,1176.46,340.31,35.43,117.79,1,-1,-1,-1
249,173,795.65,338.48,23.50,62.30,1,-1,-1,-1
249,175,2.80,314.71,87.77,200.06,1,-1,-1,-1
250,103,970.95,326.17,52.67,146.80,1,-1,-1,-1
250,104,1079.31,334.68,70.06,165.38,1,-1,-1,-1
250,142,923.47,315.87,55.60,160.91,1,-1,-1,-1
250,153,280.05,315.21,41.10,116.70,1,-1,-1,-1
250,107,1365.34,312.59,246.66,716.11,1,-1,-1,-1
250,118,669.45,301.77,69.56,194.58,1,-1,-1,-1
250,165,1628.61,307.64,285.60,751.12,1,-1,-1,-1
250,166,1178.71,338.41,36.61,117.89,1,-1,-1,-1
250,173,797.47,335.22,23.36,63.07,1,-1,-1,-1
250,175,3.54,313.49,88.81,198.12,1,-1,-1,-1
250,161,257.60,313.91,26.69,68.89,1,-1,-1,-1
251,103,976.44,323.60,51.10,145.74,1,-1,-1,-1
251,104,1085.80,333.37,68.97,165.83,1,-1,-1,-1
251,142,925.02,313.90,57.95,161.41,1,-1,-1,-1
251,153,283.06,313.47,41.09,117.04,1,-1,-1,-1
251,107,1368.81,306.97,242.13,720.45,1,-1,-1,-1
251,118,665.90,297.82,78.60,198.99,1,-1,-1,-1
251,165,1643.46,289.03,271.45,758.68,1,-1,-1,-1
251,166,1184.04,335.99,35.99,117.62,1,-1,-1,-1
251,173,801.45,332.09,23.03,61.60,1,-1,-1,-1
251,175,5.56,312.59,88.62,197.80,1,-1,-1,-1
251,161,257.60,311.83,27.59,68.96,1,-1,-1,-1
252,103,977.35,321.03,51.25,145.84,1,-1,-1,-1
252,104,1088.51,332.55,68.90,166.56,1,-1,-1,-1
252,142,926.52,312.12,60.80,163.79,1,-1,-1,-1
252,153,284.26,312.84,40.79,117.47,1,-1,-1,-1
252,107,1370.03,301.31,238.29,718.53,1,-1,-1,-1
252,118,662.94,294.59,85.97,202.75,1,-1,-1,-1
252,165,1651.69,294.50,257.18,750.99,1,-1,-1,-1
252,166,1186.67,332.57,36.10,119.48,1,-1,-1,-1
252,173,804.09,330.41,23.69,61.23,1,-1,-1,-1
252,175,7.06,311.17,88.12,197.90,1,-1,-1,-1
252,161,256.69,310.51,27.49,68.56,1,-1,-1,-1
253,103,978.84,320.94,52.60,145.55,1,-1,-1,-1
253,104,1089.83,332.78,68.78,165.30,1,-1,-1,-1
253,142,928.24,312.80,61.57,163.59,1,-1,-1,-1
253,153,285.58,313.86,41.37,117.52,1,-1,-1,-1
253,107,1370.85,305.51,239.07,709.11,1,-1,-1,-1
253,118,662.09,294.30,89.10,206.20,1,-1,-1,-1
253,165,1654.79,289.98,253.95,746.39,1,-1,-1,-1
253,166,1189.77,330.54,36.17,119.78,1,-1,-1,-1
253,173,805.74,331.23,24.28,61.08,1,-1,-1,-1
253,175,8.58,311.67,88.16,197.97,1,-1,-1,-1
253,161,260.18,313.24,29.51,76.02,1,-1,-1,-1
254,103,980.87,318.83,53.45,147.60,1,-1,-1,-1
254,104,1093.43,331.90,67.61,163.60,1,-1,-1,-1
254,142,931.42,312.89,60.66,162.33,1,-1,-1,-1
254,153,286.57,315.64,41.08,116.43,1,-1,-1,-1
254,107,1373.66,307.78,237.61,701.92,1,-1,-1,-1
254,118,663.35,293.73,90.17,205.24,1,-1,-1,-1
254,165,1658.67,269.28,258.28,748.29,1,-1,-1,-1
254,166,1193.73,329.51,36.74,118.47,1,-1,-1,-1
254,173,808.79,329.92,24.35,62.11,1,-1,-1,-1
254,175,11.46,313.15,88.29,199.05,1,-1,-1,-1
254,161,260.84,313.98,29.09,77.49,1,-1,-1,-1
254,145,538.11,304.73,50.36,147.52,1,-1,-1,-1
255,103,981.10,317.32,54.68,148.05,1,-1,-1,-1
255,104,1096.34,331.32,67.23,161.79,1,-1,-1,-1
255,142,935.26,312.42,58.95,160.46,1,-1,-1,-1
255,153,287.73,315.78,41.16,116.84,1,-1,-1,-1
255,107,1376.25,303.26,238.87,702.57,1,-1,-1,-1
255,118,664.83,292.64,91.24,206.03,1,-1,-1,-1
255,165,1665.13,275.74,255.12,753.01,1,-1,-1,-1
255,166,1197.70,329.15,37.54,116.52,1,-1,-1,-1
255,173,810.88,328.43,24.37,62.44,1,-1,-1,-1
255,175,14.08,310.84,88.99,201.13,1,-1,-1,-1
255,161,264.42,316.15,28.69,76.19,1,-1,-1,-1
255,178,765.27,329.88,23.67,60.45,1,-1,-1,-1
255,145,540.65,303.27,51.85,147.68,1,-1,-1,-1
256,103,983.57,316.58,55.88,148.94,1,-1,-1,-1
256,104,1102.41,330.43,67.45,161.11,1,-1,-1,-1
256,142,937.63,313.13,57.50,159.60,1,-1,-1,-1
256,153,288.76,318.33,41.83,117.19,1,-1,-1,-1
256,107,1384.45,298.45,235.85,710.14,1,-1,-1,-1
256,118,669.50,294.27,87.39,200.96,1,-1,-1,-1
256,165,1675.24,251.21,247.78,785.44,1,-1,-1,-1
256,166,1202.43,327.65,38.68,118.66,1,-1,-1,-1
256,173,815.89,328.11,23.53,62.89,1,-1,-1,-1
256,175,19.14,312.29,86.89,202.46,1,-1,-1,-1
256,161,272.08,319.71,30.21,86.93,1,-1,-1,-1
256,178,762.57,329.97,23.33,61.34,1,-1,-1,-1
256,145,543.69,305.21,51.74,146.23,1,-1,-1,-1
257,103,986.24,316.41,56.68,149.60,1,-1,-1,-1
257,104,1108.64,330.75,66.22,159.22,1,-1,-1,-1
257,142,939.47,313.02,55.66,159.69,1,-1,-1,-1
257,153,290.93,320.29,42.23,115.99,1,-1,-1,-1
257,107,1389.82,293.96,235.26,719.26,1,-1,-1,-1
257,118,671.80,293.41,84.75,201.80,1,-1,-1,-1
257,165,1676.57,255.55,246.08,783.52,1,-1,-1,-1
257,166,1208.11,325.68,37.35,119.67,1,-1,-1,-1
257,173,819.37,327.21,24.16,63.84,1,-1,-1,-1
257,175,22.83,313.43,87.83,201.91,1,-1,-1,-1
257,178,757.87,330.99,24.59,60.97,1,-1,-1,-1
257,145,544.94,305.14,52.37,149.56,1,-1,-1,-1
257,179,1079.64,318.70,47.16,126.99,1,-1,-1,-1
258,103,987.20,312.61,59.39,151.71,1,-1,-1,-1
258,104,1112.78,325.53,67.91,161.76,1,-1,-1,-1
258,142,940.79,314.19,51.28,153.03,1,-1,-1,-1
258,153,294.01,316.99,40.54,117.87,1,-1,-1,-1
258,107,1395.95,283.96,229.55,732.52,1,-1,-1,-1
258,118,679.19,294.09,75.36,194.13,1,-1,-1,-1
258,165,1676.60,257.04,245.13,789.83,1,-1,-1,-1
258,166,1211.34,324.46,39.15,120.30,1,-1,-1,-1
258,173,823.44,324.87,23.87,62.13,1,-1,-1,-1
258,175,23.86,312.59,87.96,202.14,1,-1,-1,-1
258,178,759.64,332.29,23.67,56.58,1,-1,-1,-1
258,145,544.66,301.46,54.78,149.45,1,-1,-1,-1
258,179,1080.56,315.66,50.87,131.82,1,-1,-1,-1
259,103,989.43,316.37,58.62,150.42,1,-1,-1,-1
259,104,1116.18,326.83,68.23,163.75,1,-1,-1,-1
259,142,944.22,311.72,56.41,161.58,1,-1,-1,-1
259,153,293.31,321.31,42.00,117.57,1,-1,-1,-1
259,107,1402.43,283.92,225.56,737.00,1,-1,-1,-1
259,118,680.27,296.31,76.68,196.13,1,-1,-1,-1
259,165,1682.03,260.45,239.22,781.31,1,-1,-1,-1
259,166,1213.66,324.38,37.37,121.86,1,-1,-1,-1
259,173,825.62,328.74,23.67,64.09,1,-1,-1,-1
259,175,27.93,315.00,85.08,204.52,1,-1,-1,-1
259,178,753.41,330.92,25.14,63.67,1,-1,-1,-1
259,145,546.18,304.62,53.21,149.30,1,-1,-1,-1
259,179,1084.09,317.83,48.96,131.08,1,-1,-1,-1
260,103,991.90,313.59,59.87,151.50,1,-1,-1,-1
260,104,1124.57,326.46,64.70,161.03,1,-1,-1,-1
260,142,950.31,310.56,56.83,158.96,1,-1,-1,-1
260,153,297.80,319.30,40.63,116.06,1,-1,-1,-1
260,107,1409.21,290.21,227.38,731.49,1,-1,-1,-1
260,118,685.47,294.45,73.69,199.40,1,-1,-1,-1
260,165,1690.93,254.24,230.78,794.05,1,-1,-1,-1
260,166,1219.21,323.07,36.66,121.73,1,-1,-1,-1
260,173,831.01,328.00,24.04,63.57,1,-1,-1,-1
260,175,36.25,310.39,78.35,208.65,1,-1,-1,-1
260,178,762.12,330.54,25.18,61.44,1,-1,-1,-1
260,145,548.67,303.37,53.05,149.92,1,-1,-1,-1
260,179,1092.26,317.03,51.37,129.98,1,-1,-1,-1
260,156,527.46,321.40,35.51,131.71,1,-1,-1,-1
261,103,995.06,308.45,60.95,152.35,1,-1,-1,-1
261,104,1133.13,322.60,63.07,158.83,1,-1,-1,-1
261,142,956.42,307.99,55.13,156.83,1,-1,-1,-1
261,153,301.27,314.35,40.31,116.73,1,-1,-1,-1
261,107,1416.64,284.73,229.71,736.02,1,-1,-1,-1
261,118,687.72,292.80,74.70,200.64,1,-1,-1,-1
261,165,1701.00,247.06,222.20,794.53,1,-1,-1,-1
261,166,1226.06,318.39,37.88,119.41,1,-1,-1,-1
261,173,838.40,323.66,23.36,64.38,1,-1,-1,-1
261,175,40.82,307.00,76.01,208.04,1,-1,-1,-1
261,178,766.02,324.41,27.14,66.06,1,-1,-1,-1
261,145,554.53,299.35,53.52,154.04,1,-1,-1,-1
261,179,1101.53,312.55,48.98,129.90,1,-1,-1,-1
261,156,534.22,315.07,36.44,139.01,1,-1,-1,-1
262,103,999.31,308.07,55.03,148.79,1,-1,-1,-1
262,104,1135.38,321.65,63.19,156.51,1,-1,-1,-1
262,142,955.92,303.44,59.16,164.93,1,-1,-1,-1
262,153,301.70,311.71,40.03,119.40,1,-1,-1,-1
262,107,1423.88,286.82,230.14,738.76,1,-1,-1,-1
262,118,689.20,289.46,78.77,201.65,1,-1,-1,-1
262,165,1715.66,243.29,205.91,790.75,1,-1,-1,-1
262,166,1229.02,318.77,37.57,114.54,1,-1,-1,-1
262,173,840.42,320.77,23.95,65.72,1,-1,-1,-1
262,175,43.36,310.43,78.07,199.12,1,-1,-1,-1
262,178,762.43,320.52,29.67,74.29,1,-1,-1,-1
262,145,551.73,297.74,54.75,153.18,1,-1,-1,-1
262,179,1105.42,310.91,47.83,133.21,1,-1,-1,-1
262,181,814.30,319.88,22.63,63.03,1,-1,-1,-1
262,162,1053.61,324.75,27.23,64.23,1,-1,-1,-1
263,103,1005.52,310.31,51.31,139.02,1,-1,-1,-1
263,104,1139.28,319.49,64.23,157.48,1,-1,-1,-1
263,142,961.17,299.02,60.83,166.61,1,-1,-1,-1
263,153,303.47,307.41,40.77,119.49,1,-1,-1,-1
263,107,1428.90,288.45,231.93,729.68,1,-1,-1,-1
263,118,686.40,287.85,85.34,202.62,1,-1,-1,-1
263,165,1716.04,233.96,205.41,808.04,1,-1,-1,-1
263,166,1234.05,313.85,36.95,115.95,1,-1,-1,-1
263,173,845.53,317.04,24.48,66.49,1,-1,-1,-1
263,175,46.33,307.29,75.50,194.48,1,-1,-1,-1
263,145,553.02,294.26,56.72,156.41,1,-1,-1,-1
263,179,1109.50,310.94,46.06,124.08,1,-1,-1,-1
263,181,810.68,316.57,21.51,61.53,1,-1,-1,-1
263,182,1082.70,316.24,24.12,59.48,1,-1,-1,-1
263,162,1066.22,317.07,23.07,54.53,1,-1,-1,-1
263,156,531.54,312.05,37.50,139.67,1,-1,-1,-1
264,104,1142.10,316.31,66.13,160.70,1,-1,-1,-1
264,142,962.46,297.19,61.00,166.69,1,-1,-1,-1
264,153,303.46,304.07,40.69,120.16,1,-1,-1,-1
264,107,1429.29,284.57,238.48,740.79,1,-1,-1,-1
264,118,682.78,286.30,90.02,202.83,1,-1,-1,-1
264,165,1721.72,221.33,199.11,819.84,1,-1,-1,-1
264,166,1236.17,310.71,37.89,116.93,1,-1,-1,-1
264,173,846.92,316.56,24.24,64.53,1,-1,-1,-1
264,175,46.59,304.84,74.54,194.84,1,-1,-1,-1
264,145,553.05,292.40,58.21,157.90,1,-1,-1,-1
264,179,1109.62,306.38,47.09,127.10,1,-1,-1,-1
264,181,807.32,316.08,20.85,59.89,1,-1,-1,-1
264,162,1066.54,314.69,21.33,49.83,1,-1,-1,-1
264,156,526.80,311.61,40.04,140.25,1,-1,-1,-1
265,104,1144.71,313.89,67.12,161.89,1,-1,-1,-1
265,142,963.89,295.84,60.32,168.10,1,-1,-1,-1
265,153,305.33,302.48,41.39,119.25,1,-1,-1,-1
265,107,1433.82,279.70,236.00,744.69,1,-1,-1,-1
265,118,680.12,285.76,94.27,204.50,1,-1,-1,-1
265,165,1723.64,217.42,196.61,823.49,1,-1,-1,-1
265,166,1237.84,309.36,38.83,118.73,1,-1,-1,-1
265,173,847.47,315.72,23.62,64.08,1,-1,-1,-1
265,175,46.05,301.92,74.82,197.29,1,-1,-1,-1
265,145,555.76,292.16,54.69,157.40,1,-1,-1,-1
265,179,1109.83,303.41,49.56,130.97,1,-1,-1,-1
265,162,1063.13,315.09,21.35,49.68,1,-1,-1,-1
265,156,524.56,310.97,41.59,142.35,1,-1,-1,-1
266,104,1149.45,308.98,69.74,164.87,1,-1,-1,-1
266,142,966.01,290.09,60.32,171.45,1,-1,-1,-1
266,153,310.84,299.88,41.91,118.25,1,-1,-1,-1
266,107,1444.75,277.69,234.97,729.10,1,-1,-1,-1
266,118,680.52,281.33,98.83,208.96,1,-1,-1,-1
266,165,1725.25,227.89,196.13,806.57,1,-1,-1,-1
266,166,1241.88,305.89,38.19,118.38,1,-1,-1,-1
266,173,848.12,313.58,23.75,64.92,1,-1,-1,-1
266,175,46.81,299.96,76.70,194.73,1,-1,-1,-1
266,145,559.16,290.84,53.70,149.34,1,-1,-1,-1
266,179,1113.50,298.92,48.48,131.88,1,-1,-1,-1
266,156,522.23,307.34,44.25,141.97,1,-1,-1,-1
266,183,784.76,311.60,23.60,60.37,1,-1,-1,-1
266,103,1016.39,304.90,47.58,141.02,1,-1,-1,-1
267,104,1151.89,308.25,70.08,164.71,1,-1,-1,-1
267,142,967.47,291.09,58.58,168.34,1,-1,-1,-1
267,153,312.02,299.12,43.09,118.77,1,-1,-1,-1
267,107,1446.03,283.58,238.65,712.98,1,-1,-1,-1
267,118,680.72,280.01,99.74,210.58,1,-1,-1,-1
267,165,1726.09,226.76,194.79,806.62,1,-1,-1,-1
267,166,1243.70,305.12,37.87,119.01,1,-1,-1,-1
267,173,849.71,312.83,23.73,65.54,1,-1,-1,-1
267,175,46.88,298.64,76.95,196.27,1,-1,-1,-1
267,145,560.65,290.52,53.92,148.48,1,-1,-1,-1
267,179,1115.91,298.03,47.43,130.45,1,-1,-1,-1
267,156,520.47,307.87,44.31,141.78,1,-1,-1,-1
267,183,789.46,311.33,23.25,59.88,1,-1,-1,-1
267,103,1014.34,303.57,49.04,139.82,1,-1,-1,-1
267,182,1094.70,312.72,26.24,58.93,1,-1,-1,-1
268,104,1154.28,307.49,69.79,162.59,1,-1,-1,-1
268,142,969.36,294.97,55.82,162.65,1,-1,-1,-1
268,153,313.08,298.00,43.00,119.17,1,-1,-1,-1
268,107,1450.42,279.36,237.59,715.75,1,-1,-1,-1
268,118,682.51,278.57,98.46,212.02,1,-1,-1,-1
268,165,1720.92,226.92,199.75,795.29,1,-1,-1,-1
268,166,1244.49,304.75,38.20,120.71,1,-1,-1,-1
268,173,849.39,313.01,23.65,65.38,1,-1,-1,-1
268,175,47.20,297.15,75.18,197.46,1,-1,-1,-1
268,179,1120.10,297.55,47.29,130.57,1,-1,-1,-1
268,156,519.64,307.77,44.34,145.07,1,-1,-1,-1
268,183,788.34,310.45,23.34,59.94,1,-1,-1,-1
268,103,1012.09,299.12,50.62,141.07,1,-1,-1,-1
268,182,1094.37,311.79,24.95,56.44,1,-1,-1,-1
269,104,1154.79,305.28,70.57,162.76,1,-1,-1,-1
269,142,966.71,293.40,55.36,164.16,1,-1,-1,-1
269,153,313.16,298.51,42.42,118.58,1,-1,-1,-1
269,107,1450.73,265.62,245.37,725.70,1,-1,-1,-1
269,118,685.45,277.46,96.03,211.14,1,-1,-1,-1
269,165,1713.91,221.30,206.20,794.59,1,-1,-1,-1
269,166,1244.47,304.36,38.24,119.62,1,-1,-1,-1
269,173,849.93,313.18,23.48,65.18,1,-1,-1,-1
269,175,46.10,296.36,74.56,198.58,1,-1,-1,-1
269,179,1123.10,296.90,47.43,132.20,1,-1,-1,-1
269,156,519.59,306.62,44.77,145.04,1,-1,-1,-1
269,183,784.30,311.37,23.67,59.67,1,-1,-1,-1
269,103,1006.85,295.66,55.22,146.16,1,-1,-1,-1
269,182,1091.23,311.65,23.62,55.09,1,-1,-1,-1
269,145,548.96,285.56,57.78,155.05,1,-1,-1,-1
270,104,1158.46,301.81,71.24,166.13,1,-1,-1,-1
270,142,966.25,290.69,58.48,165.83,1,-1,-1,-1
270,153,311.17,297.20,43.38,118.54,1,-1,-1,-1
270,107,1450.90,256.77,252.34,733.85,1,-1,-1,-1
270,118,692.19,277.08,90.41,207.71,1,-1,-1,-1
270,165,1702.71,219.43,217.65,798.13,1,-1,-1,-1
270,166,1245.53,304.87,38.84,117.73,1,-1,-1,-1
270,173,850.91,311.69,23.75,64.57,1,-1,-1,-1
270,175,47.34,296.69,74.14,198.26,1,-1,-1,-1
270,179,1128.48,294.33,47.07,137.17,1,-1,-1,-1
270,103,1001.82,294.11,58.10,150.19,1,-1,-1,-1
270,182,1085.49,315.13,22.16,51.07,1,-1,-1,-1
270,145,543.48,283.42,57.46,165.42,1,-1,-1,-1
270,181,788.00,312.70,24.70,58.14,1,-1,-1,-1
271,104,1158.72,304.51,71.31,166.36,1,-1,-1,-1
271,142,964.29,289.19,60.15,171.83,1,-1,-1,-1
271,153,307.33,301.20,43.52,119.63,1,-1,-1,-1
271,107,1455.76,255.89,246.14,743.05,1,-1,-1,-1
271,118,693.33,278.97,86.30,203.84,1,-1,-1,-1
271,165,1697.65,239.23,222.68,780.83,1,-1,-1,-1
271,166,1244.31,305.88,37.74,119.12,1,-1,-1,-1
271,173,850.24,313.84,23.28,63.86,1,-1,-1,-1
271,175,41.16,299.46,75.55,198.07,1,-1,-1,-1
271,179,1126.21,298.59,45.80,133.85,1,-1,-1,-1
271,103,998.24,296.56,59.55,150.88,1,-1,-1,-1
271,182,1087.61,316.40,23.87,52.81,1,-1,-1,-1
271,145,539.65,287.45,58.91,168.62,1,-1,-1,-1
271,181,784.34,313.41,24.48,60.28,1,-1,-1,-1
272,104,1158.85,307.62,70.93,165.86,1,-1,-1,-1
272,142,958.85,288.62,64.02,179.34,1,-1,-1,-1
272,153,298.90,300.17,42.02,122.30,1,-1,-1,-1
272,107,1453.82,259.22,242.79,750.26,1,-1,-1,-1
272,118,693.50,279.59,85.44,206.99,1,-1,-1,-1
272,165,1691.62,235.02,227.88,789.90,1,-1,-1,-1
272,166,1241.96,307.99,37.40,117.34,1,-1,-1,-1
272,173,848.78,315.24,22.42,62.39,1,-1,-1,-1
272,175,36.76,302.56,75.90,199.19,1,-1,-1,-1
272,179,1122.19,299.57,48.79,136.58,1,-1,-1,-1
272,103,1006.41,301.41,57.01,146.39,1,-1,-1,-1
272,182,1085.07,316.84,24.16,54.87,1,-1,-1,-1
272,145,535.24,291.13,59.92,163.84,1,-1,-1,-1
272,181,780.35,314.95,24.74,59.50,1,-1,-1,-1
272,146,924.03,307.98,39.06,118.58,1,-1,-1,-1
273,104,1155.72,306.38,71.78,166.51,1,-1,-1,-1
273,142,957.65,289.57,64.90,175.88,1,-1,-1,-1
273,153,291.83,296.94,41.66,124.40,1,-1,-1,-1
273,107,1451.78,255.78,243.25,753.78,1,-1,-1,-1
273,118,687.48,278.21,85.81,209.12,1,-1,-1,-1
273,165,1695.79,242.78,222.75,784.51,1,-1,-1,-1
273,166,1239.39,307.65,37.24,117.52,1,-1,-1,-1
273,173,846.36,314.31,23.36,63.12,1,-1,-1,-1
273,175,34.50,302.26,75.77,196.95,1,-1,-1,-1
273,179,1118.69,298.20,48.72,137.02,1,-1,-1,-1
273,182,1087.66,316.77,25.47,55.37,1,-1,-1,-1
273,145,528.89,290.74,62.45,165.49,1,-1,-1,-1
273,181,780.77,314.12,24.22,60.87,1,-1,-1,-1
273,146,924.74,307.56,40.66,114.97,1,-1,-1,-1
274,104,1154.55,306.87,72.37,165.54,1,-1,-1,-1
274,142,955.57,289.19,65.96,177.58,1,-1,-1,-1
274,153,286.00,298.75,41.41,121.97,1,-1,-1,-1
274,107,1450.93,257.10,240.33,750.08,1,-1,-1,-1
274,118,681.84,278.11,87.37,215.84,1,-1,-1,-1
274,165,1700.71,244.88,218.18,777.36,1,-1,-1,-1
274,166,1239.12,307.27,36.87,119.04,1,-1,-1,-1
274,173,845.23,313.63,23.91,63.26,1,-1,-1,-1
274,175,32.39,304.23,77.14,193.83,1,-1,-1,-1
274,179,1116.33,297.58,49.49,136.95,1,-1,-1,-1
274,145,520.39,291.03,64.32,164.47,1,-1,-1,-1
274,146,920.99,308.13,42.06,117.42,1,-1,-1,-1
275,104,1153.72,306.63,71.86,164.65,1,-1,-1,-1
275,142,954.74,290.31,65.43,173.68,1,-1,-1,-1
275,153,281.09,296.73,41.12,121.22,1,-1,-1,-1
275,107,1451.27,259.89,241.32,745.67,1,-1,-1,-1
275,118,677.34,277.93,89.22,213.82,1,-1,-1,-1
275,165,1703.83,248.29,215.38,768.44,1,-1,-1,-1
275,166,1238.36,304.38,36.66,118.91,1,-1,-1,-1
275,173,845.58,312.39,22.87,62.19,1,-1,-1,-1
275,175,27.48,304.93,79.84,193.10,1,-1,-1,-1
275,179,1113.29,295.72,49.71,138.11,1,-1,-1,-1
275,145,510.96,289.67,64.19,164.31,1,-1,-1,-1
275,146,915.05,307.66,44.19,117.29,1,-1,-1,-1
275,184,567.97,294.62,55.59,127.10,1,-1,-1,-1
275,185,801.76,313.11,21.56,59.17,1,-1,-1,-1
276,104,1148.69,306.31,70.78,164.67,1,-1,-1,-1
276,142,946.44,291.39,66.16,174.55,1,-1,-1,-1
276,153,271.44,300.03,43.64,121.34,1,-1,-1,-1
276,107,1450.94,264.78,240.74,744.42,1,-1,-1,-1
276,118,664.39,279.57,91.43,214.29,1,-1,-1,-1
276,165,1706.86,247.49,211.13,784.30,1,-1,-1,-1
276,166,1234.30,303.19,36.95,119.26,1,-1,-1,-1
276,173,836.09,311.95,23.08,62.36,1,-1,-1,-1
276,175,17.14,307.18,77.78,196.21,1,-1,-1,-1
276,179,1105.57,295.92,52.33,137.63,1,-1,-1,-1
276,145,496.18,290.33,66.10,166.68,1,-1,-1,-1
276,146,904.28,305.57,43.26,118.41,1,-1,-1,-1
276,184,559.30,297.04,53.19,124.82,1,-1,-1,-1
276,182,1064.62,316.37,23.79,52.92,1,-1,-1,-1
276,181,762.03,317.68,24.98,61.16,1,-1,-1,-1
277,104,1143.15,308.52,70.18,160.83,1,-1,-1,-1
277,142,940.34,292.67,64.68,172.93,1,-1,-1,-1
277,153,257.64,297.13,38.12,107.80,1,-1,-1,-1
277,107,1451.23,264.97,237.52,735.51,1,-1,-1,-1
277,118,656.12,277.02,91.62,214.95,1,-1,-1,-1
277,165,1709.97,246.82,208.24,782.92,1,-1,-1,-1
277,166,1229.57,304.47,36.57,115.43,1,-1,-1,-1
277,173,830.30,312.79,23.35,61.81,1,-1,-1,-1
277,175,8.63,308.02,80.17,193.75,1,-1,-1,-1
277,179,1102.06,296.49,51.33,135.23,1,-1,-1,-1
277,145,487.99,291.56,65.29,168.39,1,-1,-1,-1
277,146,895.21,308.11,42.29,111.79,1,-1,-1,-1
277,184,557.73,296.49,50.66,124.53,1,-1,-1,-1
277,182,1062.01,314.57,23.41,55.04,1,-1,-1,-1
277,181,757.50,316.47,23.06,60.95,1,-1,-1,-1
277,161,276.34,305.73,45.30,121.46,1,-1,-1,-1
278,104,1136.39,308.61,69.12,158.81,1,-1,-1,-1
278,142,932.25,293.19,64.83,173.73,1,-1,-1,-1
278,153,242.54,297.74,33.74,84.37,1,-1,-1,-1
278,107,1443.70,259.79,239.86,743.91,1,-1,-1,-1
278,118,646.96,277.49,92.04,217.00,1,-1,-1,-1
278,165,1707.36,236.08,210.56,788.28,1,-1,-1,-1
278,166,1219.28,303.60,35.78,116.14,1,-1,-1,-1
278,173,821.94,312.29,22.60,63.83,1,-1,-1,-1
278,175,-0.42,308.65,79.77,195.00,1,-1,-1,-1
278,179,1097.59,297.56,48.29,132.73,1,-1,-1,-1
278,145,479.23,292.02,64.49,169.70,1,-1,-1,-1
278,146,887.23,306.33,42.11,112.78,1,-1,-1,-1
278,184,557.03,299.18,48.58,119.23,1,-1,-1,-1
278,182,1058.97,312.81,24.38,54.82,1,-1,-1,-1
278,181,752.56,314.56,23.14,61.50,1,-1,-1,-1
278,161,262.49,302.55,44.22,124.36,1,-1,-1,-1
279,104,1129.11,305.27,67.93,159.90,1,-1,-1,-1
279,142,923.94,288.10,64.49,177.86,1,-1,-1,-1
279,153,230.25,298.04,32.37,82.88,1,-1,-1,-1
279,107,1434.58,257.43,239.14,739.37,1,-1,-1,-1
279,118,636.89,274.47,89.80,218.60,1,-1,-1,-1
279,165,1705.69,237.06,211.73,784.92,1,-1,-1,-1
279,166,1210.32,302.81,35.73,116.65,1,-1,-1,-1
279,173,816.38,309.45,22.70,63.38,1,-1,-1,-1
279,175,-3.24,307.47,72.27,195.27,1,-1,-1,-1
279,179,1088.00,294.66,47.60,136.63,1,-1,-1,-1
279,145,466.22,290.93,63.71,169.37,1,-1,-1,-1
279,146,875.78,299.08,43.50,118.92,1,-1,-1,-1
279,184,548.44,300.05,48.82,115.16,1,-1,-1,-1
279,181,746.96,312.94,23.75,62.15,1,-1,-1,-1
279,161,252.66,301.70,45.92,123.44,1,-1,-1,-1
279,183,735.22,314.28,22.83,62.28,1,-1,-1,-1
279,185,763.82,312.86,22.58,59.71,1,-1,-1,-1
280,104,1125.01,300.71,66.79,162.91,1,-1,-1,-1
280,142,916.37,287.71,65.04,177.49,1,-1,-1,-1
280,153,220.15,295.77,33.70,87.16,1,-1,-1,-1
280,107,1430.53,255.82,234.55,731.02,1,-1,-1,-1
280,118,628.23,274.27,88.03,216.73,1,-1,-1,-1
280,165,1699.88,241.19,218.37,774.12,1,-1,-1,-1
280,166,1205.76,298.95,35.87,118.24,1,-1,-1,-1
280,173,810.65,308.04,22.88,63.20,1,-1,-1,-1
280,175,-3.06,304.81,61.40,194.30,1,-1,-1,-1
280,179,1081.74,292.99,45.91,135.83,1,-1,-1,-1
280,145,457.75,289.84,62.17,169.59,1,-1,-1,-1
280,146,867.95,302.32,42.81,112.15,1,-1,-1,-1
280,184,541.63,296.32,49.90,116.43,1,-1,-1,-1
280,181,738.95,310.60,23.53,62.85,1,-1,-1,-1
280,161,245.25,301.11,46.84,123.13,1,-1,-1,-1
280,189,1031.51,312.23,22.40,49.55,1,-1,-1,-1
280,185,758.94,310.30,23.02,60.32,1,-1,-1,-1
280,182,1045.97,309.77,25.51,53.37,1,-1,-1,-1
281,104,1113.14,299.85,66.62,161.83,1,-1,-1,-1
281,142,901.50,285.03,66.09,180.68,1,-1,-1,-1
281,153,196.86,294.92,32.38,87.55,1,-1,-1,-1
281,107,1422.72,251.23,236.62,729.94,1,-1,-1,-1
281,118,615.63,273.18,83.21,215.46,1,-1,-1,-1
281,165,1688.14,228.11,229.47,774.71,1,-1,-1,-1
281,166,1191.73,297.23,35.51,120.33,1,-1,-1,-1
281,173,795.16,306.88,22.76,63.02,1,-1,-1,-1
281,179,1070.25,293.26,45.96,133.24,1,-1,-1,-1
281,145,440.09,287.11,63.88,171.53,1,-1,-1,-1
281,146,850.59,303.45,44.60,110.59,1,-1,-1,-1
281,184,531.18,297.25,49.47,115.03,1,-1,-1,-1
281,181,716.20,311.33,23.84,61.95,1,-1,-1,-1
281,161,226.65,301.94,46.75,123.39,1,-1,-1,-1
281,189,1020.93,309.10,22.63,53.25,1,-1,-1,-1
281,185,734.04,310.45,22.89,60.52,1,-1,-1,-1
282,104,1108.82,300.04,66.28,158.87,1,-1,-1,-1
282,142,896.02,284.08,66.58,180.75,1,-1,-1,-1
282,153,185.38,295.50,33.83,84.00,1,-1,-1,-1
282,107,1420.65,243.91,234.35,727.00,1,-1,-1,-1
282,118,604.27,272.88,87.98,215.76,1,-1,-1,-1
282,165,1680.61,222.95,238.12,774.33,1,-1,-1,-1
282,166,1185.22,296.31,35.49,120.06,1,-1,-1,-1
282,173,788.23,306.17,22.99,62.05,1,-1,-1,-1
282,179,1065.90,291.98,44.80,132.95,1,-1,-1,-1
282,145,430.25,287.24,57.06,170.17,1,-1,-1,-1
282,146,845.74,301.93,46.53,113.42,1,-1,-1,-1
282,184,528.06,297.05,48.40,115.63,1,-1,-1,-1
282,181,712.77,311.05,23.44,60.41,1,-1,-1,-1
282,161,217.26,301.18,47.08,124.40,1,-1,-1,-1
282,185,727.05,309.16,22.97,61.31,1,-1,-1,-1
282,182,1023.14,307.60,23.38,55.44,1,-1,-1,-1
283,104,1106.30,298.18,65.20,159.32,1,-1,-1,-1
283,142,892.61,283.10,65.47,181.14,1,-1,-1,-1
283,153,176.90,291.90,32.67,86.96,1,-1,-1,-1
283,107,1418.76,235.98,236.67,731.24,1,-1,-1,-1
283,118,595.41,270.23,92.32,218.00,1,-1,-1,-1
283,165,1673.52,216.14,246.31,781.86,1,-1,-1,-1
283,166,1179.66,295.19,36.20,122.81,1,-1,-1,-1
283,173,780.19,305.10,23.53,62.76,1,-1,-1,-1
283,179,1060.79,291.75,45.04,133.00,1,-1,-1,-1
283,145,422.51,286.46,61.07,174.20,1,-1,-1,-1
283,146,842.57,300.39,47.63,115.56,1,-1,-1,-1
283,184,522.86,295.99,49.97,116.83,1,-1,-1,-1
283,181,708.55,309.78,22.81,61.24,1,-1,-1,-1
283,161,208.89,299.23,46.58,125.93,1,-1,-1,-1
283,182,1018.56,307.78,23.64,54.18,1,-1,-1,-1
284,104,1102.42,294.66,65.42,164.03,1,-1,-1,-1
284,142,885.88,282.84,67.75,180.21,1,-1,-1,-1
284,153,166.41,291.39,33.30,86.89,1,-1,-1,-1
284,107,1420.03,234.37,237.63,733.34,1,-1,-1,-1
284,118,587.88,271.65,94.66,217.67,1,-1,-1,-1
284,165,1666.47,214.19,254.12,782.95,1,-1,-1,-1
284,166,1175.08,294.02,36.72,123.95,1,-1,-1,-1
284,173,770.52,304.85,23.03,61.83,1,-1,-1,-1
284,179,1055.09,290.91,43.58,134.06,1,-1,-1,-1
284,145,410.88,286.95,62.23,176.77,1,-1,-1,-1
284,146,836.74,297.21,49.19,119.99,1,-1,-1,-1
284,184,517.39,295.66,49.85,118.04,1,-1,-1,-1
284,161,200.02,299.70,48.77,126.74,1,-1,-1,-1
284,182,1014.04,307.45,24.75,54.52,1,-1,-1,-1
284,185,707.49,310.58,22.92,59.55,1,-1,-1,-1
285,104,1100.27,294.19,65.03,163.80,1,-1,-1,-1
285,142,877.40,284.80,70.85,177.36,1,-1,-1,-1
285,153,160.08,294.90,34.24,85.78,1,-1,-1,-1
285,107,1419.76,233.27,240.76,734.53,1,-1,-1,-1
285,118,577.65,271.80,97.91,217.58,1,-1,-1,-1
285,165,1661.76,213.90,259.20,781.83,1,-1,-1,-1
285,166,1173.23,294.72,36.59,122.71,1,-1,-1,-1
285,173,763.96,306.07,22.81,61.68,1,-1,-1,-1
285,179,1051.71,291.09,44.41,134.55,1,-1,-1,-1
285,145,404.83,289.02,60.41,172.63,1,-1,-1,-1
285,146,828.68,298.12,51.00,120.21,1,-1,-1,-1
285,184,513.09,296.29,49.90,119.00,1,-1,-1,-1
285,161,193.59,302.87,47.33,125.34,1,-1,-1,-1
285,192,988.54,308.31,22.59,56.47,1,-1,-1,-1
285,185,700.25,311.91,23.21,59.19,1,-1,-1,-1
285,183,683.33,312.91,24.93,59.12,1,-1,-1,-1
286,104,1098.68,290.95,65.94,163.44,1,-1,-1,-1
286,142,872.61,281.00,70.88,177.51,1,-1,-1,-1
286,153,151.85,292.98,34.51,84.18,1,-1,-1,-1
286,107,1420.18,235.18,233.22,726.63,1,-1,-1,-1
286,118,570.36,271.59,98.24,215.62,1,-1,-1,-1
286,165,1651.32,213.82,270.07,787.03,1,-1,-1,-1
286,166,1170.77,293.45,37.04,118.69,1,-1,-1,-1
286,173,756.46,304.06,22.51,61.12,1,-1,-1,-1
286,179,1048.48,285.66,45.75,140.41,1,-1,-1,-1
286,145,386.70,289.81,60.31,168.84,1,-1,-1,-1
286,146,823.64,293.25,52.10,122.36,1,-1,-1,-1
286,184,510.74,293.88,49.84,117.41,1,-1,-1,-1
286,161,190.02,300.17,43.77,125.06,1,-1,-1,-1
286,192,977.51,305.05,27.86,71.19,1,-1,-1,-1
286,183,678.06,311.33,23.00,56.06,1,-1,-1,-1
287,104,1094.95,289.87,67.79,163.72,1,-1,-1,-1
287,142,864.10,280.00,72.59,183.76,1,-1,-1,-1
287,153,142.87,298.37,32.71,82.57,1,-1,-1,-1
287,107,1423.92,233.13,234.89,739.70,1,-1,-1,-1
287,118,559.60,275.48,100.97,214.35,1,-1,-1,-1
287,165,1653.75,213.03,268.58,791.57,1,-1,-1,-1
287,166,1166.62,292.67,36.01,118.19,1,-1,-1,-1
287,173,750.06,307.84,21.36,60.80,1,-1,-1,-1
287,179,1043.00,286.25,49.29,140.89,1,-1,-1,-1
287,145,369.09,292.79,59.35,171.14,1,-1,-1,-1
287,146,814.71,295.48,53.67,121.04,1,-1,-1,-1
287,184,507.19,296.28,48.33,113.44,1,-1,-1,-1
287,161,178.87,303.56,43.99,125.72,1,-1,-1,-1
287,192,974.25,305.50,28.02,68.09,1,-1,-1,-1
287,183,673.87,313.60,22.13,56.70,1,-1,-1,-1
287,193,936.94,303.16,49.84,113.74,1,-1,-1,-1
287,185,694.21,310.82,22.29,59.70,1,-1,-1,-1
288,104,1099.30,287.61,65.85,162.57,1,-1,-1,-1
288,142,864.26,275.22,71.79,185.83,1,-1,-1,-1
288,153,138.72,296.33,31.77,79.39,1,-1,-1,-1
288,107,1432.26,229.54,229.56,745.27,1,-1,-1,-1
288,118,554.94,272.46,102.90,218.63,1,-1,-1,-1
288,165,1658.43,210.89,265.21,790.03,1,-1,-1,-1
288,166,1168.24,289.50,35.50,116.58,1,-1,-1,-1
288,173,754.99,303.94,22.38,61.35,1,-1,-1,-1
288,179,1046.12,284.97,47.38,138.64,1,-1,-1,-1
288,145,365.73,295.44,55.73,165.52,1,-1,-1,-1
288,146,812.48,296.83,52.31,116.73,1,-1,-1,-1
288,184,506.36,291.54,49.05,114.76,1,-1,-1,-1
288,161,175.12,300.68,46.30,126.96,1,-1,-1,-1
288,192,977.12,303.81,27.29,65.53,1,-1,-1,-1
288,183,676.53,309.65,22.53,57.33,1,-1,-1,-1
288,193,935.81,296.31,45.73,126.97,1,-1,-1,-1
288,185,695.32,307.42,21.78,59.66,1,-1,-1,-1
289,104,1100.74,283.61,65.01,161.03,1,-1,-1,-1
289,142,860.36,273.37,73.07,185.16,1,-1,-1,-1
289,153,130.82,293.32,32.56,84.14,1,-1,-1,-1
289,107,1440.48,225.00,222.19,753.71,1,-1,-1,-1
289,118,548.00,266.76,103.04,221.79,1,-1,-1,-1
289,165,1674.13,200.54,248.76,785.47,1,-1,-1,-1
289,166,1168.75,286.78,37.96,119.75,1,-1,-1,-1
289,173,757.59,298.87,22.48,63.12,1,-1,-1,-1
289,179,1045.22,278.49,47.83,138.59,1,-1,-1,-1
289,145,359.07,293.84,54.30,160.82,1,-1,-1,-1
289,146,806.84,294.17,54.11,116.88,1,-1,-1,-1
289,184,504.42,288.79,51.80,119.89,1,-1,-1,-1
289,161,170.99,294.96,47.10,130.95,1,-1,-1,-1
289,183,677.29,305.85,22.21,57.41,1,-1,-1,-1
289,193,935.67,288.76,51.47,132.77,1,-1,-1,-1
289,185,692.21,303.88,21.34,60.54,1,-1,-1,-1
290,104,1098.69,282.08,65.00,162.14,1,-1,-1,-1
290,142,857.04,272.06,73.63,186.13,1,-1,-1,-1
290,153,129.03,291.93,32.20,83.74,1,-1,-1,-1
290,107,1441.97,229.73,226.96,734.89,1,-1,-1,-1
290,118,542.90,269.10,102.89,217.10,1,-1,-1,-1
290,165,1681.38,204.30,240.10,792.84,1,-1,-1,-1
290,166,1165.42,285.36,34.97,116.18,1,-1,-1,-1
290,173,757.23,300.63,23.86,62.85,1,-1,-1,-1
290,179,1041.78,277.70,47.96,138.86,1,-1,-1,-1
290,145,352.21,291.02,51.67,162.29,1,-1,-1,-1
290,146,798.37,294.97,54.72,115.55,1,-1,-1,-1
290,184,500.95,291.59,52.06,118.15,1,-1,-1,-1
290,161,164.26,294.41,46.57,132.78,1,-1,-1,-1
290,183,667.05,304.75,22.44,57.31,1,-1,-1,-1
290,193,931.26,289.96,49.32,133.90,1,-1,-1,-1
290,185,683.98,302.91,22.08,59.86,1,-1,-1,-1
290,192,977.97,300.53,26.40,59.67,1,-1,-1,-1
291,104,1102.50,279.01,64.07,161.08,1,-1,-1,-1
291,142,859.56,269.90,72.03,184.01,1,-1,-1,-1
291,153,129.02,289.24,32.68,81.61,1,-1,-1,-1
291,107,1454.29,229.45,219.45,735.76,1,-1,-1,-1
291,118,540.84,265.92,104.56,217.09,1,-1,-1,-1
291,165,1692.90,200.95,230.13,793.44,1,-1,-1,-1
291,166,1167.65,280.94,34.90,114.22,1,-1,-1,-1
291,173,759.18,298.62,23.46,60.93,1,-1,-1,-1
291,179,1042.89,273.88,47.99,138.10,1,-1,-1,-1
291,145,348.19,280.69,51.35,171.15,1,-1,-1,-1
291,146,793.98,289.75,55.38,117.69,1,-1,-1,-1
291,184,502.18,289.93,51.68,116.08,1,-1,-1,-1
291,161,162.83,289.63,46.53,133.01,1,-1,-1,-1
291,183,661.83,299.92,23.32,58.58,1,-1,-1,-1
291,193,931.80,285.08,47.85,134.28,1,-1,-1,-1
291,185,685.68,299.20,22.01,60.49,1,-1,-1,-1
291,192,973.48,293.63,26.91,62.81,1,-1,-1,-1
291,181,671.70,302.89,25.33,58.59,1,-1,-1,-1
292,104,1103.31,271.96,66.08,163.55,1,-1,-1,-1
292,142,855.58,263.23,75.52,185.46,1,-1,-1,-1
292,153,126.20,284.32,34.69,84.13,1,-1,-1,-1
292,107,1464.41,218.33,219.58,755.15,1,-1,-1,-1
292,118,534.87,258.29,102.33,225.73,1,-1,-1,-1
292,165,1700.94,187.66,222.77,798.60,1,-1,-1,-1
292,166,1169.18,272.14,36.80,116.19,1,-1,-1,-1
292,173,759.04,292.69,25.04,61.43,1,-1,-1,-1
292,179,1043.66,266.62,46.53,138.00,1,-1,-1,-1
292,145,340.66,278.63,54.46,172.66,1,-1,-1,-1
292,146,790.03,285.83,54.55,117.74,1,-1,-1,-1
292,184,505.25,285.31,49.27,113.75,1,-1,-1,-1
292,161,158.96,284.81,48.81,134.50,1,-1,-1,-1
292,183,662.58,292.43,23.87,60.02,1,-1,-1,-1
292,193,931.06,278.77,48.17,134.93,1,-1,-1,-1
292,185,682.45,292.23,22.74,60.95,1,-1,-1,-1
292,192,969.05,287.74,27.30,65.09,1,-1,-1,-1
293,104,1101.19,269.99,69.04,163.77,1,-1,-1,-1
293,142,855.24,260.93,74.48,184.44,1,-1,-1,-1
293,153,122.95,280.14,35.66,84.30,1,-1,-1,-1
293,107,1467.67,219.05,218.69,730.58,1,-1,-1,-1
293,118,526.46,254.13,107.18,230.34,1,-1,-1,-1
293,165,1703.21,185.22,218.89,796.28,1,-1,-1,-1
293,166,1168.94,267.29,36.92,119.45,1,-1,-1,-1
293,173,756.46,289.26,24.11,62.48,1,-1,-1,-1
293,179,1044.14,265.78,45.10,134.81,1,-1,-1,-1
293,145,331.92,282.20,57.16,171.24,1,-1,-1,-1
293,146,784.68,284.00,53.46,117.67,1,-1,-1,-1
293,161,156.75,283.43,48.15,132.57,1,-1,-1,-1
293,183,661.99,288.50,23.72,58.58,1,-1,-1,-1
293,193,928.98,275.72,47.88,133.89,1,-1,-1,-1
293,185,680.39,288.77,23.12,60.71,1,-1,-1,-1
293,192,972.32,284.79,25.58,59.41,1,-1,-1,-1
293,196,699.24,292.25,26.08,61.17,1,-1,-1,-1
294,104,1104.82,267.97,68.77,163.37,1,-1,-1,-1
294,142,856.21,256.13,72.76,185.75,1,-1,-1,-1
294,153,121.10,276.73,35.66,86.41,1,-1,-1,-1
294,107,1470.67,215.16,224.60,719.65,1,-1,-1,-1
294,118,523.39,248.72,103.50,228.74,1,-1,-1,-1
294,165,1703.22,176.76,219.48,802.54,1,-1,-1,-1
294,166,1170.30,262.96,37.78,119.21,1,-1,-1,-1
294,173,760.40,285.04,24.27,65.74,1,-1,-1,-1
294,179,1046.98,263.74,45.00,133.32,1,-1,-1,-1
294,145,325.33,280.87,57.77,171.31,1,-1,-1,-1
294,146,781.38,281.30,53.51,115.87,1,-1,-1,-1
294,161,157.14,280.38,47.77,132.15,1,-1,-1,-1
294,193,928.95,271.76,48.97,133.67,1,-1,-1,-1
294,185,680.92,285.21,23.01,61.89,1,-1,-1,-1
294,192,974.03,279.14,24.74,59.48,1,-1,-1,-1
295,104,1106.45,267.53,66.75,161.32,1,-1,-1,-1
295,142,855.64,253.28,72.84,188.58,1,-1,-1,-1
295,153,118.57,275.41,35.53,88.31,1,-1,-1,-1
295,107,1477.58,200.05,226.37,734.83,1,-1,-1,-1
295,118,522.63,244.29,100.72,232.50,1,-1,-1,-1
295,165,1702.20,176.28,220.33,789.02,1,-1,-1,-1
295,166,1171.50,261.47,37.92,117.96,1,-1,-1,-1
295,173,761.51,284.29,24.07,67.53,1,-1,-1,-1
295,179,1049.02,263.07,44.46,133.49,1,-1,-1,-1
295,145,321.12,283.92,57.30,165.86,1,-1,-1,-1
295,146,779.76,279.03,51.81,120.07,1,-1,-1,-1
295,161,156.03,280.25,47.82,131.28,1,-1,-1,-1
295,193,928.74,269.69,48.57,133.19,1,-1,-1,-1
295,185,681.37,284.03,23.56,62.91,1,-1,-1,-1
295,192,977.57,277.33,25.50,58.09,1,-1,-1,-1
295,197,355.91,258.71,69.90,191.48,1,-1,-1,-1
296,104,1106.03,267.38,67.00,160.56,1,-1,-1,-1
296,142,851.99,251.17,75.13,192.60,1,-1,-1,-1
296,153,114.76,274.68,35.99,88.78,1,-1,-1,-1
296,107,1483.05,187.26,220.99,737.86,1,-1,-1,-1
296,118,520.17,246.04,94.25,220.63,1,-1,-1,-1
296,165,1709.29,169.12,212.35,799.14,1,-1,-1,-1
296,166,1170.50,261.03,38.06,118.36,1,-1,-1,-1
296,179,1050.14,263.88,42.96,131.23,1,-1,-1,-1
296,145,315.66,287.47,56.08,160.49,1,-1,-1,-1
296,146,775.65,277.44,50.84,117.24,1,-1,-1,-1
296,161,152.99,279.91,48.40,130.93,1,-1,-1,-1
296,193,927.29,268.66,49.06,134.34,1,-1,-1,-1
296,185,681.95,283.24,24.08,63.56,1,-1,-1,-1
296,192,976.69,275.68,26.03,59.95,1,-1,-1,-1
296,197,351.37,258.75,71.87,190.46,1,-1,-1,-1
297,104,1108.33,265.28,67.82,157.50,1,-1,-1,-1
297,142,851.68,249.15,72.94,191.29,1,-1,-1,-1
297,153,113.84,269.56,36.97,90.94,1,-1,-1,-1
297,107,1488.96,190.65,226.07,733.16,1,-1,-1,-1
297,165,1703.96,162.92,217.88,806.54,1,-1,-1,-1
297,166,1174.18,259.92,37.07,116.26,1,-1,-1,-1
297,179,1053.89,260.49,41.07,132.22,1,-1,-1,-1
297,145,311.87,283.71,55.42,160.48,1,-1,-1,-1
297,146,773.48,274.90,50.76,116.84,1,-1,-1,-1
297,161,152.66,275.41,50.46,132.64,1,-1,-1,-1
297,193,929.25,265.70,49.78,134.98,1,-1,-1,-1
297,185,684.97,280.91,23.72,61.69,1,-1,-1,-1
297,197,350.03,255.86,70.55,190.14,1,-1,-1,-1
298,104,1108.42,265.25,68.18,156.09,1,-1,-1,-1
298,142,848.64,247.30,72.60,193.97,1,-1,-1,-1
298,153,111.46,267.29,37.17,93.12,1,-1,-1,-1
298,107,1492.02,191.64,224.53,733.19,1,-1,-1,-1
298,165,1698.64,168.92,222.65,806.84,1,-1,-1,-1
298,166,1174.82,260.35,36.73,114.93,1,-1,-1,-1
298,179,1053.90,258.75,40.11,134.13,1,-1,-1,-1
298,145,306.70,282.61,56.37,161.24,1,-1,-1,-1
298,146,769.66,274.56,50.30,115.35,1,-1,-1,-1
298,161,149.89,274.00,51.27,134.92,1,-1,-1,-1
298,193,929.09,264.99,50.62,135.69,1,-1,-1,-1
298,185,684.13,281.02,23.53,61.08,1,-1,-1,-1
298,197,346.08,254.72,71.23,192.38,1,-1,-1,-1
298,196,699.95,278.66,22.39,60.53,1,-1,-1,-1
299,104,1108.56,267.30,68.27,154.74,1,-1,-1,-1
299,142,845.78,246.76,72.48,196.15,1,-1,-1,-1
299,153,108.91,268.31,36.29,94.02,1,-1,-1,-1
299,107,1490.64,190.81,230.69,742.21,1,-1,-1,-1
299,165,1689.84,174.73,230.77,793.10,1,-1,-1,-1
299,166,1174.86,261.66,36.71,116.32,1,-1,-1,-1
299,179,1052.47,259.42,40.30,137.11,1,-1,-1,-1
299,145,300.09,280.84,59.73,164.88,1,-1,-1,-1
299,146,764.77,273.12,50.97,118.53,1,-1,-1,-1
299,161,147.22,273.47,51.59,137.15,1,-1,-1,-1
299,193,928.30,266.29,52.69,135.38,1,-1,-1,-1
299,185,679.82,282.34,24.10,62.18,1,-1,-1,-1
299,197,341.14,255.70,73.19,191.11,1,-1,-1,-1
299,196,703.85,281.30,22.24,60.27,1,-1,-1,-1
300,104,1109.80,265.42,67.65,152.65,1,-1,-1,-1
300,142,843.45,243.74,72.36,197.79,1,-1,-1,-1
300,153,102.34,265.50,37.25,95.88,1,-1,-1,-1
300,107,1485.37,188.41,238.62,749.34,1,-1,-1,-1
300,165,1699.84,176.75,220.44,772.93,1,-1,-1,-1
300,166,1175.50,260.55,37.06,117.01,1,-1,-1,-1
300,179,1050.47,257.42,42.23,138.78,1,-1,-1,-1
300,145,294.71,274.97,59.15,167.38,1,-1,-1,-1
300,146,762.52,269.74,51.63,120.92,1,-1,-1,-1
300,161,144.90,270.71,52.76,135.53,1,-1,-1,-1
300,193,927.64,264.54,53.20,134.25,1,-1,-1,-1
300,185,678.33,280.53,23.83,62.75,1,-1,-1,-1
300,197,335.74,250.95,71.98,192.12,1,-1,-1,-1
300,196,706.55,278.67,21.65,60.20,1,-1,-1,-1
300,192,975.99,272.30,30.00,67.96,1,-1,-1,-1
301,104,1109.44,266.77,67.83,154.52,1,-1,-1,-1
301,142,839.89,244.93,70.74,201.52,1,-1,-1,-1
301,153,96.62,270.19,37.31,91.51,1,-1,-1,-1
301,107,1484.23,189.23,241.64,753.78,1,-1,-1,-1
301,165,1704.99,177.17,214.65,786.19,1,-1,-1,-1
301,166,1173.45,261.85,37.18,117.97,1,-1,-1,-1
301,179,1046.50,261.28,44.72,139.11,1,-1,-1,-1
301,145,289.70,274.21,57.42,171.10,1,-1,-1,-1
301,146,758.62,270.69,48.90,119.68,1,-1,-1,-1
301,161,139.30,270.16,52.54,137.53,1,-1,-1,-1
301,193,926.65,266.81,54.04,134.72,1,-1,-1,-1
301,185,676.86,282.18,23.75,63.06,1,-1,-1,-1
301,197,332.10,250.76,71.72,195.03,1,-1,-1,-1
301,196,704.53,281.01,22.29,60.50,1,-1,-1,-1
301,198,691.52,281.67,22.98,60.72,1,-1,-1,-1
301,192,973.90,272.28,29.11,67.82,1,-1,-1,-1
302,104,1110.48,264.55,65.91,157.77,1,-1,-1,-1
302,142,833.53,240.35,73.87,209.02,1,-1,-1,-1
302,153,91.72,264.92,36.62,92.82,1,-1,-1,-1
302,107,1481.86,194.58,245.94,757.65,1,-1,-1,-1
302,165,1715.40,182.56,204.00,784.84,1,-1,-1,-1
302,166,1173.27,261.82,35.88,119.01,1,-1,-1,-1
302,179,1046.34,262.39,44.52,136.29,1,-1,-1,-1
302,145,285.49,271.68,55.32,174.03,1,-1,-1,-1
302,146,754.71,271.70,47.43,118.47,1,-1,-1,-1
302,161,132.02,267.53,51.60,136.60,1,-1,-1,-1
302,193,924.96,267.14,53.46,136.10,1,-1,-1,-1
302,185,675.40,281.80,23.18,61.47,1,-1,-1,-1
302,197,324.72,245.90,75.40,202.23,1,-1,-1,-1
302,196,702.95,280.08,22.25,61.42,1,-1,-1,-1
302,192,975.05,274.84,28.47,63.98,1,-1,-1,-1
303,104,1110.91,264.61,64.40,157.88,1,-1,-1,-1
303,142,828.31,243.84,73.59,206.53,1,-1,-1,-1
303,153,86.81,261.85,35.37,96.09,1,-1,-1,-1
303,107,1480.35,201.51,247.76,748.42,1,-1,-1,-1
303,165,1722.29,189.26,196.99,790.45,1,-1,-1,-1
303,166,1170.98,260.99,35.58,120.90,1,-1,-1,-1
303,179,1043.22,261.49,45.44,136.69,1,-1,-1,-1
303,145,275.83,267.73,59.10,176.76,1,-1,-1,-1
303,146,748.21,269.12,44.03,123.44,1,-1,-1,-1
303,161,124.64,260.79,51.82,140.32,1,-1,-1,-1
303,193,925.67,266.98,52.48,134.78,1,-1,-1,-1
303,185,673.18,282.18,23.96,62.23,1,-1,-1,-1
303,197,317.57,245.65,75.85,204.20,1,-1,-1,-1
303,192,975.97,275.62,27.75,60.79,1,-1,-1,-1
304,104,1110.21,265.58,65.47,158.94,1,-1,-1,-1
304,142,825.96,249.02,73.08,200.87,1,-1,-1,-1
304,153,81.81,259.29,36.45,97.34,1,-1,-1,-1
304,107,1475.70,209.77,252.89,742.21,1,-1,-1,-1
304,165,1723.56,189.98,196.13,791.12,1,-1,-1,-1
304,166,1170.06,261.80,35.81,120.99,1,-1,-1,-1
304,179,1042.99,264.25,44.80,133.19,1,-1,-1,-1
304,145,271.69,270.77,56.22,176.11,1,-1,-1,-1
304,146,742.05,271.14,44.61,120.91,1,-1,-1,-1
304,161,120.83,264.29,51.30,138.86,1,-1,-1,-1
304,193,925.57,268.29,50.97,133.41,1,-1,-1,-1
304,185,671.80,282.68,24.04,62.04,1,-1,-1,-1
304,197,313.59,247.07,73.19,202.60,1,-1,-1,-1
304,192,973.30,276.94,26.14,58.45,1,-1,-1,-1
305,104,1108.89,265.60,66.33,160.95,1,-1,-1,-1
305,142,821.11,249.61,72.76,199.73,1,-1,-1,-1
305,153,77.26,260.32,36.32,96.25,1,-1,-1,-1
305,107,1477.05,212.74,244.68,747.55,1,-1,-1,-1
305,165,1724.83,189.88,194.66,795.11,1,-1,-1,-1
305,166,1167.88,261.75,36.77,122.99,1,-1,-1,-1
305,179,1041.42,263.13,44.42,133.48,1,-1,-1,-1
305,145,264.41,272.62,55.88,174.49,1,-1,-1,-1
305,146,732.70,271.09,45.98,120.15,1,-1,-1,-1
305,161,118.23,264.89,51.23,136.22,1,-1,-1,-1
305,193,924.50,268.91,48.19,132.10,1,-1,-1,-1
305,185,669.51,280.72,22.82,63.44,1,-1,-1,-1
305,197,306.53,247.27,73.15,204.65,1,-1,-1,-1
305,192,977.72,277.05,24.72,55.10,1,-1,-1,-1
306,104,1106.14,264.60,67.32,163.37,1,-1,-1,-1
306,142,816.98,249.81,73.91,199.75,1,-1,-1,-1
306,153,70.68,260.81,36.17,94.55,1,-1,-1,-1
306,107,1473.78,210.99,241.54,753.67,1,-1,-1,-1
306,165,1726.82,189.36,192.60,806.41,1,-1,-1,-1
306,166,1166.23,261.87,36.64,121.73,1,-1,-1,-1
306,179,1038.47,262.64,45.52,134.59,1,-1,-1,-1
306,145,256.78,274.42,57.55,176.95,1,-1,-1,-1
306,146,722.90,270.96,45.54,121.47,1,-1,-1,-1
306,161,112.58,262.26,52.18,139.45,1,-1,-1,-1
306,193,921.14,268.46,47.61,132.59,1,-1,-1,-1
306,185,666.09,280.17,23.52,63.16,1,-1,-1,-1
306,197,297.82,243.46,76.54,212.26,1,-1,-1,-1
306,192,980.01,276.16,24.30,54.22,1,-1,-1,-1
306,173,750.28,275.24,34.61,110.48,1,-1,-1,-1
306,198,681.67,278.08,25.53,65.71,1,-1,-1,-1
307,104,1099.48,264.04,67.52,161.52,1,-1,-1,-1
307,142,806.23,246.99,77.26,201.86,1,-1,-1,-1
307,153,57.71,255.48,36.56,95.48,1,-1,-1,-1
307,107,1474.98,208.74,235.65,751.96,1,-1,-1,-1
307,165,1726.68,189.96,192.40,806.86,1,-1,-1,-1
307,166,1161.54,261.07,35.39,119.87,1,-1,-1,-1
307,179,1032.70,259.76,46.65,137.11,1,-1,-1,-1
307,145,241.92,270.11,57.33,179.65,1,-1,-1,-1
307,146,711.23,268.88,41.70,117.85,1,-1,-1,-1
307,161,98.72,258.76,52.79,139.57,1,-1,-1,-1
307,193,913.68,265.57,48.28,133.85,1,-1,-1,-1
307,185,651.41,278.28,24.06,62.90,1,-1,-1,-1
307,197,283.21,240.30,77.04,211.34,1,-1,-1,-1
307,192,977.64,274.25,23.71,54.17,1,-1,-1,-1
307,173,741.35,271.51,38.00,115.97,1,-1,-1,-1
307,198,668.47,272.14,35.88,68.29,1,-1,-1,-1
308,104,1097.87,265.57,67.24,158.22,1,-1,-1,-1
308,142,802.98,248.13,75.86,202.52,1,-1,-1,-1
308,153,48.16,256.76,36.86,93.68,1,-1,-1,-1
308,107,1476.29,211.63,230.65,748.10,1,-1,-1,-1
308,165,1727.38,188.76,193.12,800.39,1,-1,-1,-1
308,166,1159.91,260.55,32.74,121.11,1,-1,-1,-1
308,179,1032.28,260.49,45.23,137.55,1,-1,-1,-1
308,145,234.22,272.62,57.70,179.23,1,-1,-1,-1
308,146,706.83,269.52,38.07,110.68,1,-1,-1,-1
308,161,93.06,258.76,53.19,138.71,1,-1,-1,-1
308,193,911.48,263.33,47.31,135.25,1,-1,-1,-1
308,185,646.90,277.65,24.62,63.59,1,-1,-1,-1
308,197,274.07,242.33,76.54,210.46,1,-1,-1,-1
308,192,976.07,274.55,24.12,53.51,1,-1,-1,-1
308,173,736.04,269.68,43.64,120.60,1,-1,-1,-1
309,104,1096.10,268.97,66.47,155.90,1,-1,-1,-1
309,142,798.85,249.62,74.35,202.85,1,-1,-1,-1
309,153,41.08,257.77,36.72,95.58,1,-1,-1,-1
309,107,1475.96,205.19,231.43,747.83,1,-1,-1,-1
309,165,1728.27,188.01,192.57,800.51,1,-1,-1,-1
309,166,1156.47,262.31,33.06,120.89,1,-1,-1,-1
309,179,1031.24,265.24,44.66,134.65,1,-1,-1,-1
309,145,226.86,273.76,57.25,179.54,1,-1,-1,-1
309,146,704.01,270.33,37.82,109.16,1,-1,-1,-1
309,161,89.42,260.21,51.17,139.62,1,-1,-1,-1
309,193,909.10,265.58,46.15,132.58,1,-1,-1,-1
309,185,642.30,279.67,24.24,64.37,1,-1,-1,-1
309,197,266.46,242.57,76.32,212.69,1,-1,-1,-1
309,192,977.50,276.51,22.81,51.33,1,-1,-1,-1
309,173,731.11,271.09,44.86,120.44,1,-1,-1,-1
310,104,1095.47,271.23,66.76,154.68,1,-1,-1,-1
310,142,797.30,253.04,71.56,201.99,1,-1,-1,-1
310,153,35.45,258.79,36.72,96.65,1,-1,-1,-1
310,107,1478.31,201.76,231.57,749.24,1,-1,-1,-1
310,165,1735.26,184.81,185.92,823.20,1,-1,-1,-1
310,166,1153.42,263.71,34.45,123.50,1,-1,-1,-1
310,179,1029.44,268.11,44.83,133.52,1,-1,-1,-1
310,145,218.04,269.97,57.33,186.13,1,-1,-1,-1
310,146,697.97,272.86,37.95,107.95,1,-1,-1,-1
310,161,84.46,261.93,52.83,141.44,1,-1,-1,-1
310,193,906.70,268.32,46.46,131.66,1,-1,-1,-1
310,185,640.45,281.37,23.95,63.73,1,-1,-1,-1
310,197,257.05,243.69,78.64,210.73,1,-1,-1,-1
310,192,981.99,277.96,21.43,51.03,1,-1,-1,-1
310,173,726.33,273.55,45.56,121.87,1,-1,-1,-1
311,104,1096.30,273.19,65.59,154.14,1,-1,-1,-1
311,142,793.18,253.24,71.42,201.48,1,-1,-1,-1
311,153,28.64,261.50,37.00,98.25,1,-1,-1,-1
311,107,1478.57,206.88,235.28,737.51,1,-1,-1,-1
311,165,1730.41,190.21,191.49,804.54,1,-1,-1,-1
311,166,1151.73,265.22,35.07,122.19,1,-1,-1,-1
311,179,1028.31,270.56,45.99,133.27,1,-1,-1,-1
311,145,210.45,270.32,57.74,185.81,1,-1,-1,-1
311,146,689.63,280.86,32.91,91.37,1,-1,-1,-1
311,161,82.08,264.84,52.30,141.47,1,-1,-1,-1
311,193,904.34,270.97,48.02,132.80,1,-1,-1,-1
311,185,639.42,283.55,23.85,63.55,1,-1,-1,-1
311,197,250.21,246.54,75.20,211.20,1,-1,-1,-1
311,192,983.86,280.05,20.96,52.79,1,-1,-1,-1
311,173,716.85,274.73,49.81,124.10,1,-1,-1,-1
312,104,1099.12,276.06,64.06,156.89,1,-1,-1,-1
312,142,786.21,254.78,74.70,205.36,1,-1,-1,-1
312,153,21.90,267.75,36.22,99.31,1,-1,-1,-1
312,107,1485.10,205.37,226.66,758.30,1,-1,-1,-1
312,165,1730.21,193.19,193.07,814.23,1,-1,-1,-1
312,166,1151.73,268.48,35.66,120.57,1,-1,-1,-1
312,179,1023.84,271.47,48.62,138.69,1,-1,-1,-1
312,145,200.72,272.61,59.26,192.49,1,-1,-1,-1
312,161,79.57,271.82,52.32,141.84,1,-1,-1,-1
312,193,904.89,275.08,48.59,134.06,1,-1,-1,-1
312,185,636.20,286.47,23.44,65.52,1,-1,-1,-1
312,197,237.82,248.76,74.57,216.95,1,-1,-1,-1
312,173,708.71,278.35,50.16,124.79,1,-1,-1,-1
312,200,841.01,263.88,56.33,154.60,1,-1,-1,-1
313,104,1098.71,274.88,65.62,160.69,1,-1,-1,-1
313,142,782.93,253.72,77.03,208.63,1,-1,-1,-1
313,153,19.99,271.85,34.07,96.51,1,-1,-1,-1
313,107,1494.94,208.49,211.40,765.03,1,-1,-1,-1
313,165,1727.71,203.30,194.51,795.45,1,-1,-1,-1
313,166,1152.51,267.21,36.18,127.09,1,-1,-1,-1
313,179,1019.03,268.40,50.21,145.86,1,-1,-1,-1
313,145,196.28,270.82,55.39,196.97,1,-1,-1,-1
313,161,80.63,272.85,53.57,139.97,1,-1,-1,-1
313,193,907.46,276.18,47.75,130.75,1,-1,-1,-1
313,185,634.53,286.41,23.55,67.95,1,-1,-1,-1
313,197,225.65,249.99,79.27,219.00,1,-1,-1,-1
313,173,698.26,277.69,49.08,126.89,1,-1,-1,-1
313,200,840.17,263.06,58.13,154.84,1,-1,-1,-1
313,198,653.71,286.79,26.13,67.01,1,-1,-1,-1
314,104,1098.19,275.10,65.70,162.82,1,-1,-1,-1
314,142,779.82,261.98,73.34,201.07,1,-1,-1,-1
314,153,19.28,273.98,35.88,98.84,1,-1,-1,-1
314,107,1499.60,210.15,216.47,780.54,1,-1,-1,-1
314,165,1734.17,203.19,187.89,804.15,1,-1,-1,-1
314,166,1150.50,272.84,41.26,126.28,1,-1,-1,-1
314,179,1016.01,267.48,51.68,146.68,1,-1,-1,-1
314,145,182.84,272.02,60.13,193.26,1,-1,-1,-1
314,161,79.03,276.86,53.67,143.19,1,-1,-1,-1
314,193,905.18,277.84,47.92,131.39,1,-1,-1,-1
314,185,635.94,291.90,23.40,62.52,1,-1,-1,-1
314,197,223.02,252.72,77.28,220.94,1,-1,-1,-1
314,173,701.07,281.05,47.00,126.11,1,-1,-1,-1
314,200,842.48,265.87,57.36,154.18,1,-1,-1,-1
314,184,490.58,276.57,51.20,113.65,1,-1,-1,-1
315,104,1099.63,278.04,66.02,163.80,1,-1,-1,-1
315,142,778.22,260.87,75.35,204.97,1,-1,-1,-1
315,153,19.11,278.83,35.63,97.33,1,-1,-1,-1
315,107,1501.49,220.99,228.58,762.45,1,-1,-1,-1
315,165,1737.18,211.51,185.07,767.78,1,-1,-1,-1
315,166,1154.64,275.02,37.28,121.85,1,-1,-1,-1
315,179,1018.03,271.00,52.52,149.41,1,-1,-1,-1
315,161,77.94,278.33,58.20,142.47,1,-1,-1,-1
315,193,906.45,282.28,48.55,132.62,1,-1,-1,-1
315,185,637.54,294.56,23.33,61.90,1,-1,-1,-1
315,197,221.34,259.20,75.58,219.33,1,-1,-1,-1
315,173,698.17,285.26,45.58,122.69,1,-1,-1,-1
315,200,842.58,270.83,56.70,152.46,1,-1,-1,-1
315,184,494.40,280.77,49.53,111.14,1,-1,-1,-1
316,104,1104.06,278.29,67.25,164.26,1,-1,-1,-1
316,142,779.58,256.75,76.44,210.52,1,-1,-1,-1
316,153,21.75,275.07,35.93,101.31,1,-1,-1,-1
316,107,1513.40,220.02,222.65,777.07,1,-1,-1,-1
316,165,1753.68,209.72,169.90,756.93,1,-1,-1,-1
316,166,1162.88,273.57,36.27,120.36,1,-1,-1,-1
316,179,1022.08,268.56,52.61,152.08,1,-1,-1,-1
316,161,82.29,280.66,56.54,140.00,1,-1,-1,-1
316,193,912.41,281.90,47.45,132.31,1,-1,-1,-1
316,185,645.73,293.84,22.70,63.19,1,-1,-1,-1
316,197,220.10,259.99,79.24,222.03,1,-1,-1,-1
316,173,697.30,284.16,44.99,123.20,1,-1,-1,-1
316,200,843.84,268.08,57.70,155.22,1,-1,-1,-1
316,184,498.25,280.63,48.63,114.22,1,-1,-1,-1
317,104,1107.95,279.47,70.30,162.25,1,-1,-1,-1
317,142,779.96,256.54,76.92,214.50,1,-1,-1,-1
317,153,24.80,278.64,34.65,100.98,1,-1,-1,-1
317,107,1528.28,227.94,221.53,764.73,1,-1,-1,-1
317,166,1167.62,275.10,37.32,120.31,1,-1,-1,-1
317,179,1027.77,267.86,53.04,151.25,1,-1,-1,-1
317,161,83.59,281.49,55.97,142.46,1,-1,-1,-1
317,193,912.50,282.14,48.98,133.81,1,-1,-1,-1
317,185,651.18,295.08,22.16,63.05,1,-1,-1,-1
317,197,216.66,263.50,81.43,224.58,1,-1,-1,-1
317,173,713.21,289.35,32.89,84.56,1,-1,-1,-1
317,200,843.66,269.12,58.54,156.04,1,-1,-1,-1
317,184,502.51,283.05,49.17,112.70,1,-1,-1,-1
317,198,670.29,295.44,24.03,63.17,1,-1,-1,-1
318,104,1114.51,278.65,69.37,161.30,1,-1,-1,-1
318,142,780.16,256.99,77.12,216.41,1,-1,-1,-1
318,153,26.85,281.59,35.18,97.84,1,-1,-1,-1
318,107,1536.17,228.93,227.34,766.56,1,-1,-1,-1
318,166,1173.86,272.75,36.79,119.34,1,-1,-1,-1
318,179,1031.30,266.56,53.90,150.25,1,-1,-1,-1
318,161,84.53,280.81,56.80,144.80,1,-1,-1,-1
318,193,915.42,279.97,49.82,136.46,1,-1,-1,-1
318,185,657.45,295.03,22.48,61.00,1,-1,-1,-1
318,197,211.58,262.45,84.89,225.27,1,-1,-1,-1
318,173,721.56,289.16,27.47,66.30,1,-1,-1,-1
318,200,844.13,266.85,58.76,157.20,1,-1,-1,-1
318,184,506.47,281.45,50.80,113.11,1,-1,-1,-1
318,201,979.76,287.29,24.26,57.06,1,-1,-1,-1
318,198,673.33,295.24,23.05,62.53,1,-1,-1,-1
319,104,1120.28,278.04,69.86,159.55,1,-1,-1,-1
319,142,779.48,260.02,78.52,212.03,1,-1,-1,-1
319,153,29.14,282.62,35.19,96.03,1,-1,-1,-1
319,107,1543.87,226.45,229.69,765.23,1,-1,-1,-1
319,166,1179.81,269.04,36.59,122.48,1,-1,-1,-1
319,179,1037.05,266.11,53.70,148.37,1,-1,-1,-1
319,161,82.85,279.99,58.69,147.96,1,-1,-1,-1
319,193,917.63,278.73,50.15,137.95,1,-1,-1,-1
319,185,660.47,292.97,23.27,61.42,1,-1,-1,-1
319,197,210.02,259.67,85.77,230.71,1,-1,-1,-1
319,173,729.77,288.39,24.73,61.64,1,-1,-1,-1
319,200,844.12,266.25,57.82,155.94,1,-1,-1,-1
319,184,509.93,281.64,49.84,114.55,1,-1,-1,-1
319,201,983.03,285.88,22.88,56.60,1,-1,-1,-1
319,198,677.41,293.38,23.38,63.05,1,-1,-1,-1
320,104,1124.32,275.42,69.31,159.54,1,-1,-1,-1
320,142,776.67,259.76,81.01,209.38,1,-1,-1,-1
320,153,29.22,284.21,35.13,93.44,1,-1,-1,-1
320,107,1553.35,230.16,224.22,752.99,1,-1,-1,-1
320,166,1182.76,267.51,36.72,123.27,1,-1,-1,-1
320,179,1039.91,264.66,52.81,147.75,1,-1,-1,-1
320,161,81.27,280.94,60.31,147.38,1,-1,-1,-1
320,193,919.18,278.50,50.28,136.28,1,-1,-1,-1
320,185,658.89,292.71,23.11,61.42,1,-1,-1,-1
320,197,204.72,256.52,86.60,236.22,1,-1,-1,-1
320,173,741.41,286.04,21.75,58.86,1,-1,-1,-1
320,200,844.51,265.70,56.91,153.07,1,-1,-1,-1
320,184,512.20,281.39,50.32,114.12,1,-1,-1,-1
320,201,983.79,286.29,22.86,54.07,1,-1,-1,-1
320,198,677.65,292.59,23.36,62.95,1,-1,-1,-1
321,104,1126.95,273.26,68.62,157.28,1,-1,-1,-1
321,142,773.01,258.27,85.32,208.29,1,-1,-1,-1
321,153,29.79,283.69,35.84,92.95,1,-1,-1,-1
321,107,1562.38,220.95,219.00,760.57,1,-1,-1,-1
321,166,1186.97,265.91,35.69,123.09,1,-1,-1,-1
321,179,1043.67,263.76,52.18,147.15,1,-1,-1,-1
321,161,81.47,282.15,60.19,147.70,1,-1,-1,-1
321,193,918.89,276.98,50.24,135.87,1,-1,-1,-1
321,185,658.89,291.35,22.71,60.82,1,-1,-1,-1
321,197,201.42,255.16,86.48,236.69,1,-1,-1,-1
321,173,745.95,285.56,20.25,59.25,1,-1,-1,-1
321,200,845.22,263.99,57.25,153.02,1,-1,-1,-1
321,184,513.65,280.48,50.36,113.40,1,-1,-1,-1
321,201,989.50,281.93,23.71,54.38,1,-1,-1,-1
321,198,679.21,291.17,22.88,62.72,1,-1,-1,-1
321,203,723.30,287.60,24.75,62.03,1,-1,-1,-1
321,145,172.89,284.28,62.51,199.30,1,-1,-1,-1
322,104,1133.44,269.97,67.09,154.69,1,-1,-1,-1
322,142,772.40,253.23,87.63,211.14,1,-1,-1,-1
322,153,32.40,280.36,35.68,95.97,1,-1,-1,-1
322,107,1571.38,216.48,218.23,751.45,1,-1,-1,-1
322,166,1194.56,262.49,38.16,125.02,1,-1,-1,-1
322,179,1053.23,262.24,48.54,145.62,1,-1,-1,-1
322,161,85.31,282.67,57.11,145.20,1,-1,-1,-1
322,193,921.73,272.30,51.87,135.97,1,-1,-1,-1
322,185,662.94,287.34,23.19,62.84,1,-1,-1,-1
322,197,201.81,252.19,85.00,234.37,1,-1,-1,-1
322,173,757.33,282.19,22.73,64.46,1,-1,-1,-1
322,200,849.50,260.74,56.97,151.85,1,-1,-1,-1
322,184,519.54,277.65,50.83,115.58,1,-1,-1,-1
322,201,993.08,279.01,23.66,54.75,1,-1,-1,-1
322,198,684.23,285.04,35.04,66.68,1,-1,-1,-1
322,145,167.99,282.11,69.80,206.04,1,-1,-1,-1
322,196,718.73,282.71,22.21,59.54,1,-1,-1,-1
323,104,1135.12,268.98,67.32,155.13,1,-1,-1,-1
323,142,768.19,251.91,88.86,213.39,1,-1,-1,-1
323,153,31.35,282.05,36.08,97.63,1,-1,-1,-1
323,107,1577.15,212.35,218.49,760.72,1,-1,-1,-1
323,166,1196.62,262.03,38.52,125.71,1,-1,-1,-1
323,179,1056.41,262.95,47.63,144.90,1,-1,-1,-1
323,161,86.09,283.08,55.75,145.15,1,-1,-1,-1
323,193,921.86,271.83,52.90,136.64,1,-1,-1,-1
323,185,662.09,287.96,23.32,62.10,1,-1,-1,-1
323,197,196.45,251.31,85.27,236.44,1,-1,-1,-1
323,173,759.42,283.33,23.76,66.21,1,-1,-1,-1
323,200,849.86,260.83,57.63,153.98,1,-1,-1,-1
323,184,521.24,278.24,50.51,116.32,1,-1,-1,-1
323,201,993.45,280.07,23.60,53.95,1,-1,-1,-1
323,198,687.16,284.18,39.27,66.54,1,-1,-1,-1
323,145,162.25,282.66,71.66,209.24,1,-1,-1,-1
323,196,721.03,282.96,21.57,58.47,1,-1,-1,-1
324,104,1138.86,266.08,67.32,157.03,1,-1,-1,-1
324,142,768.48,249.86,87.17,219.35,1,-1,-1,-1
324,153,31.96,280.73,36.15,98.42,1,-1,-1,-1
324,107,1583.49,194.90,222.69,795.94,1,-1,-1,-1
324,166,1200.23,259.69,39.15,124.94,1,-1,-1,-1
324,179,1058.87,260.13,48.30,146.73,1,-1,-1,-1
324,161,85.51,281.00,58.52,146.56,1,-1,-1,-1
324,193,923.71,270.27,52.80,135.34,1,-1,-1,-1
324,185,664.42,286.29,22.70,62.63,1,-1,-1,-1
324,197,193.50,249.22,85.64,234.93,1,-1,-1,-1
324,173,758.44,282.98,23.70,65.43,1,-1,-1,-1
324,200,850.49,258.59,59.38,158.41,1,-1,-1,-1
324,184,524.75,277.10,50.03,116.43,1,-1,-1,-1
324,201,1000.27,278.26,23.09,52.72,1,-1,-1,-1
324,198,702.59,282.74,28.89,61.80,1,-1,-1,-1
324,145,157.85,282.84,72.85,207.93,1,-1,-1,-1
325,104,1143.33,264.56,66.59,158.25,1,-1,-1,-1
325,142,770.19,248.02,85.15,218.86,1,-1,-1,-1
325,153,33.90,281.07,35.58,97.51,1,-1,-1,-1
325,107,1588.67,200.03,228.64,782.94,1,-1,-1,-1
325,166,1205.41,258.64,38.08,123.54,1,-1,-1,-1
325,179,1061.10,256.91,50.35,150.03,1,-1,-1,-1
325,161,86.20,280.53,59.64,146.39,1,-1,-1,-1
325,193,926.25,269.39,52.55,133.88,1,-1,-1,-1
325,185,665.78,283.98,22.20,64.86,1,-1,-1,-1
325,197,192.89,247.45,85.36,239.86,1,-1,-1,-1
325,173,757.54,281.70,24.60,66.41,1,-1,-1,-1
325,200,852.62,257.58,59.38,159.98,1,-1,-1,-1
325,184,529.34,274.77,49.58,118.36,1,-1,-1,-1
325,201,1004.66,276.84,23.25,51.95,1,-1,-1,-1
325,198,708.50,280.28,23.59,60.88,1,-1,-1,-1
325,145,150.93,281.43,78.39,207.00,1,-1,-1,-1
325,204,988.00,277.96,24.49,54.73,1,-1,-1,-1
326,104,1147.39,266.99,65.16,158.62,1,-1,-1,-1
326,142,770.76,246.08,85.73,225.03,1,-1,-1,-1
326,153,35.63,284.50,35.05,95.20,1,-1,-1,-1
326,107,1594.77,192.95,235.24,788.30,1,-1,-1,-1
326,166,1209.14,260.30,39.21,123.58,1,-1,-1,-1
326,179,1062.68,256.61,51.55,153.41,1,-1,-1,-1
326,161,90.44,282.59,55.86,146.80,1,-1,-1,-1
326,193,928.27,270.13,53.40,136.43,1,-1,-1,-1
326,185,666.71,284.80,22.23,67.06,1,-1,-1,-1
326,197,190.46,254.86,84.31,232.38,1,-1,-1,-1
326,173,756.73,283.71,24.49,64.37,1,-1,-1,-1
326,200,855.47,258.63,59.54,160.39,1,-1,-1,-1
326,184,532.97,276.01,48.98,120.24,1,-1,-1,-1
326,201,1006.41,279.50,23.40,51.56,1,-1,-1,-1
326,198,714.48,281.86,22.70,60.89,1,-1,-1,-1
326,145,148.34,280.80,80.03,209.07,1,-1,-1,-1
326,204,981.09,279.69,27.60,59.74,1,-1,-1,-1
327,104,1154.49,269.65,66.41,158.03,1,-1,-1,-1
327,142,767.88,248.20,88.55,222.46,1,-1,-1,-1
327,153,35.94,282.87,34.86,97.81,1,-1,-1,-1
327,107,1596.52,199.78,252.47,785.34,1,-1,-1,-1
327,166,1215.25,263.64,37.96,121.63,1,-1,-1,-1
327,179,1067.22,257.77,51.24,154.92,1,-1,-1,-1
327,161,90.07,279.41,56.81,150.04,1,-1,-1,-1
327,193,933.22,271.57,53.95,137.88,1,-1,-1,-1
327,185,668.01,284.41,22.27,69.50,1,-1,-1,-1
327,197,175.80,252.98,97.66,241.07,1,-1,-1,-1
327,173,754.40,282.48,24.62,64.78,1,-1,-1,-1
327,200,862.23,260.56,58.95,155.81,1,-1,-1,-1
327,184,538.46,276.15,49.42,122.14,1,-1,-1,-1
327,201,1008.07,281.90,22.95,53.75,1,-1,-1,-1
327,198,715.23,281.77,22.86,62.02,1,-1,-1,-1
328,104,1157.36,271.94,66.54,159.97,1,-1,-1,-1
328,142,767.73,255.69,89.62,218.74,1,-1,-1,-1
328,153,36.02,286.04,37.17,99.83,1,-1,-1,-1
328,107,1613.05,194.92,243.98,801.31,1,-1,-1,-1
328,166,1217.68,266.69,39.53,122.95,1,-1,-1,-1
328,179,1068.47,261.27,53.57,154.72,1,-1,-1,-1
328,161,90.96,280.82,56.28,151.81,1,-1,-1,-1
328,193,933.62,273.27,53.75,139.79,1,-1,-1,-1
328,197,167.81,256.68,102.13,243.88,1,-1,-1,-1
328,173,757.06,286.41,28.05,71.43,1,-1,-1,-1
328,200,863.93,263.81,58.73,155.75,1,-1,-1,-1
328,184,541.71,280.73,48.90,121.00,1,-1,-1,-1
328,201,1008.82,284.14,23.21,56.78,1,-1,-1,-1
328,203,746.14,285.55,25.50,66.27,1,-1,-1,-1
328,196,732.78,284.90,23.82,64.17,1,-1,-1,-1
329,104,1160.66,274.46,65.11,158.74,1,-1,-1,-1
329,142,764.42,250.90,91.93,225.44,1,-1,-1,-1
329,153,34.89,285.71,36.44,100.19,1,-1,-1,-1
329,107,1619.51,200.63,244.48,796.00,1,-1,-1,-1
329,166,1220.96,268.92,39.49,121.66,1,-1,-1,-1
329,179,1070.05,261.79,54.21,154.81,1,-1,-1,-1
329,161,90.65,278.28,54.85,154.33,1,-1,-1,-1
329,193,935.57,275.08,53.37,137.95,1,-1,-1,-1
329,197,160.10,255.37,105.14,246.87,1,-1,-1,-1
329,173,755.20,284.02,27.74,74.32,1,-1,-1,-1
329,200,865.25,265.95,57.68,153.14,1,-1,-1,-1
329,184,545.08,280.94,48.63,120.00,1,-1,-1,-1
329,201,1008.86,285.14,23.91,58.48,1,-1,-1,-1
329,198,720.96,282.96,21.33,65.31,1,-1,-1,-1
330,104,1165.44,276.95,63.63,158.05,1,-1,-1,-1
330,142,763.91,252.08,91.34,225.51,1,-1,-1,-1
330,153,35.35,287.77,36.47,100.13,1,-1,-1,-1
330,107,1623.89,209.89,251.34,783.08,1,-1,-1,-1
330,166,1224.05,270.55,40.78,122.30,1,-1,-1,-1
330,179,1073.64,264.13,54.30,154.09,1,-1,-1,-1
330,161,90.09,279.83,54.98,153.47,1,-1,-1,-1
330,193,940.00,278.20,51.82,134.36,1,-1,-1,-1
330,197,152.26,256.78,110.79,251.17,1,-1,-1,-1
330,200,868.23,267.32,58.63,154.29,1,-1,-1,-1
330,184,548.01,282.95,48.32,118.08,1,-1,-1,-1
330,201,1013.91,285.78,23.24,59.37,1,-1,-1,-1
330,198,728.02,285.02,20.39,65.36,1,-1,-1,-1
330,203,750.48,286.72,26.16,70.00,1,-1,-1,-1
331,104,1167.96,276.08,63.21,158.81,1,-1,-1,-1
331,142,761.44,249.93,92.99,230.26,1,-1,-1,-1
331,153,33.46,284.52,35.79,100.38,1,-1,-1,-1
331,107,1634.85,209.15,248.28,781.45,1,-1,-1,-1
331,166,1225.41,270.01,41.24,124.10,1,-1,-1,-1
331,179,1075.29,263.91,53.66,153.54,1,-1,-1,-1
331,161,95.21,275.22,49.09,160.79,1,-1,-1,-1
331,193,943.71,278.38,50.48,133.42,1,-1,-1,-1
331,197,148.01,255.71,113.87,254.95,1,-1,-1,-1
331,200,870.08,266.84,58.70,155.28,1,-1,-1,-1
331,184,550.44,282.39,47.99,115.90,1,-1,-1,-1
331,201,1016.01,284.85,22.80,59.11,1,-1,-1,-1
331,198,732.18,282.88,20.87,67.21,1,-1,-1,-1
331,203,751.26,285.06,27.39,75.44,1,-1,-1,-1
332,104,1170.22,278.52,63.99,157.25,1,-1,-1,-1
332,142,761.48,251.03,91.47,234.13,1,-1,-1,-1
332,153,30.46,281.58,37.27,101.66,1,-1,-1,-1
332,107,1643.67,227.14,257.41,773.33,1,-1,-1,-1
332,166,1228.01,271.89,39.67,123.31,1,-1,-1,-1
332,179,1078.24,264.39,53.16,155.77,1,-1,-1,-1
332,193,946.16,279.28,50.43,132.79,1,-1,-1,-1
332,197,143.26,255.57,113.04,258.94,1,-1,-1,-1
332,200,871.18,268.03,59.15,155.66,1,-1,-1,-1
332,184,552.30,283.17,47.34,114.31,1,-1,-1,-1
332,201,1018.55,286.01,23.88,59.17,1,-1,-1,-1
332,198,734.44,284.01,20.79,68.28,1,-1,-1,-1
332,203,750.08,284.96,30.61,87.62,1,-1,-1,-1
333,104,1170.65,279.30,64.02,155.71,1,-1,-1,-1
333,142,758.13,250.62,93.20,237.16,1,-1,-1,-1
333,153,28.38,280.26,36.54,100.01,1,-1,-1,-1
333,107,1650.29,234.44,257.46,764.64,1,-1,-1,-1
333,166,1227.77,273.22,38.78,122.94,1,-1,-1,-1
333,179,1078.74,265.06,52.63,156.78,1,-1,-1,-1
333,193,946.65,278.45,50.74,135.25,1,-1,-1,-1
333,197,133.05,254.38,116.74,261.42,1,-1,-1,-1
333,200,871.88,267.23,58.73,157.19,1,-1,-1,-1
333,184,552.32,285.23,47.69,108.32,1,-1,-1,-1
333,201,1018.63,286.75,23.84,59.26,1,-1,-1,-1
333,198,731.28,283.29,21.55,69.78,1,-1,-1,-1
334,104,1171.11,279.81,64.03,156.06,1,-1,-1,-1
334,142,755.74,250.89,92.76,239.27,1,-1,-1,-1
334,153,26.19,278.93,36.04,101.27,1,-1,-1,-1
334,107,1658.42,237.86,258.05,768.11,1,-1,-1,-1
334,166,1227.39,274.34,38.57,124.38,1,-1,-1,-1
334,179,1078.55,265.22,53.95,157.10,1,-1,-1,-1
334,193,945.95,278.03,51.45,137.14,1,-1,-1,-1
334,197,126.67,260.74,116.93,256.10,1,-1,-1,-1
334,200,872.11,267.28,57.62,156.62,1,-1,-1,-1
334,184,552.42,285.20,47.15,108.47,1,-1,-1,-1
334,201,1018.49,286.85,24.54,59.40,1,-1,-1,-1
334,198,729.38,284.48,22.02,69.41,1,-1,-1,-1
335,104,1170.67,278.61,64.12,157.70,1,-1,-1,-1
335,142,751.74,251.72,92.97,238.69,1,-1,-1,-1
335,153,23.50,276.52,36.26,104.72,1,-1,-1,-1
335,107,1665.53,237.20,256.21,768.04,1,-1,-1,-1
335,166,1227.33,274.68,37.44,122.51,1,-1,-1,-1
335,179,1078.27,264.55,54.57,157.70,1,-1,-1,-1
335,193,943.81,277.42,51.93,136.96,1,-1,-1,-1
335,197,118.15,260.76,120.17,257.89,1,-1,-1,-1
335,200,869.78,266.05,58.36,157.75,1,-1,-1,-1
335,184,550.91,285.67,46.56,107.09,1,-1,-1,-1
335,201,1017.70,285.83,23.56,60.58,1,-1,-1,-1
335,198,726.50,285.10,24.92,69.24,1,-1,-1,-1
336,104,1168.80,277.81,65.37,159.32,1,-1,-1,-1
336,142,746.13,249.50,95.15,246.70,1,-1,-1,-1
336,153,20.63,274.05,36.94,107.20,1,-1,-1,-1
336,107,1668.52,236.66,254.74,774.39,1,-1,-1,-1
336,166,1226.68,274.19,36.75,122.86,1,-1,-1,-1
336,179,1077.13,264.50,55.60,157.52,1,-1,-1,-1
336,193,941.64,275.66,52.65,138.82,1,-1,-1,-1
336,197,109.23,253.90,120.08,263.75,1,-1,-1,-1
336,200,867.88,264.78,58.11,156.80,1,-1,-1,-1
336,184,549.45,284.15,46.29,109.79,1,-1,-1,-1
336,201,1015.65,284.65,23.25,60.37,1,-1,-1,-1
336,198,720.91,286.09,25.36,67.98,1,-1,-1,-1
337,104,1167.65,281.34,65.32,158.61,1,-1,-1,-1
337,142,739.82,253.56,93.74,244.60,1,-1,-1,-1
337,153,12.36,275.32,36.08,106.59,1,-1,-1,-1
337,107,1677.05,220.86,246.69,790.76,1,-1,-1,-1
337,166,1227.34,277.62,37.17,122.54,1,-1,-1,-1
337,179,1075.24,267.24,55.92,158.27,1,-1,-1,-1
337,193,938.16,279.46,54.04,139.47,1,-1,-1,-1
337,197,94.63,250.72,119.45,273.71,1,-1,-1,-1
337,200,865.88,267.67,58.42,157.13,1,-1,-1,-1
337,184,546.91,285.70,45.27,111.81,1,-1,-1,-1
337,201,1011.71,288.29,23.00,60.77,1,-1,-1,-1
337,198,714.96,288.71,26.29,70.45,1,-1,-1,-1
337,205,692.24,290.38,23.48,63.23,1,-1,-1,-1
338,104,1166.22,282.26,65.60,158.74,1,-1,-1,-1
338,142,734.40,254.08,91.35,244.26,1,-1,-1,-1
338,153,5.03,278.17,35.84,104.58,1,-1,-1,-1
338,107,1676.85,218.73,246.88,779.38,1,-1,-1,-1
338,166,1227.39,278.95,37.77,121.93,1,-1,-1,-1
338,179,1073.60,268.12,56.39,161.00,1,-1,-1,-1
338,193,935.50,280.27,54.27,140.27,1,-1,-1,-1
338,197,83.79,247.04,117.40,278.55,1,-1,-1,-1
338,200,864.27,269.64,58.17,157.08,1,-1,-1,-1
338,184,544.79,285.35,44.72,112.18,1,-1,-1,-1
338,201,1008.42,288.93,23.92,60.53,1,-1,-1,-1
338,198,711.92,287.39,27.11,73.59,1,-1,-1,-1
338,205,693.68,291.07,22.51,63.98,1,-1,-1,-1
339,104,1163.18,286.15,65.65,157.78,1,-1,-1,-1
339,142,730.12,257.80,92.25,244.00,1,-1,-1,-1
339,153,1.70,282.89,34.82,103.13,1,-1,-1,-1
339,107,1682.58,219.74,240.77,786.15,1,-1,-1,-1
339,166,1227.05,281.17,38.14,122.05,1,-1,-1,-1
339,179,1072.64,272.55,55.39,159.96,1,-1,-1,-1
339,193,934.69,284.23,53.56,139.90,1,-1,-1,-1
339,197,74.79,253.88,112.93,273.00,1,-1,-1,-1
339,200,862.18,273.87,56.63,156.05,1,-1,-1,-1
339,184,544.15,288.76,44.27,114.20,1,-1,-1,-1
339,201,1006.24,294.53,24.47,59.41,1,-1,-1,-1
339,205,693.39,293.95,24.17,65.96,1,-1,-1,-1
340,104,1161.22,288.43,65.75,157.37,1,-1,-1,-1
340,142,724.40,252.19,96.74,254.89,1,-1,-1,-1
340,153,2.39,285.69,31.52,104.67,1,-1,-1,-1
340,107,1684.94,217.77,238.09,792.33,1,-1,-1,-1
340,166,1226.57,283.37,37.85,122.52,1,-1,-1,-1
340,179,1071.42,275.42,53.55,158.63,1,-1,-1,-1
340,193,933.22,287.02,53.38,138.77,1,-1,-1,-1
340,197,59.78,249.79,118.78,281.49,1,-1,-1,-1
340,200,861.03,276.53,56.00,155.81,1,-1,-1,-1
340,184,544.36,288.91,43.89,113.78,1,-1,-1,-1
340,201,1003.52,297.28,25.25,58.85,1,-1,-1,-1
340,205,690.26,295.75,23.05,67.24,1,-1,-1,-1
341,104,1158.52,294.81,66.54,155.48,1,-1,-1,-1
341,142,719.27,250.49,99.61,262.55,1,-1,-1,-1
341,107,1686.08,221.26,236.95,793.83,1,-1,-1,-1
341,166,1225.60,287.05,37.29,121.23,1,-1,-1,-1
341,179,1071.21,279.44,52.39,158.82,1,-1,-1,-1
341,193,931.68,291.43,53.38,138.05,1,-1,-1,-1
341,197,48.89,255.67,118.71,280.94,1,-1,-1,-1
341,200,858.86,281.97,55.40,151.19,1,-1,-1,-1
341,184,544.41,292.84,43.24,111.03,1,-1,-1,-1
341,201,1002.10,301.26,25.88,58.16,1,-1,-1,-1
341,205,685.28,301.27,22.04,66.18,1,-1,-1,-1
342,104,1156.94,302.01,67.18,157.87,1,-1,-1,-1
342,142,711.66,259.18,102.49,263.69,1,-1,-1,-1
342,107,1698.43,232.11,224.52,806.96,1,-1,-1,-1
342,166,1225.08,295.02,37.23,119.79,1,-1,-1,-1
342,179,1067.67,286.47,51.02,162.01,1,-1,-1,-1
342,193,928.99,299.49,54.46,138.44,1,-1,-1,-1
342,197,31.98,261.53,116.20,285.17,1,-1,-1,-1
342,200,856.36,288.80,54.92,150.00,1,-1,-1,-1
342,184,543.55,301.27,42.97,111.16,1,-1,-1,-1
342,201,1000.96,310.06,25.37,56.36,1,-1,-1,-1
342,205,684.77,310.81,25.26,71.50,1,-1,-1,-1
343,104,1155.32,303.87,67.63,159.88,1,-1,-1,-1
343,142,707.75,266.42,101.90,258.47,1,-1,-1,-1
343,107,1706.65,234.55,216.01,827.22,1,-1,-1,-1
343,166,1226.09,297.89,38.74,119.77,1,-1,-1,-1
343,179,1067.49,289.47,50.42,163.12,1,-1,-1,-1
343,193,926.94,301.95,55.98,137.87,1,-1,-1,-1
343,197,19.90,263.50,116.94,291.53,1,-1,-1,-1
343,200,853.70,291.48,57.39,150.99,1,-1,-1,-1
343,201,997.72,313.64,25.79,58.17,1,-1,-1,-1
343,205,678.02,316.90,23.23,67.05,1,-1,-1,-1
343,206,657.34,316.79,24.42,64.76,1,-1,-1,-1
344,104,1156.40,306.91,67.21,158.57,1,-1,-1,-1
344,142,703.30,265.06,105.09,265.23,1,-1,-1,-1
344,107,1716.33,237.33,206.49,816.28,1,-1,-1,-1
344,166,1228.18,300.40,39.55,122.49,1,-1,-1,-1
344,179,1069.26,291.33,50.84,163.28,1,-1,-1,-1
344,193,927.83,305.05,55.34,138.04,1,-1,-1,-1
344,197,13.64,271.56,117.52,283.00,1,-1,-1,-1
344,200,855.26,295.49,56.35,149.50,1,-1,-1,-1
344,201,1000.76,315.33,26.82,61.07,1,-1,-1,-1
344,205,674.84,316.70,22.64,66.95,1,-1,-1,-1
344,206,657.78,316.91,24.08,65.30,1,-1,-1,-1
345,104,1156.09,306.92,68.10,161.30,1,-1,-1,-1
345,142,695.67,269.62,110.17,265.84,1,-1,-1,-1
345,107,1724.94,242.03,198.72,824.73,1,-1,-1,-1
345,166,1230.36,303.87,40.01,122.52,1,-1,-1,-1
345,179,1070.36,290.37,51.91,165.68,1,-1,-1,-1
345,193,928.11,305.79,57.37,140.43,1,-1,-1,-1
345,197,7.28,274.73,117.86,283.87,1,-1,-1,-1
345,200,854.04,293.98,57.73,154.93,1,-1,-1,-1
345,201,1000.67,317.98,27.38,60.21,1,-1,-1,-1
345,205,678.52,317.83,24.47,66.96,1,-1,-1,-1
345,206,656.60,318.01,23.29,63.07,1,-1,-1,-1
346,104,1153.19,309.26,68.96,160.54,1,-1,-1,-1
346,142,690.43,274.29,108.96,271.27,1,-1,-1,-1
346,107,1726.25,256.25,196.39,812.86,1,-1,-1,-1
346,166,1229.84,305.93,39.99,124.42,1,-1,-1,-1
346,179,1068.67,293.42,52.79,166.18,1,-1,-1,-1
346,193,925.38,308.19,57.02,141.95,1,-1,-1,-1
346,197,0.94,275.09,116.32,289.32,1,-1,-1,-1
346,200,850.78,297.46,58.12,153.75,1,-1,-1,-1
346,201,998.94,320.55,27.46,60.69,1,-1,-1,-1
346,205,677.86,318.05,24.73,72.54,1,-1,-1,-1
346,206,657.21,319.10,22.45,64.64,1,-1,-1,-1
347,104,1156.21,310.27,67.19,160.32,1,-1,-1,-1
347,142,682.76,273.22,112.82,281.26,1,-1,-1,-1
347,107,1730.40,250.82,192.60,808.46,1,-1,-1,-1
347,166,1232.57,307.96,39.74,125.35,1,-1,-1,-1
347,179,1070.52,295.83,53.48,165.75,1,-1,-1,-1
347,193,926.26,311.89,56.09,141.61,1,-1,-1,-1
347,197,-1.31,276.85,112.22,290.24,1,-1,-1,-1
347,200,852.23,300.88,56.57,149.18,1,-1,-1,-1
347,201,1003.52,321.01,26.87,60.25,1,-1,-1,-1
347,206,661.18,318.38,22.12,68.75,1,-1,-1,-1
348,104,1154.60,312.21,67.35,160.59,1,-1,-1,-1
348,142,672.02,274.02,117.14,288.49,1,-1,-1,-1
348,107,1732.92,254.87,188.68,810.94,1,-1,-1,-1
348,166,1231.90,309.29,40.10,125.66,1,-1,-1,-1
348,179,1069.66,298.58,52.75,164.79,1,-1,-1,-1
348,193,923.77,314.67,56.84,142.02,1,-1,-1,-1
348,197,-2.83,277.78,106.73,293.00,1,-1,-1,-1
348,200,848.97,302.20,58.04,150.57,1,-1,-1,-1
348,201,1003.28,323.20,26.49,58.60,1,-1,-1,-1
348,206,658.15,320.20,22.40,71.66,1,-1,-1,-1
349,104,1154.68,314.28,65.84,159.19,1,-1,-1,-1
349,142,664.25,276.96,119.51,287.09,1,-1,-1,-1
349,107,1737.40,251.67,184.00,808.47,1,-1,-1,-1
349,166,1232.11,310.05,39.91,124.21,1,-1,-1,-1
349,179,1068.07,299.51,52.87,163.50,1,-1,-1,-1
349,193,921.70,315.92,56.01,139.35,1,-1,-1,-1
349,197,-2.91,278.27,92.68,296.09,1,-1,-1,-1
349,200,846.88,302.91,57.93,151.73,1,-1,-1,-1
349,201,1001.98,323.65,26.68,57.91,1,-1,-1,-1
349,206,654.91,320.58,22.31,71.22,1,-1,-1,-1
350,104,1154.34,314.42,66.11,159.05,1,-1,-1,-1
350,142,657.77,278.47,119.43,287.03,1,-1,-1,-1
350,107,1741.90,251.98,179.33,818.10,1,-1,-1,-1
350,166,1233.00,310.48,39.36,122.72,1,-1,-1,-1
350,179,1068.99,299.02,52.11,162.87,1,-1,-1,-1
350,193,921.53,315.75,55.53,137.92,1,-1,-1,-1
350,197,8.51,283.44,74.82,285.89,1,-1,-1,-1
350,200,846.34,302.42,58.40,152.64,1,-1,-1,-1
350,201,1001.25,322.90,27.21,57.77,1,-1,-1,-1
350,206,651.05,320.25,22.77,69.58,1,-1,-1,-1
351,104,1155.16,314.69,64.91,157.59,1,-1,-1,-1
351,142,654.75,279.39,116.75,288.42,1,-1,-1,-1
351,107,1749.22,251.67,172.28,820.87,1,-1,-1,-1
351,166,1234.21,310.46,38.96,121.27,1,-1,-1,-1
351,179,1068.39,298.32,52.71,162.73,1,-1,-1,-1
351,193,919.24,314.83,55.10,137.30,1,-1,-1,-1
351,197,11.48,289.23,64.19,252.97,1,-1,-1,-1
351,200,845.63,301.65,58.40,153.04,1,-1,-1,-1
351,201,1001.86,321.91,26.29,57.07,1,-1,-1,-1
351,206,651.67,317.82,23.63,70.16,1,-1,-1,-1
352,104,1155.47,318.08,63.53,157.02,1,-1,-1,-1
352,142,643.86,277.64,117.91,294.77,1,-1,-1,-1
352,107,1741.18,245.49,179.94,822.49,1,-1,-1,-1
352,166,1235.58,311.77,38.02,121.89,1,-1,-1,-1
352,179,1067.04,300.51,52.67,163.51,1,-1,-1,-1
352,193,916.48,315.45,54.28,136.71,1,-1,-1,-1
352,200,843.70,302.37,58.14,156.61,1,-1,-1,-1
352,201,999.80,324.23,26.24,58.33,1,-1,-1,-1
352,161,14.12,307.74,53.08,156.07,1,-1,-1,-1
352,184,563.73,314.97,45.83,139.14,1,-1,-1,-1
353,104,1155.21,320.30,62.91,156.27,1,-1,-1,-1
353,142,636.03,277.22,119.97,296.55,1,-1,-1,-1
353,107,1736.99,254.58,183.73,789.59,1,-1,-1,-1
353,166,1236.42,314.59,38.57,121.47,1,-1,-1,-1
353,179,1066.36,301.87,52.28,163.72,1,-1,-1,-1
353,193,913.49,314.93,54.93,138.03,1,-1,-1,-1
353,200,842.08,302.87,58.32,156.75,1,-1,-1,-1
353,201,997.20,324.85,26.42,59.61,1,-1,-1,-1
353,161,8.59,308.44,53.78,156.74,1,-1,-1,-1
353,184,562.85,315.48,46.63,141.88,1,-1,-1,-1
354,104,1154.21,321.77,64.63,156.69,1,-1,-1,-1
354,142,628.76,279.72,119.64,298.82,1,-1,-1,-1
354,107,1747.35,253.16,173.12,800.20,1,-1,-1,-1
354,166,1236.31,317.03,40.35,123.89,1,-1,-1,-1
354,179,1066.37,304.17,51.46,163.83,1,-1,-1,-1
354,193,910.32,315.07,56.68,140.29,1,-1,-1,-1
354,200,841.68,304.91,58.31,155.70,1,-1,-1,-1
354,201,996.83,326.68,26.48,60.73,1,-1,-1,-1
354,161,4.47,309.20,52.04,156.34,1,-1,-1,-1
354,184,563.36,317.35,46.04,140.53,1,-1,-1,-1
355,104,1154.93,325.45,63.19,155.50,1,-1,-1,-1
355,142,624.67,280.03,118.66,304.74,1,-1,-1,-1
355,107,1737.31,255.47,183.50,798.54,1,-1,-1,-1
355,166,1237.57,321.17,40.79,123.61,1,-1,-1,-1
355,179,1066.45,306.47,52.25,165.79,1,-1,-1,-1
355,193,910.35,318.89,56.58,140.77,1,-1,-1,-1
355,200,840.42,308.04,58.93,155.91,1,-1,-1,-1
355,201,995.42,329.97,26.83,60.73,1,-1,-1,-1
355,161,2.64,312.77,49.84,154.35,1,-1,-1,-1
355,184,562.20,319.92,45.36,143.18,1,-1,-1,-1
356,104,1153.01,325.34,64.17,156.37,1,-1,-1,-1
356,142,618.66,281.99,116.81,303.36,1,-1,-1,-1
356,107,1722.40,253.10,198.31,820.12,1,-1,-1,-1
356,166,1236.73,323.63,41.98,119.81,1,-1,-1,-1
356,179,1065.08,309.29,53.11,166.65,1,-1,-1,-1
356,193,908.58,320.52,55.98,141.78,1,-1,-1,-1
356,200,838.20,309.51,59.27,154.77,1,-1,-1,-1
356,201,991.93,332.93,27.37,60.83,1,-1,-1,-1
356,161,-0.89,314.52,46.95,153.67,1,-1,-1,-1
356,184,557.81,320.05,46.20,143.14,1,-1,-1,-1
357,104,1151.38,332.52,63.77,154.34,1,-1,-1,-1
357,142,613.74,281.98,118.60,308.42,1,-1,-1,-1
357,107,1726.33,260.27,193.64,811.39,1,-1,-1,-1
357,166,1237.71,328.82,42.27,122.91,1,-1,-1,-1
357,179,1063.34,317.43,53.08,163.48,1,-1,-1,-1
357,193,906.07,327.16,56.46,142.37,1,-1,-1,-1
357,200,837.17,317.47,57.97,151.04,1,-1,-1,-1
357,201,991.31,339.20,27.33,61.62,1,-1,-1,-1
357,161,-0.83,315.70,43.33,158.22,1,-1,-1,-1
357,184,555.13,322.46,47.15,144.75,1,-1,-1,-1
357,196,727.38,335.35,26.89,65.93,1,-1,-1,-1
358,104,1150.36,333.29,63.95,155.02,1,-1,-1,-1
358,142,607.09,279.46,123.42,317.95,1,-1,-1,-1
358,107,1723.10,271.99,197.32,781.01,1,-1,-1,-1
358,166,1238.18,330.12,43.08,121.58,1,-1,-1,-1
358,179,1063.08,319.07,52.60,162.42,1,-1,-1,-1
358,193,905.57,329.76,55.36,140.32,1,-1,-1,-1
358,200,835.16,318.22,56.93,153.22,1,-1,-1,-1
358,201,991.31,340.31,26.93,61.50,1,-1,-1,-1
358,161,-0.15,317.60,41.08,158.58,1,-1,-1,-1
358,184,553.74,323.45,46.90,141.52,1,-1,-1,-1
358,207,511.27,324.77,46.94,124.96,1,-1,-1,-1
358,196,729.19,336.40,24.88,63.32,1,-1,-1,-1
359,104,1147.38,335.10,63.46,156.65,1,-1,-1,-1
359,142,598.05,282.64,125.29,318.47,1,-1,-1,-1
359,107,1718.20,274.61,201.77,792.15,1,-1,-1,-1
359,166,1236.72,332.70,42.82,121.70,1,-1,-1,-1
359,179,1060.09,322.01,52.31,163.93,1,-1,-1,-1
359,193,903.70,331.63,53.10,139.83,1,-1,-1,-1
359,200,831.88,320.05,57.52,153.86,1,-1,-1,-1
359,201,988.43,342.73,26.99,62.51,1,-1,-1,-1
359,161,-0.90,316.78,36.74,168.32,1,-1,-1,-1
359,184,550.02,326.30,45.04,139.43,1,-1,-1,-1
359,207,505.59,327.63,46.51,125.73,1,-1,-1,-1
359,196,726.84,339.65,23.34,63.37,1,-1,-1,-1
360,104,1146.09,335.74,62.91,158.40,1,-1,-1,-1
360,142,591.23,277.65,129.28,331.14,1,-1,-1,-1
360,107,1724.80,284.97,195.08,774.20,1,-1,-1,-1
360,166,1237.90,334.22,40.89,123.98,1,-1,-1,-1
360,179,1058.30,323.20,53.30,166.14,1,-1,-1,-1
360,193,902.25,332.96,52.22,138.45,1,-1,-1,-1
360,200,830.85,320.22,57.76,158.41,1,-1,-1,-1
360,201,987.39,342.88,27.46,64.04,1,-1,-1,-1
360,161,0.80,312.04,32.16,175.43,1,-1,-1,-1
360,184,545.52,328.16,47.51,144.99,1,-1,-1,-1
360,207,500.01,328.03,47.84,130.52,1,-1,-1,-1
360,196,722.55,338.77,23.27,64.52,1,-1,-1,-1
361,104,1144.94,337.08,62.98,157.71,1,-1,-1,-1
361,142,582.35,275.63,131.02,335.09,1,-1,-1,-1
361,107,1722.36,290.98,198.13,765.72,1,-1,-1,-1
361,166,1239.40,335.09,39.73,125.58,1,-1,-1,-1
361,179,1057.49,323.59,53.41,166.61,1,-1,-1,-1
361,193,902.76,334.14,50.57,135.84,1,-1,-1,-1
361,200,830.77,319.57,57.13,158.85,1,-1,-1,-1
361,201,987.11,342.67,27.70,63.71,1,-1,-1,-1
361,184,546.77,330.29,38.55,139.31,1,-1,-1,-1
361,207,497.39,327.45,46.93,129.86,1,-1,-1,-1
361,196,721.74,336.50,22.77,66.79,1,-1,-1,-1
362,104,1142.52,339.98,63.28,155.13,1,-1,-1,-1
362,142,566.39,275.59,133.76,345.18,1,-1,-1,-1
362,107,1725.98,301.47,195.40,763.49,1,-1,-1,-1
362,166,1239.41,335.59,40.88,126.35,1,-1,-1,-1
362,179,1055.76,324.89,51.79,165.90,1,-1,-1,-1
362,193,900.86,332.89,51.78,138.52,1,-1,-1,-1
362,200,829.56,320.25,58.16,157.22,1,-1,-1,-1
362,201,985.98,343.42,27.25,62.90,1,-1,-1,-1
362,184,536.36,327.58,40.85,142.00,1,-1,-1,-1
362,207,488.70,325.71,46.39,131.17,1,-1,-1,-1
362,196,717.98,337.33,22.79,66.30,1,-1,-1,-1
363,104,1142.21,339.56,63.16,154.56,1,-1,-1,-1
363,142,558.53,277.87,134.66,342.47,1,-1,-1,-1
363,107,1739.22,283.34,182.24,791.11,1,-1,-1,-1
363,166,1239.45,333.44,42.20,127.53,1,-1,-1,-1
363,179,1055.20,322.62,51.53,167.26,1,-1,-1,-1
363,193,900.29,330.17,53.19,140.15,1,-1,-1,-1
363,200,830.20,318.41,58.04,156.65,1,-1,-1,-1
363,201,986.28,341.80,26.99,62.43,1,-1,-1,-1
363,184,530.27,325.49,39.93,142.69,1,-1,-1,-1
363,207,486.33,322.76,46.53,135.48,1,-1,-1,-1
363,196,716.93,335.15,22.59,65.47,1,-1,-1,-1
364,104,1141.56,338.40,63.31,155.29,1,-1,-1,-1
364,142,548.19,281.36,135.68,339.15,1,-1,-1,-1
364,107,1748.95,288.27,172.78,790.32,1,-1,-1,-1
364,166,1238.92,332.69,43.40,128.01,1,-1,-1,-1
364,179,1054.48,321.40,51.50,168.81,1,-1,-1,-1
364,193,898.11,327.77,55.76,143.20,1,-1,-1,-1
364,200,829.90,316.55,58.72,158.61,1,-1,-1,-1
364,201,985.19,341.19,27.84,62.47,1,-1,-1,-1
364,207,482.89,323.42,43.92,129.06,1,-1,-1,-1
364,196,713.99,336.01,23.23,65.38,1,-1,-1,-1
364,198,680.98,335.52,25.41,69.37,1,-1,-1,-1
365,104,1139.60,338.05,62.90,155.63,1,-1,-1,-1
365,142,539.98,282.54,136.27,336.24,1,-1,-1,-1
365,107,1744.31,282.38,176.90,797.41,1,-1,-1,-1
365,166,1238.22,332.55,43.66,128.38,1,-1,-1,-1
365,179,1053.32,322.55,51.03,168.13,1,-1,-1,-1
365,193,895.93,328.45,55.57,142.97,1,-1,-1,-1
365,200,829.05,317.79,58.64,156.49,1,-1,-1,-1
365,201,983.84,341.68,28.03,61.98,1,-1,-1,-1
365,196,710.57,337.03,22.87,64.65,1,-1,-1,-1
365,198,670.04,335.72,25.91,74.03,1,-1,-1,-1
366,104,1139.03,336.06,63.21,155.63,1,-1,-1,-1
366,142,535.03,282.69,138.31,336.78,1,-1,-1,-1
366,166,1239.34,333.03,44.59,126.59,1,-1,-1,-1
366,179,1054.12,321.61,50.39,168.37,1,-1,-1,-1
366,193,895.58,326.75,56.59,143.19,1,-1,-1,-1
366,200,830.05,317.62,58.33,155.40,1,-1,-1,-1
366,201,983.85,341.28,28.29,61.72,1,-1,-1,-1
366,196,711.42,337.69,22.40,64.57,1,-1,-1,-1
366,198,670.67,335.15,25.86,74.08,1,-1,-1,-1
367,104,1139.21,335.83,63.81,154.56,1,-1,-1,-1
367,142,531.30,282.77,136.79,341.41,1,-1,-1,-1
367,166,1244.94,334.11,43.06,125.26,1,-1,-1,-1
367,179,1056.54,321.14,50.70,168.18,1,-1,-1,-1
367,193,897.19,325.15,57.71,145.49,1,-1,-1,-1
367,200,830.85,318.39,59.03,155.98,1,-1,-1,-1
367,201,985.95,341.64,28.22,63.37,1,-1,-1,-1
367,196,710.45,338.87,23.81,65.65,1,-1,-1,-1
367,198,670.43,335.22,25.28,75.39,1,-1,-1,-1
368,104,1138.15,334.53,64.19,154.00,1,-1,-1,-1
368,142,531.06,277.88,134.72,355.95,1,-1,-1,-1
368,166,1249.92,333.76,42.13,125.46,1,-1,-1,-1
368,179,1058.09,320.63,51.84,168.72,1,-1,-1,-1
368,193,897.79,324.74,57.50,145.71,1,-1,-1,-1
368,200,829.85,320.42,58.77,152.17,1,-1,-1,-1
368,201,986.47,341.08,27.94,63.58,1,-1,-1,-1
368,196,710.84,339.47,24.55,66.09,1,-1,-1,-1
368,198,669.57,334.84,25.14,74.92,1,-1,-1,-1
369,104,1138.40,331.09,62.67,153.84,1,-1,-1,-1
369,142,523.50,273.44,139.16,366.70,1,-1,-1,-1
369,166,1256.56,335.76,42.17,122.62,1,-1,-1,-1
369,179,1062.37,319.04,51.87,167.56,1,-1,-1,-1
369,193,898.93,326.39,58.70,145.57,1,-1,-1,-1
369,200,830.11,318.24,59.52,154.14,1,-1,-1,-1
369,201,991.75,339.87,27.29,62.09,1,-1,-1,-1
369,196,703.26,335.61,25.68,70.60,1,-1,-1,-1
369,198,677.34,334.19,26.10,74.41,1,-1,-1,-1
370,104,1139.87,331.76,63.26,156.85,1,-1,-1,-1
370,142,520.53,272.09,139.79,373.31,1,-1,-1,-1
370,166,1260.40,335.78,40.25,121.99,1,-1,-1,-1
370,179,1063.95,319.13,51.91,170.35,1,-1,-1,-1
370,193,900.42,330.41,54.87,140.59,1,-1,-1,-1
370,200,829.24,321.85,57.66,156.98,1,-1,-1,-1
370,201,991.54,342.19,27.21,62.95,1,-1,-1,-1
370,196,708.98,338.05,23.92,68.08,1,-1,-1,-1
370,198,670.78,335.87,25.42,73.09,1,-1,-1,-1
371,104,1146.82,332.94,63.88,157.14,1,-1,-1,-1
371,142,520.92,269.57,140.80,377.78,1,-1,-1,-1
371,166,1269.69,334.80,38.89,124.12,1,-1,-1,-1
371,179,1071.14,320.03,52.59,171.02,1,-1,-1,-1
371,193,908.18,331.55,51.92,139.63,1,-1,-1,-1
371,200,832.04,321.83,57.21,154.51,1,-1,-1,-1
371,201,998.19,341.91,27.94,63.14,1,-1,-1,-1
371,196,716.43,339.17,25.13,67.58,1,-1,-1,-1
371,198,672.95,334.28,26.47,75.44,1,-1,-1,-1
372,104,1156.58,330.12,64.77,155.35,1,-1,-1,-1
372,142,518.20,266.41,141.29,381.90,1,-1,-1,-1
372,166,1281.44,332.35,39.06,121.56,1,-1,-1,-1
372,179,1082.53,316.92,52.18,171.67,1,-1,-1,-1
372,193,914.43,328.75,53.55,139.31,1,-1,-1,-1
372,200,836.62,318.74,56.57,151.31,1,-1,-1,-1
372,201,1008.72,339.48,28.56,60.57,1,-1,-1,-1
372,196,724.35,335.69,24.73,67.25,1,-1,-1,-1
372,198,677.75,331.74,27.08,75.44,1,-1,-1,-1
373,104,1161.52,328.91,63.24,155.31,1,-1,-1,-1
373,142,512.29,266.48,148.58,381.97,1,-1,-1,-1
373,166,1286.13,330.46,39.33,121.24,1,-1,-1,-1
373,179,1086.28,311.59,52.39,175.25,1,-1,-1,-1
373,193,915.36,324.54,56.18,143.44,1,-1,-1,-1
373,200,835.93,315.12,57.65,153.72,1,-1,-1,-1
373,201,1011.26,337.06,29.87,60.92,1,-1,-1,-1
373,196,724.73,332.48,25.53,67.58,1,-1,-1,-1
373,205,672.40,328.54,29.89,79.50,1,-1,-1,-1
374,104,1168.07,327.36,62.52,154.45,1,-1,-1,-1
374,142,506.77,262.65,152.72,391.17,1,-1,-1,-1
374,166,1294.00,327.66,38.04,119.00,1,-1,-1,-1
374,179,1093.24,307.41,53.73,175.75,1,-1,-1,-1
374,193,918.85,321.62,57.17,143.01,1,-1,-1,-1
374,200,837.63,310.50,58.99,157.08,1,-1,-1,-1
374,201,1017.78,332.98,28.95,60.35,1,-1,-1,-1
374,196,728.08,330.30,25.69,68.26,1,-1,-1,-1
374,209,703.93,328.35,25.84,72.03,1,-1,-1,-1
374,205,672.57,326.80,26.93,73.10,1,-1,-1,-1
374,206,654.54,332.03,24.10,72.22,1,-1,-1,-1
374,198,684.00,328.08,27.30,73.71,1,-1,-1,-1
375,104,1171.16,324.24,62.57,155.49,1,-1,-1,-1
375,142,499.77,260.42,153.77,398.10,1,-1,-1,-1
375,166,1301.03,325.40,38.77,121.09,1,-1,-1,-1
375,179,1096.36,305.24,54.67,176.33,1,-1,-1,-1
375,193,921.39,318.79,57.99,143.87,1,-1,-1,-1
375,200,841.21,307.76,58.23,154.23,1,-1,-1,-1
375,201,1021.63,328.63,28.22,62.13,1,-1,-1,-1
375,196,731.01,326.36,26.66,70.74,1,-1,-1,-1
375,209,705.53,326.31,27.16,73.61,1,-1,-1,-1
375,206,663.33,328.88,24.53,70.80,1,-1,-1,-1
375,198,683.11,326.69,27.05,72.60,1,-1,-1,-1
376,104,1173.17,322.14,61.07,154.90,1,-1,-1,-1
376,142,489.74,262.70,157.97,397.96,1,-1,-1,-1
376,166,1304.68,320.95,40.44,123.94,1,-1,-1,-1
376,179,1098.61,303.57,54.90,176.00,1,-1,-1,-1
376,193,924.11,314.61,57.06,146.90,1,-1,-1,-1
376,200,842.93,304.14,57.94,156.47,1,-1,-1,-1
376,201,1023.83,326.01,27.95,62.20,1,-1,-1,-1
376,196,735.29,325.50,26.70,67.50,1,-1,-1,-1
376,209,704.02,323.93,26.89,73.18,1,-1,-1,-1
376,206,665.17,326.20,24.00,70.36,1,-1,-1,-1
376,211,355.33,268.81,137.96,330.34,1,-1,-1,-1
377,104,1180.67,312.48,60.03,154.48,1,-1,-1,-1
377,142,472.61,256.98,165.93,405.18,1,-1,-1,-1
377,166,1313.87,314.93,40.84,121.67,1,-1,-1,-1
377,179,1104.81,296.52,57.48,176.01,1,-1,-1,-1
377,193,930.78,308.57,56.54,145.93,1,-1,-1,-1
377,200,849.93,296.21,58.02,158.02,1,-1,-1,-1
377,201,1029.48,318.39,28.23,63.35,1,-1,-1,-1
377,196,739.79,317.38,28.33,69.96,1,-1,-1,-1
377,209,707.93,318.56,29.35,71.34,1,-1,-1,-1
377,206,671.04,319.15,25.33,68.86,1,-1,-1,-1
377,198,692.40,319.31,27.30,69.24,1,-1,-1,-1
378,104,1183.31,311.16,59.89,152.54,1,-1,-1,-1
378,142,465.11,254.08,165.35,413.64,1,-1,-1,-1
378,166,1317.31,312.80,41.83,121.67,1,-1,-1,-1
378,179,1107.84,297.17,57.88,174.10,1,-1,-1,-1
378,193,932.22,309.33,56.90,144.68,1,-1,-1,-1
378,200,852.85,294.10,57.42,158.14,1,-1,-1,-1
378,201,1032.17,317.46,27.83,64.55,1,-1,-1,-1
378,196,741.84,316.85,30.25,71.86,1,-1,-1,-1
378,209,705.26,318.30,30.23,72.30,1,-1,-1,-1
378,205,681.48,317.77,28.01,70.22,1,-1,-1,-1
379,104,1185.55,311.82,59.53,150.77,1,-1,-1,-1
379,142,461.27,254.54,160.25,412.97,1,-1,-1,-1
379,166,1321.35,313.59,42.75,122.49,1,-1,-1,-1
379,179,1109.82,297.54,59.33,174.12,1,-1,-1,-1
379,193,933.11,309.73,56.97,144.28,1,-1,-1,-1
379,200,854.26,293.79,57.80,159.19,1,-1,-1,-1
379,201,1034.49,316.55,29.19,65.99,1,-1,-1,-1
379,196,741.93,316.04,31.60,73.69,1,-1,-1,-1
379,209,706.88,318.22,30.21,71.59,1,-1,-1,-1
379,205,680.03,318.09,27.84,70.30,1,-1,-1,-1
380,104,1188.63,308.22,60.86,153.54,1,-1,-1,-1
380,142,457.17,254.08,162.99,415.17,1,-1,-1,-1
380,166,1326.76,312.05,44.11,124.14,1,-1,-1,-1
380,179,1113.11,295.27,58.81,175.22,1,-1,-1,-1
380,193,934.19,307.27,57.90,146.05,1,-1,-1,-1
380,200,855.83,292.98,58.85,159.44,1,-1,-1,-1
380,201,1037.95,316.20,30.22,64.08,1,-1,-1,-1
380,196,742.66,314.14,32.01,75.06,1,-1,-1,-1
380,209,708.06,318.13,30.24,71.44,1,-1,-1,-1
380,206,673.92,319.00,26.62,68.53,1,-1,-1,-1
380,198,690.47,318.93,27.08,69.29,1,-1,-1,-1
381,104,1192.98,308.34,59.28,152.69,1,-1,-1,-1
381,142,457.32,252.36,159.37,416.80,1,-1,-1,-1
381,166,1333.08,311.75,45.69,124.59,1,-1,-1,-1
381,179,1117.83,295.80,57.24,174.56,1,-1,-1,-1
381,193,936.39,307.46,57.62,146.48,1,-1,-1,-1
381,200,858.50,294.45,59.41,159.70,1,-1,-1,-1
381,201,1041.83,318.55,29.79,62.76,1,-1,-1,-1
381,196,743.22,314.41,32.36,76.27,1,-1,-1,-1
381,206,673.29,319.26,26.96,69.88,1,-1,-1,-1
381,198,695.68,319.09,29.32,71.30,1,-1,-1,-1
382,104,1193.49,309.38,61.15,153.68,1,-1,-1,-1
382,142,439.69,250.78,169.03,421.38,1,-1,-1,-1
382,166,1338.63,310.96,46.67,125.78,1,-1,-1,-1
382,179,1121.52,296.75,56.97,175.79,1,-1,-1,-1
382,193,938.38,307.67,56.81,147.27,1,-1,-1,-1
382,200,859.52,297.04,59.26,159.03,1,-1,-1,-1
382,201,1045.49,319.14,30.43,64.73,1,-1,-1,-1
382,196,744.85,316.07,32.30,75.66,1,-1,-1,-1
382,198,696.99,321.39,29.51,70.98,1,-1,-1,-1
383,104,1193.05,309.44,61.65,155.39,1,-1,-1,-1
383,142,414.46,245.58,184.44,433.46,1,-1,-1,-1
383,166,1342.37,310.37,46.13,126.17,1,-1,-1,-1
383,179,1123.93,296.23,57.24,177.83,1,-1,-1,-1
383,193,938.66,308.69,56.32,147.22,1,-1,-1,-1
383,200,859.52,300.02,58.50,159.29,1,-1,-1,-1
383,201,1047.40,320.84,30.17,65.02,1,-1,-1,-1
383,196,744.77,319.02,30.68,71.99,1,-1,-1,-1
383,198,697.99,324.54,27.85,68.08,1,-1,-1,-1
384,104,1192.65,310.89,61.45,156.60,1,-1,-1,-1
384,142,388.88,242.18,194.05,448.98,1,-1,-1,-1
384,166,1346.37,311.72,45.33,127.21,1,-1,-1,-1
384,179,1130.40,300.29,56.52,176.63,1,-1,-1,-1
384,193,936.57,309.53,58.02,148.62,1,-1,-1,-1
384,200,859.30,300.60,57.88,159.55,1,-1,-1,-1
384,201,1048.15,323.45,30.14,64.66,1,-1,-1,-1
384,196,744.30,320.17,30.28,71.35,1,-1,-1,-1
384,198,696.57,324.89,28.00,69.11,1,-1,-1,-1
385,104,1194.94,312.38,62.83,155.02,1,-1,-1,-1
385,142,384.60,245.96,191.06,447.20,1,-1,-1,-1
385,166,1351.22,310.19,44.66,129.96,1,-1,-1,-1
385,179,1131.87,298.42,56.89,179.10,1,-1,-1,-1
385,193,938.40,309.92,56.98,147.38,1,-1,-1,-1
385,200,861.65,301.93,58.03,156.42,1,-1,-1,-1
385,201,1051.97,322.03,29.79,66.40,1,-1,-1,-1
385,196,747.38,320.51,29.86,70.55,1,-1,-1,-1
385,198,701.68,323.80,27.05,70.26,1,-1,-1,-1
386,104,1193.30,314.21,62.51,153.38,1,-1,-1,-1
386,142,363.24,240.74,195.58,466.46,1,-1,-1,-1
386,166,1354.24,312.90,41.82,128.06,1,-1,-1,-1
386,179,1130.70,298.62,57.64,179.32,1,-1,-1,-1
386,193,937.56,310.34,55.73,146.70,1,-1,-1,-1
386,200,859.83,302.57,58.57,156.37,1,-1,-1,-1
386,201,1051.63,321.33,29.89,66.95,1,-1,-1,-1
386,196,746.02,319.57,30.26,71.29,1,-1,-1,-1
386,198,702.09,322.40,26.66,71.91,1,-1,-1,-1
387,104,1193.05,319.19,62.19,153.45,1,-1,-1,-1
387,142,344.70,239.54,197.59,472.53,1,-1,-1,-1
387,166,1358.23,320.76,40.16,123.67,1,-1,-1,-1
387,179,1132.66,302.86,57.45,179.48,1,-1,-1,-1
387,193,938.29,312.60,55.21,146.33,1,-1,-1,-1
387,200,860.47,304.18,58.85,158.84,1,-1,-1,-1
387,201,1052.60,323.26,30.27,66.77,1,-1,-1,-1
387,196,745.30,319.39,31.21,72.83,1,-1,-1,-1
387,198,702.09,320.06,27.67,75.28,1,-1,-1,-1
388,104,1191.65,319.92,62.30,153.37,1,-1,-1,-1
388,142,325.33,235.62,202.77,483.38,1,-1,-1,-1
388,179,1132.35,305.75,57.16,175.91,1,-1,-1,-1
388,193,937.06,311.55,55.92,146.27,1,-1,-1,-1
388,200,860.27,303.13,59.33,157.49,1,-1,-1,-1
388,201,1052.29,322.87,30.18,66.27,1,-1,-1,-1
388,196,743.74,317.87,31.74,74.18,1,-1,-1,-1
388,198,701.19,317.87,28.61,76.55,1,-1,-1,-1
389,104,1191.37,321.94,60.86,150.57,1,-1,-1,-1
389,142,306.77,235.97,204.39,492.72,1,-1,-1,-1
389,179,1131.44,307.90,57.68,174.33,1,-1,-1,-1
389,193,936.43,312.31,55.49,145.26,1,-1,-1,-1
389,200,859.81,303.49,59.54,156.97,1,-1,-1,-1
389,201,1050.99,324.19,30.30,65.87,1,-1,-1,-1
389,196,741.97,319.15,31.82,72.85,1,-1,-1,-1
389,198,700.24,317.00,29.76,77.73,1,-1,-1,-1
389,184,573.95,319.98,37.32,145.84,1,-1,-1,-1
390,104,1191.07,320.68,60.09,148.86,1,-1,-1,-1
390,142,287.07,230.42,211.62,498.09,1,-1,-1,-1
390,179,1131.19,305.07,58.78,176.08,1,-1,-1,-1
390,193,935.97,309.87,55.04,146.95,1,-1,-1,-1
390,200,860.23,301.02,60.06,157.12,1,-1,-1,-1
390,201,1050.76,322.62,29.86,66.15,1,-1,-1,-1
390,196,742.32,316.85,32.09,73.82,1,-1,-1,-1
390,198,700.64,313.62,31.10,79.37,1,-1,-1,-1
390,212,610.97,315.96,33.85,114.62,1,-1,-1,-1
390,184,570.21,316.05,41.77,145.68,1,-1,-1,-1
391,104,1190.44,317.97,59.50,149.30,1,-1,-1,-1
391,142,266.67,229.81,220.83,499.77,1,-1,-1,-1
391,179,1130.56,301.68,59.74,178.83,1,-1,-1,-1
391,193,935.84,309.32,54.91,146.91,1,-1,-1,-1
391,200,860.30,298.69,60.74,159.61,1,-1,-1,-1
391,201,1050.35,321.31,30.10,67.04,1,-1,-1,-1
391,196,741.28,315.54,32.59,75.75,1,-1,-1,-1
391,198,700.78,311.73,32.53,81.27,1,-1,-1,-1
391,212,610.88,311.70,36.19,115.61,1,-1,-1,-1
391,184,568.74,313.31,43.67,145.63,1,-1,-1,-1
392,104,1187.47,314.27,61.35,153.44,1,-1,-1,-1
392,142,235.10,228.81,235.93,513.88,1,-1,-1,-1
392,179,1130.05,298.61,61.02,181.70,1,-1,-1,-1
392,193,935.30,309.84,54.58,145.60,1,-1,-1,-1
392,200,859.33,297.16,61.25,162.71,1,-1,-1,-1
392,201,1050.38,319.92,30.15,67.45,1,-1,-1,-1
392,196,740.12,314.96,32.41,76.43,1,-1,-1,-1
392,198,700.43,312.12,32.27,80.57,1,-1,-1,-1
392,212,610.04,310.64,37.63,113.43,1,-1,-1,-1
392,184,566.56,311.95,44.98,147.41,1,-1,-1,-1
393,104,1186.26,312.15,62.16,154.50,1,-1,-1,-1
393,142,217.82,223.21,241.46,528.71,1,-1,-1,-1
393,179,1129.91,296.44,62.46,182.78,1,-1,-1,-1
393,193,936.05,309.19,55.20,145.54,1,-1,-1,-1
393,200,859.64,295.86,61.49,163.70,1,-1,-1,-1
393,201,1050.37,318.63,30.53,68.67,1,-1,-1,-1
393,196,739.87,314.00,32.75,76.62,1,-1,-1,-1
393,198,700.73,311.10,33.35,80.78,1,-1,-1,-1
393,212,609.96,308.13,40.83,111.65,1,-1,-1,-1
393,184,565.73,310.35,45.87,147.37,1,-1,-1,-1
394,104,1185.56,311.17,63.05,155.47,1,-1,-1,-1
394,142,199.39,221.92,240.39,526.59,1,-1,-1,-1
394,179,1129.42,294.80,63.70,184.87,1,-1,-1,-1
394,193,935.99,308.94,55.68,146.88,1,-1,-1,-1
394,200,859.52,295.79,61.69,164.29,1,-1,-1,-1
394,201,1050.37,318.78,30.50,69.21,1,-1,-1,-1
394,196,739.98,314.67,32.24,76.03,1,-1,-1,-1
394,198,700.68,311.70,33.57,80.27,1,-1,-1,-1
394,212,609.75,307.48,41.60,110.93,1,-1,-1,-1
394,184,564.50,309.21,46.42,148.53,1,-1,-1,-1
395,104,1185.40,312.16,63.37,156.37,1,-1,-1,-1
395,142,189.49,223.72,232.96,533.84,1,-1,-1,-1
395,179,1130.68,295.60,63.37,185.51,1,-1,-1,-1
395,193,935.41,310.65,55.65,146.53,1,-1,-1,-1
395,200,859.65,297.51,61.55,164.17,1,-1,-1,-1
395,201,1051.24,320.66,30.08,68.68,1,-1,-1,-1
395,196,740.28,315.67,30.56,76.26,1,-1,-1,-1
395,198,700.96,313.48,33.44,79.98,1,-1,-1,-1
395,212,608.47,308.53,42.80,113.66,1,-1,-1,-1
395,184,563.17,310.18,46.47,148.69,1,-1,-1,-1
396,104,1185.28,310.17,63.42,156.64,1,-1,-1,-1
396,142,184.70,215.69,222.15,540.70,1,-1,-1,-1
396,179,1133.51,294.44,62.09,185.41,1,-1,-1,-1
396,193,935.46,309.14,56.58,146.73,1,-1,-1,-1
396,200,860.76,296.98,60.56,162.93,1,-1,-1,-1
396,201,1051.67,319.14,30.15,69.59,1,-1,-1,-1
396,196,740.41,313.63,30.50,76.87,1,-1,-1,-1
396,198,700.50,312.40,33.67,79.72,1,-1,-1,-1
396,212,607.60,307.58,43.01,110.98,1,-1,-1,-1
396,184,563.70,308.07,45.08,147.35,1,-1,-1,-1
397,104,1188.08,310.79,63.53,154.45,1,-1,-1,-1
397,142,178.81,213.21,209.20,559.06,1,-1,-1,-1
397,179,1137.16,295.67,60.95,183.00,1,-1,-1,-1
397,193,936.77,307.53,57.08,149.16,1,-1,-1,-1
397,200,861.31,298.35,60.07,160.74,1,-1,-1,-1
397,201,1054.68,318.34,29.89,71.84,1,-1,-1,-1
397,196,739.43,313.70,27.92,73.81,1,-1,-1,-1
397,198,702.77,313.25,32.03,77.37,1,-1,-1,-1
397,212,609.31,309.80,44.81,111.81,1,-1,-1,-1
397,184,563.49,309.87,44.40,146.26,1,-1,-1,-1
397,211,354.19,254.50,123.22,332.93,1,-1,-1,-1
398,104,1192.83,312.24,62.46,154.93,1,-1,-1,-1
398,142,177.40,208.99,188.75,569.25,1,-1,-1,-1
398,179,1141.10,296.94,60.60,181.09,1,-1,-1,-1
398,193,940.85,308.08,56.83,149.26,1,-1,-1,-1
398,200,863.09,299.57,58.91,158.49,1,-1,-1,-1
398,201,1058.43,320.28,29.21,69.13,1,-1,-1,-1
398,196,738.64,313.90,31.38,76.66,1,-1,-1,-1
398,198,702.36,313.41,32.25,78.49,1,-1,-1,-1
398,212,611.28,310.33,44.33,113.65,1,-1,-1,-1
398,184,565.14,310.99,45.78,147.43,1,-1,-1,-1
398,211,349.83,256.24,129.62,332.85,1,-1,-1,-1
399,104,1196.64,311.04,61.61,149.96,1,-1,-1,-1
399,142,156.53,205.61,197.36,574.94,1,-1,-1,-1
399,179,1144.08,294.42,65.06,183.97,1,-1,-1,-1
399,193,941.44,303.06,59.26,154.26,1,-1,-1,-1
399,200,863.18,295.28,59.90,162.21,1,-1,-1,-1
399,201,1062.47,318.09,29.36,67.58,1,-1,-1,-1
399,196,740.34,313.09,31.50,75.48,1,-1,-1,-1
399,198,702.27,312.93,32.33,80.69,1,-1,-1,-1
399,212,613.50,307.39,45.27,114.89,1,-1,-1,-1
399,184,566.45,308.23,44.39,144.26,1,-1,-1,-1
399,211,349.39,250.08,129.55,343.10,1,-1,-1,-1
400,104,1199.34,312.43,61.51,151.31,1,-1,-1,-1
400,142,122.64,197.16,208.35,589.58,1,-1,-1,-1
400,179,1146.75,293.35,63.11,184.62,1,-1,-1,-1
400,193,942.06,304.86,58.69,151.78,1,-1,-1,-1
400,200,862.72,296.94,59.17,159.00,1,-1,-1,-1
400,201,1063.21,315.50,30.03,69.27,1,-1,-1,-1
400,196,738.40,311.54,32.54,76.34,1,-1,-1,-1
400,198,701.69,311.62,31.18,79.10,1,-1,-1,-1
400,212,613.32,308.11,44.96,113.16,1,-1,-1,-1
400,184,564.73,307.07,44.65,145.94,1,-1,-1,-1
400,211,348.43,252.92,129.38,341.14,1,-1,-1,-1
400,213,1012.99,323.79,23.99,46.43,1,-1,-1,-1
401,104,1204.30,310.12,61.25,150.75,1,-1,-1,-1
401,142,86.77,193.40,233.81,592.27,1,-1,-1,-1
401,179,1152.14,291.22,60.66,186.23,1,-1,-1,-1
401,193,944.12,302.05,58.95,153.88,1,-1,-1,-1
401,200,863.56,293.75,60.00,161.28,1,-1,-1,-1
401,201,1065.52,314.51,30.93,68.64,1,-1,-1,-1
401,196,739.72,308.70,31.35,74.15,1,-1,-1,-1
401,198,700.68,309.74,31.32,79.72,1,-1,-1,-1
401,212,614.63,304.29,45.09,115.39,1,-1,-1,-1
401,184,565.81,304.96,45.19,145.23,1,-1,-1,-1
401,211,351.95,248.53,126.84,341.38,1,-1,-1,-1
401,213,1007.12,322.74,23.76,46.28,1,-1,-1,-1
402,104,1208.38,306.10,62.17,150.78,1,-1,-1,-1
402,142,47.87,186.15,255.42,609.60,1,-1,-1,-1
402,179,1159.07,286.22,59.19,186.08,1,-1,-1,-1
402,193,949.02,297.93,58.53,154.77,1,-1,-1,-1
402,200,861.85,287.71,59.92,164.18,1,-1,-1,-1
402,201,1069.27,310.96,30.99,67.53,1,-1,-1,-1
402,196,738.93,303.11,33.51,76.79,1,-1,-1,-1
402,198,700.57,305.94,31.28,80.04,1,-1,-1,-1
402,212,616.96,301.21,44.37,116.58,1,-1,-1,-1
402,184,565.22,298.52,46.95,148.97,1,-1,-1,-1
402,211,345.45,239.99,134.04,352.67,1,-1,-1,-1
402,213,1005.90,310.01,29.38,61.93,1,-1,-1,-1
403,104,1208.59,303.70,61.93,151.12,1,-1,-1,-1
403,142,18.61,188.30,266.87,612.48,1,-1,-1,-1
403,179,1160.88,284.06,57.00,185.89,1,-1,-1,-1
403,193,948.06,296.27,58.90,153.33,1,-1,-1,-1
403,200,859.25,285.07,59.97,165.02,1,-1,-1,-1
403,201,1070.03,308.27,31.10,67.21,1,-1,-1,-1
403,196,738.35,302.13,32.78,74.76,1,-1,-1,-1
403,198,699.88,304.35,30.57,79.23,1,-1,-1,-1
403,212,617.49,300.62,43.62,113.56,1,-1,-1,-1
403,184,564.09,296.81,47.06,146.75,1,-1,-1,-1
403,211,333.78,234.37,145.80,362.77,1,-1,-1,-1
404,104,1209.10,299.22,61.64,154.33,1,-1,-1,-1
404,142,-0.77,174.88,277.91,638.84,1,-1,-1,-1
404,179,1162.59,280.69,57.01,186.95,1,-1,-1,-1
404,193,949.52,293.13,58.18,152.65,1,-1,-1,-1
404,200,858.33,282.43,59.13,165.41,1,-1,-1,-1
404,201,1073.11,306.15,30.35,65.31,1,-1,-1,-1
404,196,738.81,299.68,31.41,73.71,1,-1,-1,-1
404,198,700.47,301.16,30.90,79.59,1,-1,-1,-1
404,212,618.75,298.03,44.25,113.62,1,-1,-1,-1
404,184,564.16,293.32,46.30,145.98,1,-1,-1,-1
404,211,322.83,232.87,157.96,364.31,1,-1,-1,-1
405,104,1208.35,297.87,61.37,155.66,1,-1,-1,-1
405,142,-8.48,175.79,277.00,646.03,1,-1,-1,-1
405,179,1163.97,279.36,56.99,190.17,1,-1,-1,-1
405,193,950.44,293.11,58.00,152.23,1,-1,-1,-1
405,200,857.17,281.46,59.58,164.74,1,-1,-1,-1
405,201,1074.61,304.37,29.94,65.83,1,-1,-1,-1
405,196,738.74,298.06,31.37,75.08,1,-1,-1,-1
405,198,698.87,297.49,31.71,83.25,1,-1,-1,-1
405,212,619.99,296.48,43.96,112.68,1,-1,-1,-1
405,184,563.85,292.41,46.08,147.07,1,-1,-1,-1
405,211,319.67,228.58,158.56,372.44,1,-1,-1,-1
406,104,1207.36,296.60,61.33,156.74,1,-1,-1,-1
406,142,-10.44,181.92,269.02,643.46,1,-1,-1,-1
406,179,1164.62,278.52,56.47,191.28,1,-1,-1,-1
406,193,950.73,293.04,57.86,151.92,1,-1,-1,-1
406,200,856.63,280.61,59.56,165.19,1,-1,-1,-1
406,201,1074.85,303.69,29.52,64.73,1,-1,-1,-1
406,196,738.26,296.97,31.55,75.23,1,-1,-1,-1
406,198,698.29,296.35,31.95,84.45,1,-1,-1,-1
406,212,619.84,296.02,44.10,112.61,1,-1,-1,-1
406,184,562.84,292.54,46.33,146.61,1,-1,-1,-1
406,211,308.73,231.39,167.23,364.95,1,-1,-1,-1
407,104,1208.39,295.12,61.23,159.63,1,-1,-1,-1
407,142,-7.44,179.84,246.85,648.50,1,-1,-1,-1
407,179,1168.60,275.40,54.83,193.53,1,-1,-1,-1
407,193,952.65,293.10,57.11,150.52,1,-1,-1,-1
407,200,857.38,279.26,59.05,165.33,1,-1,-1,-1
407,201,1079.90,301.23,28.89,66.39,1,-1,-1,-1
407,196,738.07,293.58,29.55,75.21,1,-1,-1,-1
407,198,700.18,293.60,32.41,84.88,1,-1,-1,-1
407,212,623.66,294.53,43.11,113.21,1,-1,-1,-1
407,184,563.36,290.67,47.18,147.67,1,-1,-1,-1
407,211,306.24,227.34,171.28,372.19,1,-1,-1,-1
408,104,1207.95,296.66,60.70,159.91,1,-1,-1,-1
408,142,-6.58,182.84,229.41,650.58,1,-1,-1,-1
408,179,1170.51,277.47,55.38,193.79,1,-1,-1,-1
408,193,952.91,296.42,55.74,148.71,1,-1,-1,-1
408,200,857.05,280.13,60.50,164.70,1,-1,-1,-1
408,201,1081.16,302.54,28.60,68.46,1,-1,-1,-1
408,196,737.82,295.12,31.45,74.86,1,-1,-1,-1
408,198,700.11,295.06,33.27,83.50,1,-1,-1,-1
408,212,624.94,294.38,42.89,112.01,1,-1,-1,-1
408,184,562.21,291.62,48.59,147.54,1,-1,-1,-1
408,211,306.62,224.92,168.02,375.39,1,-1,-1,-1
409,104,1208.15,299.10,59.76,159.02,1,-1,-1,-1
409,179,1173.21,281.16,55.04,192.28,1,-1,-1,-1
409,193,951.24,298.73,55.96,149.19,1,-1,-1,-1
409,200,857.42,282.02,60.37,164.19,1,-1,-1,-1
409,201,1081.63,304.24,28.27,69.39,1,-1,-1,-1
409,196,737.15,296.95,32.08,75.07,1,-1,-1,-1
409,198,699.73,296.72,33.48,82.03,1,-1,-1,-1
409,212,625.89,294.98,42.54,110.70,1,-1,-1,-1
409,184,560.00,291.76,48.97,149.82,1,-1,-1,-1
409,211,307.49,224.98,164.65,372.30,1,-1,-1,-1
410,104,1208.21,298.26,60.08,161.59,1,-1,-1,-1
410,179,1177.89,280.59,52.50,195.41,1,-1,-1,-1
410,193,949.93,299.99,55.50,145.80,1,-1,-1,-1
410,200,858.84,283.45,59.58,164.09,1,-1,-1,-1
410,201,1083.61,304.97,27.94,69.35,1,-1,-1,-1
410,196,737.03,297.70,32.25,76.28,1,-1,-1,-1
410,198,699.38,297.80,33.09,80.74,1,-1,-1,-1
410,212,627.98,295.65,42.00,108.50,1,-1,-1,-1
410,184,558.42,291.13,50.08,153.52,1,-1,-1,-1
410,211,308.86,224.26,161.39,372.17,1,-1,-1,-1
411,104,1207.40,296.72,57.61,163.53,1,-1,-1,-1
411,179,1179.03,283.91,54.64,195.50,1,-1,-1,-1
411,193,946.57,299.12,56.33,146.83,1,-1,-1,-1
411,200,862.40,285.36,59.81,163.72,1,-1,-1,-1
411,201,1083.41,306.57,29.33,72.80,1,-1,-1,-1
411,196,736.65,298.81,31.82,75.26,1,-1,-1,-1
411,198,699.90,299.91,31.58,79.89,1,-1,-1,-1
411,212,627.51,297.29,43.10,107.32,1,-1,-1,-1
411,184,554.72,293.06,53.16,156.57,1,-1,-1,-1
411,211,305.08,231.48,162.92,370.38,1,-1,-1,-1
411,213,991.76,308.46,29.75,65.03,1,-1,-1,-1
412,104,1208.36,301.67,57.94,165.49,1,-1,-1,-1
412,179,1181.66,289.04,53.91,196.25,1,-1,-1,-1
412,193,947.06,304.09,56.17,146.81,1,-1,-1,-1
412,200,861.93,291.88,58.61,163.05,1,-1,-1,-1
412,201,1084.38,311.98,29.74,72.90,1,-1,-1,-1
412,196,734.97,305.09,32.14,76.25,1,-1,-1,-1
412,198,700.94,305.34,30.21,77.84,1,-1,-1,-1
412,212,628.55,302.50,41.93,106.07,1,-1,-1,-1
412,184,551.48,298.13,55.00,157.89,1,-1,-1,-1
412,211,296.18,234.39,172.59,375.22,1,-1,-1,-1
412,213,994.48,313.51,29.43,65.25,1,-1,-1,-1
413,104,1210.62,300.19,55.11,164.63,1,-1,-1,-1
413,179,1183.12,290.20,55.57,198.38,1,-1,-1,-1
413,193,949.81,304.42,55.60,146.54,1,-1,-1,-1
413,200,861.40,291.68,60.07,164.04,1,-1,-1,-1
413,201,1085.30,312.32,29.94,74.45,1,-1,-1,-1
413,196,735.45,305.88,32.83,77.04,1,-1,-1,-1
413,198,703.52,305.50,29.35,76.22,1,-1,-1,-1
413,212,629.82,303.43,41.47,104.02,1,-1,-1,-1
413,184,551.73,297.35,54.33,161.24,1,-1,-1,-1
413,211,295.64,233.32,173.39,377.79,1,-1,-1,-1
413,213,995.99,312.92,32.89,68.71,1,-1,-1,-1
414,179,1184.63,294.91,56.33,198.68,1,-1,-1,-1
414,193,950.39,306.65,55.13,149.17,1,-1,-1,-1
414,200,859.89,296.02,60.61,161.09,1,-1,-1,-1
414,201,1085.98,317.76,29.76,73.58,1,-1,-1,-1
414,196,734.15,308.63,34.07,77.20,1,-1,-1,-1
414,198,711.60,308.80,27.15,73.81,1,-1,-1,-1
414,212,629.75,306.08,42.51,105.71,1,-1,-1,-1
414,184,554.66,301.43,50.68,160.51,1,-1,-1,-1
414,211,293.03,239.10,174.81,381.75,1,-1,-1,-1
414,213,993.62,317.98,31.41,69.95,1,-1,-1,-1
415,179,1187.38,295.56,56.82,199.16,1,-1,-1,-1
415,193,950.17,308.54,55.30,149.23,1,-1,-1,-1
415,200,859.43,297.09,60.76,161.84,1,-1,-1,-1
415,201,1087.33,317.68,30.12,75.13,1,-1,-1,-1
415,196,733.66,310.32,32.36,76.59,1,-1,-1,-1
415,198,715.53,310.92,26.60,72.00,1,-1,-1,-1
415,212,629.37,307.66,42.92,106.29,1,-1,-1,-1
415,184,555.14,303.90,48.69,158.67,1,-1,-1,-1
415,211,291.75,241.17,175.72,386.16,1,-1,-1,-1
415,213,995.50,320.15,29.54,65.11,1,-1,-1,-1
416,179,1188.53,295.32,58.12,200.64,1,-1,-1,-1
416,193,950.62,311.02,54.89,147.41,1,-1,-1,-1
416,200,860.25,297.75,60.33,160.74,1,-1,-1,-1
416,201,1087.58,319.70,29.95,74.07,1,-1,-1,-1
416,196,733.63,312.45,32.03,75.83,1,-1,-1,-1
416,212,629.35,308.32,43.04,105.93,1,-1,-1,-1
416,184,554.63,305.33,47.00,157.67,1,-1,-1,-1
416,211,290.21,239.81,179.19,387.38,1,-1,-1,-1
416,213,994.11,321.25,30.36,67.00,1,-1,-1,-1
417,179,1190.26,295.35,60.66,201.73,1,-1,-1,-1
417,193,948.41,312.99,56.45,146.74,1,-1,-1,-1
417,200,860.60,298.09,60.76,161.87,1,-1,-1,-1
417,201,1088.40,321.94,29.22,71.18,1,-1,-1,-1
417,196,733.43,314.71,31.83,75.54,1,-1,-1,-1
417,212,629.88,309.96,43.04,106.35,1,-1,-1,-1
417,184,551.86,307.43,46.70,159.47,1,-1,-1,-1
417,211,289.92,244.73,181.29,379.17,1,-1,-1,-1
417,213,994.70,323.06,30.71,65.01,1,-1,-1,-1
418,179,1190.63,293.89,62.83,202.63,1,-1,-1,-1
418,193,947.12,311.88,56.96,147.11,1,-1,-1,-1
418,200,861.98,297.09,61.10,162.85,1,-1,-1,-1
418,201,1088.62,320.91,29.42,71.32,1,-1,-1,-1
418,196,732.70,315.49,31.52,73.41,1,-1,-1,-1
418,212,629.82,309.14,43.83,106.76,1,-1,-1,-1
418,184,550.46,307.37,46.04,158.49,1,-1,-1,-1
418,211,290.52,244.34,181.98,380.36,1,-1,-1,-1
418,213,996.35,323.03,30.54,62.49,1,-1,-1,-1
419,179,1191.05,293.68,64.59,203.59,1,-1,-1,-1
419,193,946.91,313.70,56.06,146.32,1,-1,-1,-1
419,200,861.92,297.49,61.12,164.15,1,-1,-1,-1
419,201,1088.88,320.88,29.25,70.64,1,-1,-1,-1
419,196,732.58,316.78,30.34,72.47,1,-1,-1,-1
419,212,630.50,311.19,43.22,105.39,1,-1,-1,-1
419,184,547.10,310.36,47.37,158.57,1,-1,-1,-1
419,211,292.72,243.03,184.19,390.94,1,-1,-1,-1
419,213,997.42,324.10,30.08,60.74,1,-1,-1,-1
419,216,247.19,304.72,69.07,155.22,1,-1,-1,-1
420,179,1190.81,292.05,65.48,205.98,1,-1,-1,-1
420,193,947.14,313.23,56.30,147.71,1,-1,-1,-1
420,200,862.05,297.52,61.03,164.19,1,-1,-1,-1
420,201,1088.68,320.51,29.42,71.66,1,-1,-1,-1
420,196,731.46,317.46,29.46,71.48,1,-1,-1,-1
420,212,631.11,310.59,43.79,106.64,1,-1,-1,-1
420,184,544.20,309.75,48.39,160.24,1,-1,-1,-1
420,211,292.62,243.97,184.37,390.60,1,-1,-1,-1
420,213,995.85,323.13,30.21,62.52,1,-1,-1,-1
420,216,242.58,306.25,67.83,156.58,1,-1,-1,-1
421,179,1191.10,291.96,64.16,207.45,1,-1,-1,-1
421,193,946.88,313.74,56.26,148.55,1,-1,-1,-1
421,200,861.48,298.79,60.82,163.98,1,-1,-1,-1
421,201,1088.11,320.72,29.51,71.83,1,-1,-1,-1
421,196,730.66,319.02,28.90,71.19,1,-1,-1,-1
421,212,631.23,313.45,42.99,105.37,1,-1,-1,-1
421,184,540.49,311.63,49.38,161.50,1,-1,-1,-1
421,211,290.36,245.53,188.68,393.28,1,-1,-1,-1
421,213,995.01,323.89,30.23,62.96,1,-1,-1,-1
421,216,236.51,310.16,68.08,156.21,1,-1,-1,-1
422,179,1194.66,292.46,59.44,209.82,1,-1,-1,-1
422,193,948.48,315.56,55.56,148.47,1,-1,-1,-1
422,200,861.87,301.87,59.92,163.09,1,-1,-1,-1
422,201,1088.22,321.15,30.66,74.74,1,-1,-1,-1
422,196,729.15,321.05,29.50,71.11,1,-1,-1,-1
422,212,632.27,317.73,42.62,106.37,1,-1,-1,-1
422,184,536.70,316.56,51.56,160.01,1,-1,-1,-1
422,211,288.64,250.62,188.55,391.48,1,-1,-1,-1
422,213,997.00,321.99,30.42,67.20,1,-1,-1,-1
422,216,224.30,314.59,70.14,155.83,1,-1,-1,-1
422,198,715.53,321.15,25.89,71.89,1,-1,-1,-1
423,179,1198.10,293.09,56.13,213.64,1,-1,-1,-1
423,193,949.71,316.66,55.03,148.36,1,-1,-1,-1
423,200,861.62,303.43,59.90,164.48,1,-1,-1,-1
423,201,1089.02,324.26,30.87,72.94,1,-1,-1,-1
423,196,729.60,322.48,29.64,72.61,1,-1,-1,-1
423,212,633.29,321.15,42.68,106.15,1,-1,-1,-1
423,184,535.56,318.77,51.61,158.55,1,-1,-1,-1
423,211,289.71,255.04,187.40,393.29,1,-1,-1,-1
423,213,992.52,323.31,31.67,70.91,1,-1,-1,-1
423,216,213.15,316.39,71.22,158.87,1,-1,-1,-1
423,217,916.08,339.78,44.28,84.79,1,-1,-1,-1
424,179,1200.29,291.99,54.00,215.82,1,-1,-1,-1
424,193,950.65,315.50,55.81,150.73,1,-1,-1,-1
424,200,860.81,304.95,60.45,165.29,1,-1,-1,-1
424,201,1090.11,326.32,32.50,72.57,1,-1,-1,-1
424,196,728.72,324.83,29.35,71.01,1,-1,-1,-1
424,212,633.31,322.42,43.81,107.29,1,-1,-1,-1
424,184,532.47,320.48,52.95,156.50,1,-1,-1,-1
424,211,288.77,255.21,188.57,391.69,1,-1,-1,-1
424,213,987.13,323.03,35.65,81.31,1,-1,-1,-1
424,216,202.06,315.18,74.28,159.85,1,-1,-1,-1
424,217,917.72,338.91,45.01,87.71,1,-1,-1,-1
425,179,1202.13,297.17,54.10,212.35,1,-1,-1,-1
425,193,951.50,316.91,56.37,152.33,1,-1,-1,-1
425,200,861.21,308.33,58.63,166.22,1,-1,-1,-1
425,201,1091.61,327.15,32.63,71.74,1,-1,-1,-1
425,196,725.91,327.08,29.88,71.01,1,-1,-1,-1
425,212,634.12,326.52,43.48,103.08,1,-1,-1,-1
425,184,531.46,325.27,53.19,150.37,1,-1,-1,-1
425,211,298.02,255.78,182.86,396.42,1,-1,-1,-1
425,213,991.91,326.63,33.66,76.31,1,-1,-1,-1
425,216,195.83,318.53,76.31,160.13,1,-1,-1,-1
425,217,910.97,339.16,49.94,85.03,1,-1,-1,-1
426,179,1203.76,295.79,56.55,214.71,1,-1,-1,-1
426,193,952.87,315.48,56.12,155.19,1,-1,-1,-1
426,200,860.36,307.24,59.87,168.79,1,-1,-1,-1
426,201,1092.29,328.93,33.15,70.91,1,-1,-1,-1
426,196,727.14,329.13,30.18,71.43,1,-1,-1,-1
426,212,634.86,325.96,42.71,103.17,1,-1,-1,-1
426,184,530.09,323.51,52.74,153.62,1,-1,-1,-1
426,211,300.75,256.50,182.45,400.04,1,-1,-1,-1
426,216,185.56,317.91,82.04,159.56,1,-1,-1,-1
426,217,910.16,338.35,46.16,84.04,1,-1,-1,-1
427,179,1208.43,297.59,57.65,215.22,1,-1,-1,-1
427,193,956.12,318.55,56.80,153.91,1,-1,-1,-1
427,200,862.83,309.35,59.98,168.25,1,-1,-1,-1
427,201,1097.00,330.48,33.34,68.45,1,-1,-1,-1
427,212,641.06,327.79,41.96,102.84,1,-1,-1,-1
427,184,529.46,324.91,53.97,154.29,1,-1,-1,-1
427,211,305.55,257.28,181.80,404.46,1,-1,-1,-1
427,216,178.35,323.81,86.57,162.07,1,-1,-1,-1
427,217,910.01,342.08,50.69,80.80,1,-1,-1,-1
427,220,264.52,328.45,52.02,145.16,1,-1,-1,-1
427,198,722.27,330.60,30.74,77.38,1,-1,-1,-1
428,179,1208.98,295.31,58.32,217.78,1,-1,-1,-1
428,193,955.93,319.04,56.07,152.86,1,-1,-1,-1
428,200,861.82,310.00,60.22,166.57,1,-1,-1,-1
428,201,1096.89,331.13,32.62,66.37,1,-1,-1,-1
428,212,641.13,326.57,42.67,102.77,1,-1,-1,-1
428,184,527.19,323.16,51.89,158.59,1,-1,-1,-1
428,211,308.88,258.49,185.72,404.72,1,-1,-1,-1
428,216,172.36,323.81,88.98,160.18,1,-1,-1,-1
428,217,910.19,346.52,50.21,74.34,1,-1,-1,-1
428,220,257.58,328.67,59.78,146.48,1,-1,-1,-1
428,222,1042.68,338.24,21.76,42.40,1,-1,-1,-1
428,198,724.68,331.23,30.18,75.80,1,-1,-1,-1
429,179,1211.39,294.84,58.95,218.47,1,-1,-1,-1
429,193,958.49,318.84,56.09,151.50,1,-1,-1,-1
429,200,863.74,310.21,59.48,162.63,1,-1,-1,-1
429,201,1098.53,329.47,32.93,67.34,1,-1,-1,-1
429,212,644.18,326.60,42.75,103.10,1,-1,-1,-1
429,184,528.65,322.52,51.03,159.92,1,-1,-1,-1
429,211,313.21,256.17,183.94,406.20,1,-1,-1,-1
429,216,166.73,326.01,91.16,159.32,1,-1,-1,-1
429,217,914.51,345.55,46.31,74.24,1,-1,-1,-1
429,220,256.12,329.68,63.13,149.21,1,-1,-1,-1
429,222,1037.49,336.64,22.12,44.58,1,-1,-1,-1
429,198,726.50,332.55,30.61,73.52,1,-1,-1,-1
430,179,1213.98,292.40,57.80,218.11,1,-1,-1,-1
430,193,960.23,316.85,55.79,151.26,1,-1,-1,-1
430,200,863.76,308.58,60.23,159.43,1,-1,-1,-1
430,201,1099.84,325.94,32.11,69.14,1,-1,-1,-1
430,212,646.31,324.95,42.16,103.56,1,-1,-1,-1
430,184,527.64,321.01,50.79,163.53,1,-1,-1,-1
430,211,319.46,258.21,186.63,402.44,1,-1,-1,-1
430,216,162.97,324.36,92.35,161.08,1,-1,-1,-1
430,217,917.01,343.21,43.91,75.15,1,-1,-1,-1
430,220,253.96,327.71,65.65,152.25,1,-1,-1,-1
430,222,1032.82,332.85,21.77,47.29,1,-1,-1,-1
430,198,727.99,330.68,30.42,75.10,1,-1,-1,-1
430,213,1000.96,325.79,41.69,72.42,1,-1,-1,-1
431,179,1215.57,289.11,57.27,220.01,1,-1,-1,-1
431,193,960.47,316.33,55.40,150.87,1,-1,-1,-1
431,200,863.13,305.66,60.56,162.92,1,-1,-1,-1
431,201,1100.93,323.25,32.38,70.40,1,-1,-1,-1
431,212,646.65,324.67,41.33,103.39,1,-1,-1,-1
431,184,525.49,320.71,51.69,161.92,1,-1,-1,-1
431,211,323.06,255.11,187.90,408.55,1,-1,-1,-1
431,216,158.21,323.99,95.30,164.62,1,-1,-1,-1
431,217,917.25,340.99,42.36,76.98,1,-1,-1,-1
431,220,250.25,327.28,68.01,153.44,1,-1,-1,-1
431,222,1027.45,331.12,22.09,48.21,1,-1,-1,-1
431,198,725.60,329.90,30.45,74.54,1,-1,-1,-1
432,179,1217.67,285.72,57.26,220.75,1,-1,-1,-1
432,193,959.30,312.88,54.79,150.21,1,-1,-1,-1
432,200,860.36,300.61,60.68,163.91,1,-1,-1,-1
432,201,1100.41,319.54,32.41,70.87,1,-1,-1,-1
432,212,644.07,320.97,41.96,105.39,1,-1,-1,-1
432,184,521.22,315.54,52.15,171.40,1,-1,-1,-1
432,211,327.29,251.30,190.80,411.44,1,-1,-1,-1
432,216,145.23,321.78,100.65,162.09,1,-1,-1,-1
432,217,916.68,338.60,42.25,74.75,1,-1,-1,-1
432,220,236.97,322.08,72.94,152.37,1,-1,-1,-1
432,222,1031.09,326.89,20.75,46.70,1,-1,-1,-1
432,198,723.29,326.44,29.66,73.37,1,-1,-1,-1
432,224,707.21,327.02,28.96,71.04,1,-1,-1,-1
433,179,1219.08,285.77,57.67,221.49,1,-1,-1,-1
433,193,957.97,311.05,54.63,151.89,1,-1,-1,-1
433,200,857.90,301.32,61.06,162.83,1,-1,-1,-1
433,201,1099.67,316.49,33.08,74.31,1,-1,-1,-1
433,212,642.53,320.73,41.73,105.64,1,-1,-1,-1
433,184,520.04,317.10,50.41,170.96,1,-1,-1,-1
433,211,328.40,250.79,185.43,416.96,1,-1,-1,-1
433,216,134.86,321.40,98.96,164.32,1,-1,-1,-1
433,217,913.89,339.60,44.89,68.78,1,-1,-1,-1
433,220,230.97,321.09,71.68,151.83,1,-1,-1,-1
433,222,1032.57,325.66,19.98,45.88,1,-1,-1,-1
433,198,720.49,325.75,30.01,73.62,1,-1,-1,-1
434,179,1217.01,284.66,59.41,223.09,1,-1,-1,-1
434,193,953.95,313.09,54.64,150.06,1,-1,-1,-1
434,200,854.23,299.22,62.05,167.72,1,-1,-1,-1
434,201,1098.09,316.16,33.39,75.98,1,-1,-1,-1
434,212,640.11,321.31,41.98,105.99,1,-1,-1,-1
434,184,517.71,317.35,48.85,173.91,1,-1,-1,-1
434,211,326.55,252.31,184.07,418.62,1,-1,-1,-1
434,216,122.41,319.89,95.57,168.49,1,-1,-1,-1
434,217,910.57,341.74,46.03,70.32,1,-1,-1,-1
434,220,221.98,322.85,71.72,149.10,1,-1,-1,-1
434,222,1030.50,325.35,19.81,45.91,1,-1,-1,-1
434,198,716.49,326.61,29.93,74.23,1,-1,-1,-1
434,213,999.89,313.69,33.14,69.58,1,-1,-1,-1
435,179,1216.46,285.28,58.87,222.79,1,-1,-1,-1
435,193,950.04,313.52,55.54,149.15,1,-1,-1,-1
435,200,851.36,298.84,62.17,166.39,1,-1,-1,-1
435,201,1096.46,316.06,33.67,76.94,1,-1,-1,-1
435,212,637.63,320.81,42.11,106.57,1,-1,-1,-1
435,184,514.09,316.45,49.11,173.92,1,-1,-1,-1
435,211,326.62,244.29,186.30,418.69,1,-1,-1,-1
435,216,113.56,320.68,93.45,166.11,1,-1,-1,-1
435,217,909.46,339.77,45.78,72.28,1,-1,-1,-1
435,220,213.65,321.72,75.57,149.56,1,-1,-1,-1
435,222,1031.09,324.57,19.75,44.53,1,-1,-1,-1
435,198,714.15,325.25,30.20,74.00,1,-1,-1,-1
435,225,1044.47,325.62,19.80,41.23,1,-1,-1,-1
435,213,999.57,317.80,31.12,63.67,1,-1,-1,-1
436,179,1215.32,283.96,59.80,225.12,1,-1,-1,-1
436,193,947.83,311.96,56.33,149.04,1,-1,-1,-1
436,200,850.26,297.76,61.62,164.75,1,-1,-1,-1
436,201,1095.46,315.82,33.74,76.12,1,-1,-1,-1
436,212,636.26,319.53,41.67,106.08,1,-1,-1,-1
436,184,511.20,314.59,49.27,171.67,1,-1,-1,-1
436,211,324.46,247.48,192.63,415.39,1,-1,-1,-1
436,216,101.55,317.72,92.54,168.40,1,-1,-1,-1
436,217,909.35,338.74,44.38,71.18,1,-1,-1,-1
436,220,209.24,320.77,74.23,149.60,1,-1,-1,-1
436,222,1032.14,324.42,20.38,44.21,1,-1,-1,-1
436,198,714.65,323.95,30.39,72.59,1,-1,-1,-1
436,225,1048.18,324.60,20.27,42.09,1,-1,-1,-1
436,213,1000.30,318.65,29.95,62.14,1,-1,-1,-1
437,179,1211.58,285.88,61.12,226.01,1,-1,-1,-1
437,193,943.09,312.87,56.89,149.57,1,-1,-1,-1
437,200,846.08,300.91,62.59,162.90,1,-1,-1,-1
437,201,1093.49,319.32,32.77,73.95,1,-1,-1,-1
437,212,632.75,321.97,41.57,106.25,1,-1,-1,-1
437,184,503.04,319.32,48.73,166.04,1,-1,-1,-1
437,211,319.66,248.81,200.75,424.56,1,-1,-1,-1
437,216,83.56,317.27,92.35,172.25,1,-1,-1,-1
437,217,910.26,333.04,44.04,83.05,1,-1,-1,-1
437,220,197.83,321.99,73.01,149.72,1,-1,-1,-1
437,222,1031.17,327.41,20.48,43.42,1,-1,-1,-1
437,198,710.95,326.19,30.19,70.53,1,-1,-1,-1
437,225,1048.14,328.13,21.20,42.53,1,-1,-1,-1
437,213,998.74,322.29,27.98,60.63,1,-1,-1,-1
437,224,674.28,322.58,31.94,77.29,1,-1,-1,-1
438,179,1206.04,285.65,65.81,227.85,1,-1,-1,-1
438,193,940.57,313.03,56.71,149.29,1,-1,-1,-1
438,200,844.37,303.24,61.24,161.31,1,-1,-1,-1
438,201,1091.09,321.56,33.09,73.19,1,-1,-1,-1
438,212,629.55,322.92,41.63,105.12,1,-1,-1,-1
438,184,499.19,321.99,48.14,166.22,1,-1,-1,-1
438,211,312.75,244.45,210.31,425.92,1,-1,-1,-1
438,216,73.98,314.94,94.15,173.57,1,-1,-1,-1
438,220,189.12,321.07,72.71,150.13,1,-1,-1,-1
438,198,708.04,326.07,28.81,70.74,1,-1,-1,-1
438,225,1042.28,329.41,20.73,40.90,1,-1,-1,-1
438,213,996.08,323.93,27.24,59.88,1,-1,-1,-1
438,224,678.77,324.96,31.28,76.30,1,-1,-1,-1
439,179,1200.28,284.95,71.99,233.95,1,-1,-1,-1
439,193,939.64,314.70,55.63,149.19,1,-1,-1,-1
439,200,843.33,306.60,61.30,161.65,1,-1,-1,-1
439,201,1089.81,323.05,33.27,74.69,1,-1,-1,-1
439,212,626.61,323.95,42.53,105.42,1,-1,-1,-1
439,211,318.87,243.93,201.42,427.32,1,-1,-1,-1
439,216,61.71,320.12,93.75,167.51,1,-1,-1,-1
439,220,182.22,320.67,74.17,156.34,1,-1,-1,-1
439,198,705.96,328.06,28.87,72.02,1,-1,-1,-1
439,225,1045.64,330.92,20.71,40.84,1,-1,-1,-1
439,213,996.05,326.08,27.34,59.58,1,-1,-1,-1
439,224,674.34,328.63,30.61,74.76,1,-1,-1,-1
440,179,1200.54,287.80,69.96,231.96,1,-1,-1,-1
440,193,937.30,316.32,54.68,149.41,1,-1,-1,-1
440,200,840.37,308.13,60.06,165.44,1,-1,-1,-1
440,201,1086.73,326.37,32.37,73.60,1,-1,-1,-1
440,212,624.67,325.20,42.55,104.53,1,-1,-1,-1
440,211,313.82,242.68,207.76,431.64,1,-1,-1,-1
440,216,51.08,319.88,94.92,172.06,1,-1,-1,-1
440,220,175.97,321.90,68.83,155.49,1,-1,-1,-1
440,198,697.49,328.85,30.87,73.62,1,-1,-1,-1
440,213,995.08,329.48,26.22,57.54,1,-1,-1,-1
441,179,1207.51,288.95,62.22,233.60,1,-1,-1,-1
441,193,938.44,319.92,50.68,147.56,1,-1,-1,-1
441,200,840.07,308.69,59.82,165.45,1,-1,-1,-1
441,201,1087.38,328.07,32.01,73.79,1,-1,-1,-1
441,212,623.71,326.39,42.67,103.76,1,-1,-1,-1
441,211,318.07,243.36,210.34,431.95,1,-1,-1,-1
441,216,42.72,324.03,95.77,170.94,1,-1,-1,-1
441,220,168.20,323.55,70.32,157.06,1,-1,-1,-1
441,198,695.85,329.94,29.83,74.26,1,-1,-1,-1
441,213,995.91,332.32,25.85,56.37,1,-1,-1,-1
441,196,715.98,330.43,26.57,62.48,1,-1,-1,-1
442,179,1210.31,293.31,55.96,237.63,1,-1,-1,-1
442,193,932.77,327.23,51.88,145.35,1,-1,-1,-1
442,200,834.07,313.77,60.43,165.10,1,-1,-1,-1
442,201,1083.98,334.40,30.52,72.19,1,-1,-1,-1
442,212,617.80,329.87,43.05,103.02,1,-1,-1,-1
442,211,315.34,249.36,211.11,433.02,1,-1,-1,-1
442,216,23.64,325.78,98.61,174.96,1,-1,-1,-1
442,220,152.11,327.54,73.91,158.92,1,-1,-1,-1
442,198,689.89,336.15,29.78,71.91,1,-1,-1,-1
442,213,995.88,339.17,23.79,53.51,1,-1,-1,-1
442,196,710.97,336.91,26.46,62.11,1,-1,-1,-1
442,217,889.26,347.98,48.60,78.67,1,-1,-1,-1
442,224,652.35,334.54,51.10,75.49,1,-1,-1,-1
443,179,1211.42,297.22,55.15,235.48,1,-1,-1,-1
443,193,928.95,325.79,54.06,147.56,1,-1,-1,-1
443,200,832.05,313.00,59.61,168.40,1,-1,-1,-1
443,201,1082.19,333.98,31.09,72.54,1,-1,-1,-1
443,212,614.70,330.30,42.81,103.28,1,-1,-1,-1
443,211,313.86,246.44,215.42,437.84,1,-1,-1,-1
443,216,11.18,325.60,102.95,178.11,1,-1,-1,-1
443,220,145.61,327.53,71.46,158.67,1,-1,-1,-1
443,198,692.35,337.47,28.47,70.23,1,-1,-1,-1
443,213,993.45,338.96,22.86,53.28,1,-1,-1,-1
443,196,712.99,337.99,24.42,60.69,1,-1,-1,-1
443,217,886.91,348.17,45.95,75.47,1,-1,-1,-1
443,224,663.55,335.97,39.76,73.40,1,-1,-1,-1
444,179,1210.36,295.47,53.31,235.44,1,-1,-1,-1
444,193,924.88,327.82,54.60,147.79,1,-1,-1,-1
444,200,828.80,314.16,60.43,166.74,1,-1,-1,-1
444,201,1080.05,334.78,31.78,74.30,1,-1,-1,-1
444,212,612.10,330.50,43.68,103.23,1,-1,-1,-1
444,211,312.76,238.63,212.55,447.83,1,-1,-1,-1
444,216,1.41,325.80,97.37,180.15,1,-1,-1,-1
444,220,134.16,330.83,72.81,156.10,1,-1,-1,-1
444,198,693.37,339.52,27.59,69.12,1,-1,-1,-1
444,213,993.11,339.49,22.95,53.67,1,-1,-1,-1
444,196,712.24,339.39,24.90,61.39,1,-1,-1,-1
444,217,882.23,351.33,49.89,72.51,1,-1,-1,-1
444,224,671.24,337.69,32.53,71.63,1,-1,-1,-1
444,226,974.98,335.08,29.21,65.99,1,-1,-1,-1
445,179,1207.66,295.90,53.23,234.09,1,-1,-1,-1
445,193,920.13,328.86,55.54,147.44,1,-1,-1,-1
445,200,825.32,313.90,60.48,166.09,1,-1,-1,-1
445,201,1077.54,335.19,32.58,74.54,1,-1,-1,-1
445,212,610.06,328.72,44.08,104.31,1,-1,-1,-1
445,211,313.88,244.42,214.89,441.54,1,-1,-1,-1
445,216,-2.35,326.57,85.60,179.70,1,-1,-1,-1
445,220,125.34,329.83,73.30,157.35,1,-1,-1,-1
445,198,691.37,338.11,27.88,69.29,1,-1,-1,-1
445,196,709.52,338.11,25.55,60.96,1,-1,-1,-1
445,217,881.95,352.49,47.50,75.13,1,-1,-1,-1
445,224,672.57,336.83,29.81,71.56,1,-1,-1,-1
445,226,974.68,337.94,28.12,60.71,1,-1,-1,-1
445,222,1003.66,340.09,22.04,50.07,1,-1,-1,-1
446,179,1205.24,295.85,52.56,234.48,1,-1,-1,-1
446,193,917.66,329.98,55.36,145.12,1,-1,-1,-1
446,200,822.13,313.84,61.42,166.50,1,-1,-1,-1
446,201,1075.91,334.63,33.04,74.75,1,-1,-1,-1
446,212,609.02,330.55,43.61,102.21,1,-1,-1,-1
446,211,316.26,246.86,220.48,438.75,1,-1,-1,-1
446,216,-3.26,331.93,67.72,175.50,1,-1,-1,-1
446,220,119.13,333.16,71.41,155.55,1,-1,-1,-1
446,198,692.46,340.07,27.42,68.30,1,-1,-1,-1
446,196,710.77,340.34,25.82,60.15,1,-1,-1,-1
446,217,879.78,352.19,48.17,74.60,1,-1,-1,-1
446,224,668.01,339.02,28.72,70.94,1,-1,-1,-1
446,226,972.08,339.14,27.38,59.60,1,-1,-1,-1
446,222,1003.63,341.32,22.09,48.10,1,-1,-1,-1
447,179,1199.65,298.11,52.73,234.90,1,-1,-1,-1
447,193,910.81,330.70,58.72,146.37,1,-1,-1,-1
447,200,814.34,314.30,61.18,164.92,1,-1,-1,-1
447,201,1069.56,333.70,34.14,74.62,1,-1,-1,-1
447,212,602.70,330.23,42.89,104.03,1,-1,-1,-1
447,211,317.37,246.82,217.99,438.15,1,-1,-1,-1
447,216,-4.27,332.22,50.22,177.65,1,-1,-1,-1
447,220,107.03,338.09,73.51,152.10,1,-1,-1,-1
447,198,690.28,340.40,26.51,67.39,1,-1,-1,-1
447,217,876.41,351.10,45.93,75.42,1,-1,-1,-1
447,224,662.00,340.11,29.29,70.04,1,-1,-1,-1
447,226,969.84,338.96,27.81,61.06,1,-1,-1,-1
447,222,999.72,341.45,22.37,46.53,1,-1,-1,-1
448,179,1197.90,296.62,53.81,237.82,1,-1,-1,-1
448,193,909.90,331.05,59.31,147.72,1,-1,-1,-1
448,200,811.48,316.06,61.00,163.51,1,-1,-1,-1
448,201,1068.00,333.69,34.93,75.23,1,-1,-1,-1
448,212,600.93,330.86,43.46,104.36,1,-1,-1,-1
448,211,314.55,247.40,217.33,437.89,1,-1,-1,-1
448,220,100.88,340.54,73.72,150.86,1,-1,-1,-1
448,198,693.26,341.64,26.03,65.67,1,-1,-1,-1
448,217,880.72,349.97,43.34,80.13,1,-1,-1,-1
448,224,659.95,340.89,29.94,69.72,1,-1,-1,-1
448,226,968.95,340.11,28.18,61.53,1,-1,-1,-1
448,222,1002.62,341.64,22.27,44.89,1,-1,-1,-1
448,227,637.11,334.67,28.91,83.15,1,-1,-1,-1
449,179,1197.07,295.29,55.33,239.64,1,-1,-1,-1
449,193,911.31,329.58,58.52,149.77,1,-1,-1,-1
449,200,810.08,316.05,60.44,162.47,1,-1,-1,-1
449,201,1067.93,332.72,35.22,75.26,1,-1,-1,-1
449,212,600.16,329.93,43.67,106.15,1,-1,-1,-1
449,211,315.99,245.11,215.12,442.91,1,-1,-1,-1
449,220,96.28,339.51,73.16,150.69,1,-1,-1,-1
449,198,695.32,340.31,26.00,65.07,1,-1,-1,-1
449,217,876.97,350.31,38.89,77.34,1,-1,-1,-1
449,224,657.57,339.20,30.97,72.45,1,-1,-1,-1
449,226,967.89,339.55,28.52,62.16,1,-1,-1,-1
449,222,1004.41,341.87,22.08,43.33,1,-1,-1,-1
450,179,1196.35,294.33,56.15,240.93,1,-1,-1,-1
450,193,910.41,329.36,59.29,149.55,1,-1,-1,-1
450,200,808.51,318.78,59.48,160.15,1,-1,-1,-1
450,201,1067.86,332.72,35.11,75.06,1,-1,-1,-1
450,212,599.56,330.58,43.99,104.51,1,-1,-1,-1
450,211,317.83,238.71,215.29,455.93,1,-1,-1,-1
450,220,92.34,339.17,73.03,151.50,1,-1,-1,-1
450,198,696.09,341.95,25.31,63.25,1,-1,-1,-1
450,217,869.15,350.20,41.41,77.08,1,-1,-1,-1
450,224,656.23,338.45,31.66,74.11,1,-1,-1,-1
450,226,967.33,339.36,29.33,63.23,1,-1,-1,-1
450,222,1004.91,342.24,21.74,43.10,1,-1,-1,-1
450,228,1151.79,326.47,50.66,155.45,1,-1,-1,-1
451,179,1195.35,292.42,57.96,242.46,1,-1,-1,-1
451,193,909.01,330.34,59.26,148.50,1,-1,-1,-1
451,200,804.32,320.01,60.07,162.62,1,-1,-1,-1
451,201,1066.04,332.94,35.43,77.06,1,-1,-1,-1
451,212,597.35,334.99,43.11,102.04,1,-1,-1,-1
451,211,318.16,240.17,219.73,455.89,1,-1,-1,-1
451,220,82.92,338.63,72.85,154.44,1,-1,-1,-1
451,198,692.27,343.74,25.78,65.27,1,-1,-1,-1
451,217,867.76,354.71,43.13,75.21,1,-1,-1,-1
451,224,655.94,342.53,30.90,71.28,1,-1,-1,-1
451,226,966.56,340.87,28.91,61.11,1,-1,-1,-1
451,222,1003.80,343.55,21.69,42.16,1,-1,-1,-1
451,228,1147.25,326.02,56.55,159.03,1,-1,-1,-1
451,227,642.79,339.66,27.40,76.31,1,-1,-1,-1
452,179,1194.86,292.06,60.97,243.49,1,-1,-1,-1
452,193,910.25,330.61,57.67,148.85,1,-1,-1,-1
452,200,803.08,322.66,60.77,160.05,1,-1,-1,-1
452,201,1066.47,334.55,34.89,75.61,1,-1,-1,-1
452,212,596.31,334.92,43.55,102.36,1,-1,-1,-1
452,211,315.53,243.06,221.54,454.75,1,-1,-1,-1
452,220,77.79,337.84,73.05,157.02,1,-1,-1,-1
452,198,692.88,344.35,25.64,65.86,1,-1,-1,-1
452,217,867.13,356.62,44.66,73.28,1,-1,-1,-1
452,224,656.46,342.12,30.53,71.76,1,-1,-1,-1
452,226,967.22,342.23,29.11,59.61,1,-1,-1,-1
452,222,1005.06,344.46,22.37,43.36,1,-1,-1,-1
452,228,1143.52,327.56,57.37,153.30,1,-1,-1,-1
453,179,1195.23,296.72,63.57,243.25,1,-1,-1,-1
453,193,910.67,331.28,59.12,155.06,1,-1,-1,-1
453,200,800.71,325.86,62.05,159.67,1,-1,-1,-1
453,201,1067.76,337.56,35.25,76.55,1,-1,-1,-1
453,212,596.01,337.85,44.17,101.70,1,-1,-1,-1
453,211,317.67,250.57,221.15,444.92,1,-1,-1,-1
453,220,68.10,342.09,73.99,153.90,1,-1,-1,-1
453,198,686.67,348.15,25.84,66.61,1,-1,-1,-1
453,217,866.57,360.96,44.19,70.54,1,-1,-1,-1
453,224,661.45,346.05,28.22,70.53,1,-1,-1,-1
453,226,968.42,344.75,29.41,59.89,1,-1,-1,-1
453,222,1004.23,347.15,23.83,44.37,1,-1,-1,-1
453,228,1140.24,329.93,59.53,152.03,1,-1,-1,-1
453,227,639.99,341.92,28.05,75.58,1,-1,-1,-1
454,179,1197.35,298.63,65.75,242.55,1,-1,-1,-1
454,193,912.15,330.46,61.02,157.50,1,-1,-1,-1
454,200,803.04,326.20,62.63,162.21,1,-1,-1,-1
454,201,1070.91,339.16,35.60,75.38,1,-1,-1,-1
454,212,599.15,337.77,44.73,102.24,1,-1,-1,-1
454,211,321.83,252.43,220.96,445.90,1,-1,-1,-1
454,220,65.11,341.55,73.11,156.67,1,-1,-1,-1
454,198,690.73,349.02,25.81,67.18,1,-1,-1,-1
454,217,870.70,360.33,43.54,68.48,1,-1,-1,-1
454,224,663.84,346.48,28.17,70.75,1,-1,-1,-1
454,226,970.24,345.87,30.29,60.09,1,-1,-1,-1
454,222,1005.05,348.13,24.02,45.77,1,-1,-1,-1
454,228,1139.76,332.09,59.75,148.78,1,-1,-1,-1
454,227,642.71,340.97,28.87,77.90,1,-1,-1,-1
455,179,1199.19,298.83,67.52,242.55,1,-1,-1,-1
455,193,914.71,328.98,59.48,158.09,1,-1,-1,-1
455,200,804.29,324.11,61.57,163.42,1,-1,-1,-1
455,201,1072.79,337.87,36.13,75.36,1,-1,-1,-1
455,212,602.23,337.75,43.85,102.15,1,-1,-1,-1
455,211,323.71,248.16,219.39,454.16,1,-1,-1,-1
455,220,58.79,340.78,72.61,158.01,1,-1,-1,-1
455,198,693.67,347.35,26.76,68.22,1,-1,-1,-1
455,217,873.38,360.61,44.78,69.35,1,-1,-1,-1
455,224,658.74,343.11,33.28,73.46,1,-1,-1,-1
455,226,970.78,342.99,30.56,62.96,1,-1,-1,-1
455,222,1007.51,345.17,23.52,45.59,1,-1,-1,-1
455,228,1139.46,331.23,61.41,149.25,1,-1,-1,-1
456,179,1201.30,301.38,68.76,240.99,1,-1,-1,-1
456,193,915.96,329.78,58.28,158.69,1,-1,-1,-1
456,200,805.32,325.75,60.77,160.60,1,-1,-1,-1
456,201,1077.19,339.28,34.27,78.24,1,-1,-1,-1
456,212,604.91,338.55,44.67,103.03,1,-1,-1,-1
456,211,323.12,254.46,218.67,450.20,1,-1,-1,-1
456,220,54.50,341.88,72.55,157.28,1,-1,-1,-1
456,198,694.86,349.38,26.89,67.48,1,-1,-1,-1
456,217,876.93,362.59,44.42,69.81,1,-1,-1,-1
456,224,665.95,345.64,29.68,71.11,1,-1,-1,-1
456,226,972.66,345.17,31.56,62.23,1,-1,-1,-1
456,222,1006.42,346.84,23.22,46.69,1,-1,-1,-1
456,228,1138.78,335.29,61.91,146.78,1,-1,-1,-1
457,179,1202.14,303.35,70.15,238.30,1,-1,-1,-1
457,193,918.05,330.34,57.22,158.59,1,-1,-1,-1
457,200,807.40,326.39,60.48,158.23,1,-1,-1,-1
457,201,1080.38,339.55,33.44,78.93,1,-1,-1,-1
457,212,608.38,341.66,43.97,101.07,1,-1,-1,-1
457,211,327.30,252.28,220.71,461.42,1,-1,-1,-1
457,220,50.16,341.44,75.52,159.07,1,-1,-1,-1
457,198,700.01,350.62,25.79,66.41,1,-1,-1,-1
457,217,878.85,363.73,46.04,71.35,1,-1,-1,-1
457,224,679.06,347.85,27.03,68.98,1,-1,-1,-1
457,226,973.45,344.84,30.72,62.28,1,-1,-1,-1
457,228,1139.40,336.50,62.56,146.68,1,-1,-1,-1
457,213,1004.26,347.27,21.73,45.06,1,-1,-1,-1
457,227,658.33,342.55,34.43,76.31,1,-1,-1,-1
458,179,1199.06,300.45,78.75,242.80,1,-1,-1,-1
458,193,920.03,329.86,56.18,155.32,1,-1,-1,-1
458,200,809.42,323.47,60.86,160.33,1,-1,-1,-1
458,201,1081.86,337.04,33.65,79.89,1,-1,-1,-1
458,212,610.05,340.36,42.74,101.52,1,-1,-1,-1
458,211,328.85,254.26,217.99,457.48,1,-1,-1,-1
458,220,42.77,340.80,75.80,159.17,1,-1,-1,-1
458,198,699.04,349.49,25.75,66.32,1,-1,-1,-1
458,217,879.23,362.04,46.96,72.65,1,-1,-1,-1
458,226,973.68,344.38,29.03,62.34,1,-1,-1,-1
458,228,1141.08,332.99,61.04,145.42,1,-1,-1,-1
458,213,1001.50,347.54,21.77,46.77,1,-1,-1,-1
458,227,669.72,345.18,29.41,71.21,1,-1,-1,-1
459,179,1196.11,296.72,85.08,246.19,1,-1,-1,-1
459,193,920.74,328.66,55.08,153.48,1,-1,-1,-1
459,200,810.36,321.23,61.23,162.35,1,-1,-1,-1
459,201,1081.77,335.45,33.87,78.55,1,-1,-1,-1
459,212,610.17,337.76,43.62,102.31,1,-1,-1,-1
459,211,332.60,247.47,215.89,467.94,1,-1,-1,-1
459,220,38.25,338.78,75.11,159.01,1,-1,-1,-1
459,198,697.72,347.66,25.48,66.65,1,-1,-1,-1
459,217,880.01,359.82,47.30,72.58,1,-1,-1,-1
459,226,974.58,343.34,28.19,61.86,1,-1,-1,-1
459,228,1142.10,330.28,60.47,144.72,1,-1,-1,-1
459,213,998.27,345.75,22.39,47.99,1,-1,-1,-1
459,227,671.38,344.00,27.42,70.66,1,-1,-1,-1
460,179,1194.57,293.49,89.51,248.40,1,-1,-1,-1
460,193,921.98,328.26,54.41,151.80,1,-1,-1,-1
460,200,812.55,319.37,61.44,162.87,1,-1,-1,-1
460,201,1084.03,333.26,33.83,79.02,1,-1,-1,-1
460,212,611.22,337.02,43.82,103.61,1,-1,-1,-1
460,211,334.45,245.86,220.85,475.02,1,-1,-1,-1
460,220,30.97,337.01,76.43,158.70,1,-1,-1,-1
460,198,700.09,346.55,25.52,65.66,1,-1,-1,-1
460,217,880.61,356.29,47.43,75.88,1,-1,-1,-1
460,226,974.33,341.87,27.75,60.21,1,-1,-1,-1
460,228,1143.77,326.16,59.96,147.32,1,-1,-1,-1
460,213,994.88,343.26,22.88,50.12,1,-1,-1,-1
460,227,672.51,343.14,27.16,69.69,1,-1,-1,-1
461,179,1194.38,291.02,90.99,250.13,1,-1,-1,-1
461,193,921.58,328.65,54.55,150.18,1,-1,-1,-1
461,200,813.08,318.11,61.35,162.88,1,-1,-1,-1
461,201,1084.39,331.53,33.80,79.59,1,-1,-1,-1
461,212,611.94,336.33,43.41,104.37,1,-1,-1,-1
461,211,327.17,245.47,229.24,474.77,1,-1,-1,-1
461,220,26.03,335.31,76.09,157.97,1,-1,-1,-1
461,198,701.05,344.94,25.93,66.29,1,-1,-1,-1
461,217,880.64,354.61,47.51,76.92,1,-1,-1,-1
461,226,971.43,340.85,29.00,62.02,1,-1,-1,-1
461,228,1142.80,322.93,59.77,149.25,1,-1,-1,-1
461,213,994.61,341.40,22.73,50.80,1,-1,-1,-1
461,227,673.17,342.35,27.06,68.75,1,-1,-1,-1
462,179,1196.84,290.98,87.64,251.91,1,-1,-1,-1
462,193,921.28,328.71,55.16,150.14,1,-1,-1,-1
462,200,812.63,318.78,60.87,162.16,1,-1,-1,-1
462,201,1085.98,331.18,33.73,80.42,1,-1,-1,-1
462,212,612.14,336.38,43.27,105.15,1,-1,-1,-1
462,211,330.69,246.99,221.15,468.52,1,-1,-1,-1
462,220,23.05,335.29,75.49,157.83,1,-1,-1,-1
462,198,701.57,344.03,26.29,67.11,1,-1,-1,-1
462,217,879.93,354.82,47.53,77.28,1,-1,-1,-1
462,226,970.35,340.77,29.40,63.13,1,-1,-1,-1
462,228,1142.23,322.48,58.62,148.42,1,-1,-1,-1
462,213,995.41,340.81,22.67,51.29,1,-1,-1,-1
462,227,671.56,341.83,27.31,69.52,1,-1,-1,-1
463,179,1204.59,289.88,82.39,251.97,1,-1,-1,-1
463,193,920.66,328.69,55.71,150.09,1,-1,-1,-1
463,200,812.72,317.32,61.20,164.72,1,-1,-1,-1
463,201,1088.80,329.06,34.39,82.66,1,-1,-1,-1
463,212,612.56,336.26,43.38,103.98,1,-1,-1,-1
463,211,322.10,245.01,223.07,470.40,1,-1,-1,-1
463,220,16.53,333.18,75.71,161.07,1,-1,-1,-1
463,198,701.28,341.71,25.79,68.16,1,-1,-1,-1
463,217,880.83,354.62,47.12,77.16,1,-1,-1,-1
463,228,1142.53,323.00,59.29,147.95,1,-1,-1,-1
463,213,988.64,338.45,24.92,56.41,1,-1,-1,-1
463,227,673.46,341.27,27.29,68.62,1,-1,-1,-1
464,179,1209.63,289.85,78.05,252.44,1,-1,-1,-1
464,193,920.94,329.74,55.82,148.81,1,-1,-1,-1
464,200,813.20,317.08,60.75,165.66,1,-1,-1,-1
464,201,1090.52,329.10,34.72,81.85,1,-1,-1,-1
464,212,613.01,336.85,42.95,103.95,1,-1,-1,-1
464,211,319.48,242.14,221.02,472.68,1,-1,-1,-1
464,220,10.33,333.58,76.59,160.48,1,-1,-1,-1
464,198,700.90,340.83,25.62,68.29,1,-1,-1,-1
464,217,881.07,354.84,47.21,76.51,1,-1,-1,-1
464,228,1142.25,324.13,58.49,147.32,1,-1,-1,-1
464,213,988.38,338.74,24.88,56.10,1,-1,-1,-1
464,227,674.36,341.01,26.97,67.71,1,-1,-1,-1
464,226,971.92,338.04,29.90,65.95,1,-1,-1,-1
465,179,1213.50,291.08,75.32,251.26,1,-1,-1,-1
465,193,920.33,329.34,56.73,149.88,1,-1,-1,-1
465,200,813.39,317.68,60.51,164.89,1,-1,-1,-1
465,201,1091.14,330.09,34.77,81.45,1,-1,-1,-1
465,212,614.50,338.80,41.92,103.54,1,-1,-1,-1
465,211,314.90,241.43,223.75,471.23,1,-1,-1,-1
465,220,5.30,334.10,77.77,162.22,1,-1,-1,-1
465,198,701.42,341.52,25.76,68.54,1,-1,-1,-1
465,217,881.03,355.68,47.70,74.93,1,-1,-1,-1
465,228,1141.80,325.39,59.25,147.50,1,-1,-1,-1
465,227,676.65,342.34,26.73,67.07,1,-1,-1,-1
465,226,976.50,338.24,29.12,63.07,1,-1,-1,-1
466,179,1218.56,288.24,75.59,254.75,1,-1,-1,-1
466,193,920.07,328.33,57.62,150.69,1,-1,-1,-1
466,200,813.59,316.71,60.92,165.91,1,-1,-1,-1
466,201,1092.72,329.39,35.04,81.74,1,-1,-1,-1
466,212,614.13,338.50,43.55,104.25,1,-1,-1,-1
466,211,311.49,241.86,227.08,475.43,1,-1,-1,-1
466,220,1.48,333.26,77.45,164.84,1,-1,-1,-1
466,198,704.44,341.84,25.65,66.91,1,-1,-1,-1
466,217,881.72,355.35,47.79,74.31,1,-1,-1,-1
466,228,1142.20,324.42,59.28,147.98,1,-1,-1,-1
466,227,675.74,342.08,26.21,66.05,1,-1,-1,-1
466,213,985.43,339.48,26.75,57.32,1,-1,-1,-1
467,179,1218.17,285.98,77.25,257.61,1,-1,-1,-1
467,193,918.10,327.14,56.67,151.68,1,-1,-1,-1
467,200,810.31,317.21,60.10,164.58,1,-1,-1,-1
467,201,1093.83,330.89,34.02,80.33,1,-1,-1,-1
467,212,611.71,338.18,43.62,101.28,1,-1,-1,-1
467,211,315.31,244.78,210.85,468.86,1,-1,-1,-1
467,220,-1.63,332.30,73.49,163.60,1,-1,-1,-1
467,198,702.80,341.50,25.90,66.42,1,-1,-1,-1
467,217,878.51,356.07,48.23,73.17,1,-1,-1,-1
467,228,1141.23,322.60,59.04,150.38,1,-1,-1,-1
467,227,673.98,341.29,26.11,66.65,1,-1,-1,-1
467,213,986.00,339.83,27.30,57.78,1,-1,-1,-1
467,222,1027.91,341.04,22.64,46.07,1,-1,-1,-1
468,179,1222.20,289.79,75.12,261.03,1,-1,-1,-1
468,193,920.69,328.52,55.80,151.89,1,-1,-1,-1
468,200,813.41,317.30,60.63,166.02,1,-1,-1,-1
468,201,1094.77,332.86,34.52,80.16,1,-1,-1,-1
468,212,614.03,340.48,42.81,101.89,1,-1,-1,-1
468,211,313.19,244.63,211.37,480.19,1,-1,-1,-1
468,220,-1.69,334.47,67.00,161.36,1,-1,-1,-1
468,198,702.96,343.15,25.88,67.82,1,-1,-1,-1
468,217,880.79,355.24,47.95,76.87,1,-1,-1,-1
468,228,1143.31,326.60,58.78,148.02,1,-1,-1,-1
468,227,682.63,342.20,26.50,67.81,1,-1,-1,-1
468,213,993.47,341.79,25.83,54.90,1,-1,-1,-1
468,222,1031.39,342.01,21.03,46.83,1,-1,-1,-1
468,226,980.66,338.78,28.28,62.26,1,-1,-1,-1
469,179,1221.75,290.69,76.04,260.26,1,-1,-1,-1
469,193,918.42,331.03,56.88,151.50,1,-1,-1,-1
469,200,811.87,320.48,62.89,167.20,1,-1,-1,-1
469,201,1091.86,334.32,36.02,82.61,1,-1,-1,-1
469,212,614.90,343.57,42.43,101.10,1,-1,-1,-1
469,211,311.40,248.64,206.13,481.32,1,-1,-1,-1
469,220,-1.11,336.28,60.24,161.46,1,-1,-1,-1
469,217,879.45,357.84,47.29,77.50,1,-1,-1,-1
469,228,1142.62,331.11,58.61,146.58,1,-1,-1,-1
469,227,680.40,345.79,26.12,67.27,1,-1,-1,-1
469,213,997.65,344.99,24.43,52.71,1,-1,-1,-1
469,222,1034.13,344.68,20.80,45.69,1,-1,-1,-1
469,226,976.48,341.66,28.83,65.41,1,-1,-1,-1
469,224,695.32,346.05,26.62,67.19,1,-1,-1,-1
470,179,1223.21,290.88,74.27,263.84,1,-1,-1,-1
470,193,918.63,332.24,56.06,152.30,1,-1,-1,-1
470,200,809.65,323.40,62.85,164.04,1,-1,-1,-1
470,201,1089.71,336.18,36.63,82.48,1,-1,-1,-1
470,212,615.32,343.34,41.40,100.89,1,-1,-1,-1
470,211,313.06,249.32,196.10,483.67,1,-1,-1,-1
470,220,-1.09,340.32,56.63,157.27,1,-1,-1,-1
470,217,878.81,360.60,46.30,75.32,1,-1,-1,-1
470,228,1141.20,332.31,57.72,147.41,1,-1,-1,-1
470,227,684.10,346.23,25.36,67.09,1,-1,-1,-1
470,213,998.32,346.83,23.76,51.65,1,-1,-1,-1
470,222,1034.47,346.19,20.72,45.81,1,-1,-1,-1
470,226,975.31,343.70,29.00,65.16,1,-1,-1,-1
470,198,701.76,347.95,25.10,65.92,1,-1,-1,-1
471,179,1222.76,289.97,72.98,264.66,1,-1,-1,-1
471,193,919.03,332.13,54.55,151.24,1,-1,-1,-1
471,200,807.70,321.54,63.29,164.10,1,-1,-1,-1
471,201,1089.62,334.27,37.12,83.55,1,-1,-1,-1
471,212,615.39,341.47,41.70,101.57,1,-1,-1,-1
471,211,311.78,248.04,189.67,485.99,1,-1,-1,-1
471,220,-0.51,338.51,51.81,156.70,1,-1,-1,-1
471,217,880.01,357.42,46.66,79.21,1,-1,-1,-1
471,228,1140.55,332.47,58.05,146.88,1,-1,-1,-1
471,227,684.47,344.70,25.63,66.52,1,-1,-1,-1
471,222,1032.88,345.48,21.31,45.65,1,-1,-1,-1
471,226,974.56,342.86,29.19,66.04,1,-1,-1,-1
471,198,701.78,346.16,25.14,65.98,1,-1,-1,-1
472,179,1222.52,291.23,73.61,265.78,1,-1,-1,-1
472,193,918.26,335.66,53.91,148.27,1,-1,-1,-1
472,200,805.79,321.26,63.18,165.95,1,-1,-1,-1
472,201,1090.22,335.19,36.68,83.79,1,-1,-1,-1
472,212,614.35,342.27,41.05,103.33,1,-1,-1,-1
472,211,309.44,250.71,187.64,487.08,1,-1,-1,-1
472,220,0.22,335.64,43.17,164.01,1,-1,-1,-1
472,217,881.33,357.91,45.56,81.00,1,-1,-1,-1
472,228,1137.59,330.62,60.75,148.99,1,-1,-1,-1
472,227,682.97,346.52,25.49,64.70,1,-1,-1,-1
472,222,1030.07,346.93,21.94,45.46,1,-1,-1,-1
472,226,974.16,344.69,29.03,65.56,1,-1,-1,-1
472,233,580.46,340.28,34.57,85.04,1,-1,-1,-1
472,234,1015.12,347.66,20.91,46.57,1,-1,-1,-1
472,224,697.43,347.28,25.31,64.60,1,-1,-1,-1
473,179,1220.44,292.00,73.99,269.55,1,-1,-1,-1
473,193,913.67,335.77,55.06,149.26,1,-1,-1,-1
473,200,801.29,322.82,62.55,164.92,1,-1,-1,-1
473,201,1087.15,335.73,35.84,85.45,1,-1,-1,-1
473,212,612.88,341.48,41.01,104.80,1,-1,-1,-1
473,211,294.46,250.09,196.39,494.57,1,-1,-1,-1
473,217,879.33,359.15,44.89,80.32,1,-1,-1,-1
473,228,1132.90,330.22,61.58,150.62,1,-1,-1,-1
473,227,680.08,346.19,25.54,63.41,1,-1,-1,-1
473,222,1021.59,347.58,21.43,46.36,1,-1,-1,-1
473,226,969.27,344.62,30.45,66.66,1,-1,-1,-1
473,233,580.07,338.01,36.22,85.27,1,-1,-1,-1
473,198,695.50,346.71,25.17,64.82,1,-1,-1,-1
474,179,1220.59,291.72,73.76,270.95,1,-1,-1,-1
474,193,913.43,335.89,55.93,149.09,1,-1,-1,-1
474,200,799.78,322.11,62.76,165.34,1,-1,-1,-1
474,201,1086.83,335.13,35.52,87.42,1,-1,-1,-1
474,212,613.31,341.19,41.15,106.89,1,-1,-1,-1
474,211,281.34,249.72,211.11,493.69,1,-1,-1,-1
474,217,879.41,359.76,44.23,79.65,1,-1,-1,-1
474,228,1132.22,331.59,61.55,150.96,1,-1,-1,-1
474,227,679.86,346.00,25.48,63.03,1,-1,-1,-1
474,222,1018.18,347.18,21.33,46.58,1,-1,-1,-1
474,226,968.09,344.55,31.08,66.27,1,-1,-1,-1
474,233,580.20,337.25,37.87,84.62,1,-1,-1,-1
474,198,695.82,346.67,24.33,63.72,1,-1,-1,-1
475,179,1219.67,291.24,74.62,273.72,1,-1,-1,-1
475,193,912.31,335.27,57.22,152.04,1,-1,-1,-1
475,200,798.99,322.56,62.61,165.97,1,-1,-1,-1
475,201,1087.03,335.74,35.84,88.28,1,-1,-1,-1
475,212,614.13,341.97,41.59,106.50,1,-1,-1,-1
475,211,274.23,247.17,221.07,501.67,1,-1,-1,-1
475,217,878.29,359.80,44.99,80.45,1,-1,-1,-1
475,228,1132.94,333.67,60.50,149.76,1,-1,-1,-1
475,227,680.21,346.62,25.51,63.32,1,-1,-1,-1
475,222,1016.59,347.57,21.22,46.33,1,-1,-1,-1
475,226,968.84,344.54,30.98,66.71,1,-1,-1,-1
475,233,582.73,339.70,36.16,83.51,1,-1,-1,-1
476,179,1219.14,290.39,75.67,272.82,1,-1,-1,-1
476,193,913.04,334.54,56.33,152.36,1,-1,-1,-1
476,200,798.41,323.37,61.89,165.35,1,-1,-1,-1
476,201,1087.27,336.40,35.70,88.53,1,-1,-1,-1
476,212,614.77,341.97,40.70,107.00,1,-1,-1,-1
476,211,269.37,246.22,225.66,500.19,1,-1,-1,-1
476,217,877.90,359.58,44.54,81.00,1,-1,-1,-1
476,228,1129.90,335.51,62.48,146.58,1,-1,-1,-1
476,227,678.59,345.57,25.53,64.59,1,-1,-1,-1
476,222,1016.38,347.36,21.38,46.97,1,-1,-1,-1
476,226,970.57,344.11,30.27,66.34,1,-1,-1,-1
476,233,581.51,337.90,37.30,84.62,1,-1,-1,-1
476,198,694.64,346.93,23.50,64.35,1,-1,-1,-1
477,179,1219.66,290.55,76.59,275.62,1,-1,-1,-1
477,193,911.93,334.55,56.69,152.99,1,-1,-1,-1
477,200,795.41,326.92,62.46,162.64,1,-1,-1,-1
477,201,1086.47,336.71,36.59,88.58,1,-1,-1,-1
477,212,614.16,343.14,40.12,107.43,1,-1,-1,-1
477,211,263.28,248.92,231.30,500.17,1,-1,-1,-1
477,217,877.60,360.99,44.13,79.74,1,-1,-1,-1
477,228,1126.22,336.49,64.55,146.51,1,-1,-1,-1
477,227,676.93,346.25,25.82,66.13,1,-1,-1,-1
477,222,1015.71,348.14,21.26,46.94,1,-1,-1,-1
477,226,971.68,345.22,29.74,64.92,1,-1,-1,-1
477,233,580.40,339.44,36.64,84.09,1,-1,-1,-1
477,198,693.83,347.82,23.84,64.66,1,-1,-1,-1
478,179,1219.35,291.18,80.50,280.07,1,-1,-1,-1
478,193,910.72,336.62,55.74,153.40,1,-1,-1,-1
478,200,792.75,327.86,62.32,163.87,1,-1,-1,-1
478,201,1087.13,340.06,37.87,87.35,1,-1,-1,-1
478,212,612.94,346.63,40.35,105.10,1,-1,-1,-1
478,211,251.20,251.90,239.93,501.68,1,-1,-1,-1
478,217,876.20,362.61,44.55,81.92,1,-1,-1,-1
478,228,1124.71,338.00,63.63,147.40,1,-1,-1,-1
478,227,677.52,347.97,25.56,66.47,1,-1,-1,-1
478,226,972.92,347.83,29.89,64.19,1,-1,-1,-1
478,233,574.64,342.15,37.43,84.96,1,-1,-1,-1
478,198,693.25,349.80,24.50,65.18,1,-1,-1,-1
478,234,1009.36,351.81,22.38,48.78,1,-1,-1,-1
479,179,1218.87,288.40,86.12,278.90,1,-1,-1,-1
479,193,911.49,336.21,54.21,154.43,1,-1,-1,-1
479,200,794.58,326.65,61.70,165.20,1,-1,-1,-1
479,201,1087.20,342.74,38.78,83.31,1,-1,-1,-1
479,212,613.67,347.70,41.01,102.08,1,-1,-1,-1
479,211,249.82,259.57,240.11,494.37,1,-1,-1,-1
479,217,877.66,364.71,38.11,79.86,1,-1,-1,-1
479,228,1124.64,338.65,61.74,146.64,1,-1,-1,-1
479,227,677.67,349.75,25.84,64.48,1,-1,-1,-1
479,226,973.19,349.38,30.72,61.24,1,-1,-1,-1
479,233,572.23,342.38,37.75,83.55,1,-1,-1,-1
479,198,696.39,351.76,26.12,63.77,1,-1,-1,-1
479,234,1004.04,350.57,24.08,51.26,1,-1,-1,-1
480,179,1220.91,294.02,86.15,278.35,1,-1,-1,-1
480,193,910.50,336.30,55.47,156.45,1,-1,-1,-1
480,200,792.39,329.82,61.55,166.43,1,-1,-1,-1
480,201,1088.08,344.83,39.47,90.42,1,-1,-1,-1
480,212,613.80,350.93,40.42,103.15,1,-1,-1,-1
480,211,243.75,260.25,246.11,502.18,1,-1,-1,-1
480,217,875.08,365.10,40.14,80.55,1,-1,-1,-1
480,228,1121.76,341.83,62.50,148.21,1,-1,-1,-1
480,227,683.59,351.41,25.90,65.82,1,-1,-1,-1
480,226,975.51,348.99,29.61,61.84,1,-1,-1,-1
480,233,573.92,345.28,30.94,80.45,1,-1,-1,-1
480,234,1003.46,351.98,22.44,50.58,1,-1,-1,-1
481,179,1224.31,296.40,83.82,279.04,1,-1,-1,-1
481,193,912.63,338.36,52.99,152.17,1,-1,-1,-1
481,200,794.07,329.96,62.85,166.86,1,-1,-1,-1
481,201,1093.20,347.14,39.05,86.18,1,-1,-1,-1
481,212,616.32,351.25,40.04,102.56,1,-1,-1,-1
481,211,244.47,262.36,247.85,500.07,1,-1,-1,-1
481,217,877.11,361.26,44.56,88.36,1,-1,-1,-1
481,228,1123.88,341.56,61.68,147.98,1,-1,-1,-1
481,227,691.59,353.20,25.77,65.55,1,-1,-1,-1
481,226,977.40,348.86,29.88,64.29,1,-1,-1,-1
481,233,576.96,346.55,31.17,78.05,1,-1,-1,-1
481,213,995.55,351.18,23.81,55.82,1,-1,-1,-1
481,222,1025.08,355.27,20.70,46.14,1,-1,-1,-1
482,179,1227.45,296.84,85.56,272.78,1,-1,-1,-1
482,193,914.47,337.49,51.84,152.20,1,-1,-1,-1
482,200,797.43,329.65,62.24,167.44,1,-1,-1,-1
482,201,1095.68,346.57,38.91,82.95,1,-1,-1,-1
482,212,618.11,350.32,41.16,104.30,1,-1,-1,-1
482,211,238.01,265.27,253.94,502.06,1,-1,-1,-1
482,217,879.86,359.62,47.78,91.88,1,-1,-1,-1
482,228,1125.40,338.37,62.69,149.98,1,-1,-1,-1
482,227,698.82,353.76,25.82,64.99,1,-1,-1,-1
482,226,978.96,348.27,30.08,65.68,1,-1,-1,-1
482,233,578.34,348.15,32.30,74.55,1,-1,-1,-1
482,213,997.00,353.48,23.98,56.59,1,-1,-1,-1
482,222,1028.02,355.57,20.72,45.06,1,-1,-1,-1
483,179,1234.53,296.95,84.40,277.67,1,-1,-1,-1
483,193,916.17,336.90,51.61,151.47,1,-1,-1,-1
483,200,799.30,329.15,61.44,167.24,1,-1,-1,-1
483,201,1099.27,345.70,37.52,80.22,1,-1,-1,-1
483,212,620.71,350.23,41.63,107.35,1,-1,-1,-1
483,211,234.10,262.07,254.34,508.60,1,-1,-1,-1
483,217,883.56,360.89,47.52,92.37,1,-1,-1,-1
483,228,1126.80,337.93,62.13,151.37,1,-1,-1,-1
483,227,703.35,354.36,25.90,64.35,1,-1,-1,-1
483,226,981.85,348.97,28.69,66.35,1,-1,-1,-1
483,233,591.87,351.57,32.71,73.01,1,-1,-1,-1
483,213,998.70,353.69,24.77,57.59,1,-1,-1,-1
483,222,1031.73,355.02,20.65,43.71,1,-1,-1,-1
484,179,1244.51,293.94,79.60,283.23,1,-1,-1,-1
484,193,916.16,333.84,54.87,154.72,1,-1,-1,-1
484,200,800.71,327.18,62.31,167.87,1,-1,-1,-1
484,201,1103.50,343.82,37.43,79.36,1,-1,-1,-1
484,212,624.71,347.54,41.99,109.54,1,-1,-1,-1
484,211,230.61,260.21,254.47,512.21,1,-1,-1,-1
484,217,885.22,358.52,48.22,94.25,1,-1,-1,-1
484,228,1130.47,336.81,61.95,150.49,1,-1,-1,-1
484,227,706.81,353.38,25.72,63.10,1,-1,-1,-1
484,226,986.24,348.67,27.47,65.02,1,-1,-1,-1
484,233,598.14,351.10,32.40,69.56,1,-1,-1,-1
484,222,1035.03,353.99,21.16,43.35,1,-1,-1,-1
484,236,682.44,352.04,25.37,64.09,1,-1,-1,-1
485,179,1247.88,291.17,78.14,286.56,1,-1,-1,-1
485,193,916.25,333.88,55.62,155.84,1,-1,-1,-1
485,200,800.74,324.34,63.50,171.66,1,-1,-1,-1
485,201,1105.93,343.36,36.89,80.61,1,-1,-1,-1
485,212,627.14,346.01,42.09,111.02,1,-1,-1,-1
485,211,223.44,260.64,254.92,516.75,1,-1,-1,-1
485,217,886.60,356.38,47.26,97.27,1,-1,-1,-1
485,228,1130.70,336.79,62.41,149.74,1,-1,-1,-1
485,227,707.42,352.58,26.22,64.06,1,-1,-1,-1
485,226,988.21,349.25,27.95,65.10,1,-1,-1,-1
485,233,600.69,350.33,30.70,65.33,1,-1,-1,-1
485,222,1035.61,353.62,21.66,44.10,1,-1,-1,-1
485,236,676.76,348.16,26.43,69.43,1,-1,-1,-1
486,179,1248.22,292.02,77.56,286.20,1,-1,-1,-1
486,193,914.66,334.98,55.29,153.42,1,-1,-1,-1
486,200,801.13,321.96,63.13,174.12,1,-1,-1,-1
486,201,1106.50,341.82,37.55,83.08,1,-1,-1,-1
486,212,628.26,344.41,41.84,111.36,1,-1,-1,-1
486,211,217.54,263.72,255.67,519.06,1,-1,-1,-1
486,217,887.06,354.65,46.91,100.01,1,-1,-1,-1
486,228,1131.41,337.03,61.82,147.87,1,-1,-1,-1
486,227,709.01,351.06,25.81,63.88,1,-1,-1,-1
486,226,988.77,348.82,27.92,64.33,1,-1,-1,-1
486,233,600.47,349.66,30.83,63.57,1,-1,-1,-1
486,222,1034.56,352.90,21.11,43.92,1,-1,-1,-1
486,236,674.41,347.31,27.53,73.11,1,-1,-1,-1
487,179,1250.01,287.00,81.75,284.91,1,-1,-1,-1
487,193,913.47,331.42,57.31,154.69,1,-1,-1,-1
487,200,803.07,319.92,61.49,172.68,1,-1,-1,-1
487,201,1107.08,339.98,37.21,81.65,1,-1,-1,-1
487,212,631.41,339.48,41.10,113.90,1,-1,-1,-1
487,211,215.08,266.21,255.85,515.24,1,-1,-1,-1
487,228,1133.19,334.69,61.23,147.42,1,-1,-1,-1
487,227,710.63,347.91,25.53,65.89,1,-1,-1,-1
487,226,990.42,346.70,28.73,63.17,1,-1,-1,-1
487,233,600.30,346.05,30.83,63.11,1,-1,-1,-1
487,222,1035.59,348.53,21.31,44.72,1,-1,-1,-1
487,236,668.46,338.54,29.63,81.13,1,-1,-1,-1
488,179,1252.80,285.34,82.71,288.34,1,-1,-1,-1
488,193,913.76,329.54,57.26,155.72,1,-1,-1,-1
488,200,805.78,319.89,60.65,170.81,1,-1,-1,-1
488,201,1110.36,334.19,38.34,89.06,1,-1,-1,-1
488,212,636.78,338.62,38.90,112.64,1,-1,-1,-1
488,211,206.46,272.89,259.32,511.87,1,-1,-1,-1
488,228,1137.98,334.15,60.31,144.50,1,-1,-1,-1
488,227,714.30,346.88,25.34,65.40,1,-1,-1,-1
488,226,993.00,344.25,28.88,64.43,1,-1,-1,-1
488,233,601.05,343.82,29.75,65.64,1,-1,-1,-1
488,222,1037.38,346.95,21.55,43.84,1,-1,-1,-1
488,236,662.29,337.51,32.18,88.98,1,-1,-1,-1
489,179,1254.76,284.05,83.02,290.10,1,-1,-1,-1
489,193,913.71,331.06,56.86,153.95,1,-1,-1,-1
489,200,807.38,319.19,60.64,170.44,1,-1,-1,-1
489,201,1112.08,332.45,37.41,91.46,1,-1,-1,-1
489,212,640.43,340.36,39.18,109.13,1,-1,-1,-1
489,211,203.16,272.59,264.24,513.20,1,-1,-1,-1
489,228,1140.85,333.09,59.68,145.06,1,-1,-1,-1
489,227,715.86,347.16,25.33,64.41,1,-1,-1,-1
489,226,994.05,343.23,29.20,65.87,1,-1,-1,-1
489,222,1039.30,345.90,21.65,44.44,1,-1,-1,-1
489,236,661.04,339.01,36.26,90.92,1,-1,-1,-1
490,179,1258.98,281.16,83.82,293.25,1,-1,-1,-1
490,193,915.04,332.31,55.82,152.45,1,-1,-1,-1
490,200,810.95,319.22,60.96,170.08,1,-1,-1,-1
490,201,1110.60,333.02,41.35,87.85,1,-1,-1,-1
490,212,644.04,342.05,39.78,106.15,1,-1,-1,-1
490,211,201.04,276.74,267.91,509.60,1,-1,-1,-1
490,228,1143.56,332.28,59.09,146.33,1,-1,-1,-1
490,227,718.98,348.32,25.82,63.62,1,-1,-1,-1
490,226,996.07,342.62,29.28,65.94,1,-1,-1,-1
490,222,1040.88,345.59,21.97,44.85,1,-1,-1,-1
490,233,609.01,340.52,29.87,70.21,1,-1,-1,-1
491,179,1262.36,280.59,84.34,295.32,1,-1,-1,-1
491,193,915.50,332.80,55.58,152.82,1,-1,-1,-1
491,200,813.54,319.87,61.04,169.20,1,-1,-1,-1
491,201,1111.44,334.00,43.41,89.49,1,-1,-1,-1
491,212,645.98,343.33,40.82,104.51,1,-1,-1,-1
491,211,198.79,272.08,267.01,521.26,1,-1,-1,-1
491,228,1144.98,332.36,58.10,146.22,1,-1,-1,-1
491,227,717.70,347.57,26.61,64.61,1,-1,-1,-1
491,226,997.26,343.85,29.51,65.77,1,-1,-1,-1
491,222,1041.78,346.22,22.49,46.14,1,-1,-1,-1
491,233,612.18,340.47,30.77,73.19,1,-1,-1,-1
492,179,1266.08,282.84,84.19,296.12,1,-1,-1,-1
492,193,916.36,332.76,54.65,153.10,1,-1,-1,-1
492,200,814.98,321.61,61.23,169.87,1,-1,-1,-1
492,201,1115.87,335.15,40.62,92.44,1,-1,-1,-1
492,212,648.13,344.12,41.46,103.98,1,-1,-1,-1
492,211,194.96,270.41,267.23,530.09,1,-1,-1,-1
492,228,1145.00,332.22,58.92,147.13,1,-1,-1,-1
492,227,719.80,349.30,26.43,64.18,1,-1,-1,-1
492,226,998.94,344.72,29.65,66.23,1,-1,-1,-1
492,222,1043.75,346.82,22.60,47.40,1,-1,-1,-1
492,233,614.58,342.43,31.86,74.42,1,-1,-1,-1
493,179,1271.44,282.51,84.57,298.30,1,-1,-1,-1
493,193,915.55,332.54,56.18,153.10,1,-1,-1,-1
493,200,816.57,322.51,61.05,173.99,1,-1,-1,-1
493,201,1123.75,342.22,37.23,88.14,1,-1,-1,-1
493,212,651.58,345.56,41.64,104.05,1,-1,-1,-1
493,211,189.00,268.20,265.75,541.71,1,-1,-1,-1
493,228,1146.17,331.95,61.29,150.07,1,-1,-1,-1
493,227,725.86,351.58,26.56,64.72,1,-1,-1,-1
493,226,1001.58,346.07,30.43,67.82,1,-1,-1,-1
493,222,1048.24,349.71,22.19,46.15,1,-1,-1,-1
493,233,618.00,346.05,33.51,74.26,1,-1,-1,-1
493,240,704.54,349.67,25.62,65.21,1,-1,-1,-1
493,234,1035.81,349.47,21.93,49.35,1,-1,-1,-1
494,179,1276.97,284.21,83.29,300.43,1,-1,-1,-1
494,193,914.98,330.08,56.75,156.30,1,-1,-1,-1
494,200,817.01,323.97,60.26,172.19,1,-1,-1,-1
494,201,1124.65,344.70,35.92,87.63,1,-1,-1,-1
494,212,653.06,344.99,41.07,104.66,1,-1,-1,-1
494,211,179.47,275.91,269.00,534.80,1,-1,-1,-1
494,228,1147.45,332.45,61.08,149.17,1,-1,-1,-1
494,227,728.30,352.40,25.00,63.85,1,-1,-1,-1
494,226,1002.12,347.53,30.17,67.28,1,-1,-1,-1
494,222,1053.80,352.70,21.74,42.78,1,-1,-1,-1
494,233,620.76,349.18,32.88,74.32,1,-1,-1,-1
494,234,1033.20,350.28,22.24,48.24,1,-1,-1,-1
495,179,1280.26,285.70,86.48,298.05,1,-1,-1,-1
495,193,918.35,332.30,55.89,154.99,1,-1,-1,-1
495,200,819.41,325.81,60.28,170.93,1,-1,-1,-1
495,201,1126.82,345.20,36.81,84.57,1,-1,-1,-1
495,212,655.56,346.65,41.17,104.70,1,-1,-1,-1
495,211,168.84,267.01,274.76,552.68,1,-1,-1,-1
495,228,1149.63,334.95,60.91,148.93,1,-1,-1,-1
495,227,731.28,353.05,25.13,64.18,1,-1,-1,-1
495,226,1004.00,349.05,29.99,68.05,1,-1,-1,-1
495,222,1053.54,353.71,21.36,43.46,1,-1,-1,-1
495,233,625.64,351.31,32.19,71.35,1,-1,-1,-1
495,234,1036.35,351.94,21.72,48.97,1,-1,-1,-1
495,213,1020.63,350.01,25.31,60.38,1,-1,-1,-1
495,240,712.23,353.71,25.42,65.33,1,-1,-1,-1
496,179,1283.05,284.55,86.76,300.70,1,-1,-1,-1
496,193,921.26,330.30,55.35,155.55,1,-1,-1,-1
496,200,819.74,323.00,61.55,171.72,1,-1,-1,-1
496,201,1129.10,343.97,34.57,78.84,1,-1,-1,-1
496,212,657.45,345.08,40.52,104.46,1,-1,-1,-1
496,211,163.19,262.94,273.74,561.28,1,-1,-1,-1
496,228,1149.75,333.10,62.82,149.44,1,-1,-1,-1
496,227,731.03,350.88,25.94,64.78,1,-1,-1,-1
496,226,1005.16,346.27,30.21,68.33,1,-1,-1,-1
496,222,1054.70,351.66,21.57,44.71,1,-1,-1,-1
496,233,626.29,350.81,32.01,69.56,1,-1,-1,-1
496,234,1035.91,348.61,23.36,51.57,1,-1,-1,-1
496,240,713.63,350.28,25.63,66.02,1,-1,-1,-1
497,179,1280.35,287.54,91.94,301.00,1,-1,-1,-1
497,193,921.51,333.62,54.53,154.20,1,-1,-1,-1
497,200,819.92,326.04,60.56,170.13,1,-1,-1,-1
497,201,1128.15,348.04,33.67,78.35,1,-1,-1,-1
497,212,657.47,348.11,40.10,103.89,1,-1,-1,-1
497,211,155.20,265.52,275.92,567.36,1,-1,-1,-1
497,228,1149.68,337.19,61.67,147.15,1,-1,-1,-1
497,227,731.05,353.84,25.73,63.74,1,-1,-1,-1
497,226,1005.70,347.99,29.85,68.81,1,-1,-1,-1
497,222,1054.71,354.04,22.06,45.37,1,-1,-1,-1
497,233,626.65,352.36,32.35,69.87,1,-1,-1,-1
497,240,712.82,353.66,25.35,65.71,1,-1,-1,-1
497,213,1026.79,350.71,22.45,56.84,1,-1,-1,-1
498,179,1287.54,281.13,98.74,310.45,1,-1,-1,-1
498,193,926.49,332.45,52.13,155.12,1,-1,-1,-1
498,200,824.82,322.81,59.42,170.43,1,-1,-1,-1
498,201,1130.39,347.74,34.21,78.65,1,-1,-1,-1
498,212,661.98,343.45,39.63,106.75,1,-1,-1,-1
498,211,151.25,268.72,284.57,563.82,1,-1,-1,-1
498,228,1151.56,336.48,62.34,146.44,1,-1,-1,-1
498,227,733.58,350.75,26.15,64.78,1,-1,-1,-1
498,226,1008.92,346.60,29.67,68.04,1,-1,-1,-1
498,222,1057.01,352.14,21.50,46.31,1,-1,-1,-1
498,233,628.88,348.94,32.70,72.01,1,-1,-1,-1
498,240,705.31,347.01,27.42,73.69,1,-1,-1,-1
498,234,1038.82,348.51,23.51,52.80,1,-1,-1,-1
499,179,1288.05,282.15,100.05,311.70,1,-1,-1,-1
499,193,927.49,333.46,48.11,153.23,1,-1,-1,-1
499,200,825.39,321.71,59.66,170.88,1,-1,-1,-1
499,201,1129.10,347.86,33.63,77.53,1,-1,-1,-1
499,212,663.00,340.83,40.29,109.39,1,-1,-1,-1
499,211,141.64,265.59,289.85,570.96,1,-1,-1,-1
499,228,1150.85,336.06,61.83,145.88,1,-1,-1,-1
499,227,733.17,350.25,26.26,64.07,1,-1,-1,-1
499,226,1009.03,346.28,29.75,67.42,1,-1,-1,-1
499,222,1056.74,351.32,20.96,45.97,1,-1,-1,-1
499,233,627.08,347.04,33.11,72.95,1,-1,-1,-1
499,240,706.29,344.01,27.61,75.68,1,-1,-1,-1
499,234,1037.44,348.13,23.65,52.13,1,-1,-1,-1
500,179,1290.25,283.18,98.69,309.08,1,-1,-1,-1
500,193,926.05,332.01,47.60,154.10,1,-1,-1,-1
500,200,825.04,321.04,59.79,169.86,1,-1,-1,-1
500,201,1128.29,348.28,33.68,75.79,1,-1,-1,-1
500,212,664.31,338.62,40.18,111.24,1,-1,-1,-1
500,211,135.01,269.13,291.61,570.99,1,-1,-1,-1
500,228,1149.29,335.56,61.80,145.34,1,-1,-1,-1
500,227,732.03,348.79,25.89,63.80,1,-1,-1,-1
500,226,1008.76,344.94,29.37,67.04,1,-1,-1,-1
500,222,1057.93,350.05,20.88,46.69,1,-1,-1,-1
500,233,624.70,344.84,33.57,72.64,1,-1,-1,-1
500,240,705.75,341.15,28.18,76.36,1,-1,-1,-1
500,234,1041.47,347.23,23.43,52.22,1,-1,-1,-1
501,179,1294.97,281.64,94.01,308.48,1,-1,-1,-1
501,193,928.99,331.01,45.08,152.78,1,-1,-1,-1
501,200,827.96,317.70,59.20,169.74,1,-1,-1,-1
501,212,667.43,335.72,40.43,111.48,1,-1,-1,-1
501,211,128.14,267.28,299.01,570.70,1,-1,-1,-1
501,228,1149.54,332.63,61.28,145.62,1,-1,-1,-1
501,227,735.84,346.49,25.02,62.51,1,-1,-1,-1
501,226,1011.13,342.85,28.57,66.10,1,-1,-1,-1
501,222,1060.31,346.99,20.80,46.77,1,-1,-1,-1
501,233,624.70,342.14,33.74,72.37,1,-1,-1,-1
501,240,700.31,337.85,30.46,83.90,1,-1,-1,-1
501,213,1034.74,345.24,24.83,55.23,1,-1,-1,-1
502,179,1298.29,281.11,90.53,309.04,1,-1,-1,-1
502,193,926.16,331.48,45.61,149.68,1,-1,-1,-1
502,200,827.97,316.18,59.88,170.89,1,-1,-1,-1
502,212,669.06,335.72,40.41,110.62,1,-1,-1,-1
502,211,125.14,265.09,297.87,572.95,1,-1,-1,-1
502,228,1148.80,331.06,60.77,146.33,1,-1,-1,-1
502,227,737.44,345.83,25.05,62.36,1,-1,-1,-1
502,226,1011.54,341.82,29.30,65.81,1,-1,-1,-1
502,222,1060.32,345.52,21.44,47.84,1,-1,-1,-1
502,233,623.54,341.15,33.75,72.44,1,-1,-1,-1
502,240,696.07,337.26,31.76,87.15,1,-1,-1,-1
502,213,1036.14,343.95,25.26,55.68,1,-1,-1,-1
503,179,1302.39,279.31,88.80,312.15,1,-1,-1,-1
503,193,923.49,330.67,46.56,144.45,1,-1,-1,-1
503,200,827.26,315.53,60.34,171.42,1,-1,-1,-1
503,212,670.77,334.26,40.73,110.14,1,-1,-1,-1
503,211,109.74,262.30,303.70,582.24,1,-1,-1,-1
503,228,1148.32,329.32,60.25,145.43,1,-1,-1,-1
503,227,733.78,343.52,25.93,63.48,1,-1,-1,-1
503,226,1012.07,340.61,29.36,66.28,1,-1,-1,-1
503,222,1062.69,343.42,21.55,48.79,1,-1,-1,-1
503,233,621.64,339.30,34.80,71.91,1,-1,-1,-1
503,213,1037.76,342.91,26.26,55.53,1,-1,-1,-1
504,179,1306.71,277.56,87.72,315.12,1,-1,-1,-1
504,193,921.22,326.21,47.92,146.22,1,-1,-1,-1
504,200,828.61,313.84,60.62,172.36,1,-1,-1,-1
504,212,673.96,332.40,42.56,110.60,1,-1,-1,-1
504,211,96.40,257.58,311.55,590.31,1,-1,-1,-1
504,228,1148.80,327.70,60.63,145.06,1,-1,-1,-1
504,227,737.12,341.70,26.90,62.74,1,-1,-1,-1
504,226,1014.36,338.66,30.57,66.61,1,-1,-1,-1
504,222,1062.95,342.07,21.65,48.59,1,-1,-1,-1
504,233,622.42,339.35,34.71,69.52,1,-1,-1,-1
504,241,956.78,355.39,42.71,105.08,1,-1,-1,-1
505,179,1307.15,272.67,89.05,322.42,1,-1,-1,-1
505,193,916.81,328.89,50.62,146.14,1,-1,-1,-1
505,200,825.70,316.35,60.14,170.91,1,-1,-1,-1
505,212,672.77,334.32,41.60,110.62,1,-1,-1,-1
505,211,88.65,253.24,313.28,605.87,1,-1,-1,-1
505,228,1147.00,327.19,60.18,145.38,1,-1,-1,-1
505,227,734.79,343.28,26.64,64.05,1,-1,-1,-1
505,226,1012.87,340.27,29.81,65.60,1,-1,-1,-1
505,222,1061.87,342.96,21.78,49.28,1,-1,-1,-1
505,233,620.75,340.94,34.44,70.00,1,-1,-1,-1
505,241,955.74,360.05,44.93,99.84,1,-1,-1,-1
505,213,1035.25,343.11,27.18,56.55,1,-1,-1,-1
506,179,1308.44,274.58,88.36,319.98,1,-1,-1,-1
506,193,916.14,328.18,50.96,146.88,1,-1,-1,-1
506,200,826.23,314.07,60.71,173.03,1,-1,-1,-1
506,212,674.63,333.13,41.80,110.30,1,-1,-1,-1
506,211,80.19,256.10,319.23,602.52,1,-1,-1,-1
506,228,1147.42,325.55,60.18,145.86,1,-1,-1,-1
506,227,733.13,341.73,26.63,64.29,1,-1,-1,-1
506,226,1015.18,339.61,29.53,64.36,1,-1,-1,-1
506,222,1062.00,341.74,21.66,49.80,1,-1,-1,-1
506,233,619.87,339.66,34.34,69.33,1,-1,-1,-1
506,241,954.16,358.84,48.42,98.86,1,-1,-1,-1
507,179,1311.90,269.66,90.52,318.68,1,-1,-1,-1
507,193,914.41,326.78,54.20,144.66,1,-1,-1,-1
507,200,828.61,311.97,60.82,172.29,1,-1,-1,-1
507,212,679.82,331.06,41.33,107.33,1,-1,-1,-1
507,211,78.40,260.32,317.46,606.09,1,-1,-1,-1
507,228,1146.67,323.09,60.59,148.17,1,-1,-1,-1
507,227,730.63,339.01,28.17,65.53,1,-1,-1,-1
507,226,1018.19,339.51,28.72,62.46,1,-1,-1,-1
507,222,1063.85,339.69,22.43,50.88,1,-1,-1,-1
507,233,618.68,339.02,35.51,70.78,1,-1,-1,-1
507,241,959.43,349.66,42.91,97.67,1,-1,-1,-1
508,179,1315.78,272.36,92.63,322.82,1,-1,-1,-1
508,193,913.43,328.63,56.25,146.56,1,-1,-1,-1
508,200,830.28,311.13,60.26,174.30,1,-1,-1,-1
508,212,683.00,332.88,41.81,107.95,1,-1,-1,-1
508,211,65.21,266.60,327.75,603.27,1,-1,-1,-1
508,228,1147.96,327.29,62.67,146.76,1,-1,-1,-1
508,227,730.18,340.78,28.49,65.39,1,-1,-1,-1
508,226,1020.62,339.06,29.90,64.78,1,-1,-1,-1
508,222,1066.83,341.25,22.39,49.88,1,-1,-1,-1
508,233,620.80,340.18,34.65,72.82,1,-1,-1,-1
508,241,959.83,355.63,46.13,91.32,1,-1,-1,-1
509,179,1321.43,268.23,93.44,327.63,1,-1,-1,-1
509,193,915.44,323.04,55.76,153.94,1,-1,-1,-1
509,200,832.59,307.08,60.58,175.68,1,-1,-1,-1
509,212,688.12,328.84,41.53,109.42,1,-1,-1,-1
509,211,57.73,255.63,335.13,619.23,1,-1,-1,-1
509,228,1152.96,324.93,63.52,146.79,1,-1,-1,-1
509,227,741.76,338.33,26.84,62.14,1,-1,-1,-1
509,226,1025.64,335.28,30.26,65.68,1,-1,-1,-1
509,222,1070.99,338.02,23.69,51.25,1,-1,-1,-1
509,233,623.94,336.10,33.70,73.90,1,-1,-1,-1
509,241,962.22,352.26,46.83,92.63,1,-1,-1,-1
510,179,1328.19,268.95,90.41,325.85,1,-1,-1,-1
510,193,919.51,319.82,52.93,157.51,1,-1,-1,-1
510,200,831.68,305.34,61.39,175.83,1,-1,-1,-1
510,212,691.48,327.37,41.10,110.66,1,-1,-1,-1
510,211,50.29,245.07,334.52,635.18,1,-1,-1,-1
510,228,1157.89,323.43,60.84,146.62,1,-1,-1,-1
510,227,746.51,337.74,26.79,62.32,1,-1,-1,-1
510,226,1028.28,334.55,29.36,66.83,1,-1,-1,-1
510,222,1075.13,338.15,23.67,50.65,1,-1,-1,-1
510,233,625.77,336.31,32.88,74.71,1,-1,-1,-1
510,241,963.68,353.94,46.17,85.85,1,-1,-1,-1
510,243,730.75,335.60,27.71,70.37,1,-1,-1,-1
511,179,1332.35,265.40,92.13,331.97,1,-1,-1,-1
511,193,922.25,318.29,51.46,157.02,1,-1,-1,-1
511,200,831.86,304.28,62.53,176.43,1,-1,-1,-1
511,212,694.48,326.59,40.80,110.11,1,-1,-1,-1
511,211,44.58,250.90,339.11,634.17,1,-1,-1,-1
511,228,1162.07,323.82,60.10,145.01,1,-1,-1,-1
511,227,750.24,336.40,25.43,61.38,1,-1,-1,-1
511,226,1031.31,333.07,29.13,67.19,1,-1,-1,-1
511,222,1080.79,337.47,22.00,50.45,1,-1,-1,-1
511,233,628.10,336.17,33.17,73.68,1,-1,-1,-1
511,241,964.97,353.01,43.48,84.35,1,-1,-1,-1
511,243,722.75,332.52,29.37,81.07,1,-1,-1,-1
511,234,1061.22,339.47,22.35,50.78,1,-1,-1,-1
512,179,1338.47,261.76,92.26,333.88,1,-1,-1,-1
512,193,921.96,316.15,52.98,156.27,1,-1,-1,-1
512,200,833.55,301.61,62.22,175.39,1,-1,-1,-1
512,212,697.62,322.21,40.20,112.42,1,-1,-1,-1
512,211,37.09,246.57,339.56,640.41,1,-1,-1,-1
512,228,1166.00,319.72,60.01,146.47,1,-1,-1,-1
512,227,756.79,332.80,25.65,63.11,1,-1,-1,-1
512,226,1034.55,330.10,28.90,66.99,1,-1,-1,-1
512,222,1086.32,333.62,22.48,52.16,1,-1,-1,-1
512,233,630.86,333.40,32.53,73.27,1,-1,-1,-1
512,241,967.78,353.20,43.90,81.77,1,-1,-1,-1
512,243,725.58,326.41,31.34,89.13,1,-1,-1,-1
512,234,1069.77,337.47,22.59,50.56,1,-1,-1,-1
513,179,1345.13,255.87,94.62,338.27,1,-1,-1,-1
513,193,918.60,311.70,55.84,157.11,1,-1,-1,-1
513,200,836.20,298.31,62.17,174.68,1,-1,-1,-1
513,212,700.48,319.62,39.32,109.70,1,-1,-1,-1
513,211,26.69,246.19,344.40,650.35,1,-1,-1,-1
513,228,1170.90,314.29,60.74,147.23,1,-1,-1,-1
513,227,759.77,327.23,26.54,66.39,1,-1,-1,-1
513,226,1039.04,323.44,28.43,66.65,1,-1,-1,-1
513,222,1090.37,327.51,21.41,52.64,1,-1,-1,-1
513,233,632.52,327.18,33.92,73.11,1,-1,-1,-1
513,241,969.06,349.60,46.58,81.21,1,-1,-1,-1
513,243,728.67,319.28,34.78,87.97,1,-1,-1,-1
513,234,1072.29,328.29,23.07,53.83,1,-1,-1,-1
514,179,1350.85,255.44,94.77,336.48,1,-1,-1,-1
514,193,917.04,307.10,55.48,158.09,1,-1,-1,-1
514,200,836.78,295.62,61.53,174.08,1,-1,-1,-1
514,212,702.47,314.72,39.08,110.58,1,-1,-1,-1
514,211,16.04,240.45,351.22,661.24,1,-1,-1,-1
514,228,1172.91,309.67,59.94,145.18,1,-1,-1,-1
514,227,763.09,324.13,25.59,66.58,1,-1,-1,-1
514,226,1040.89,318.87,28.69,66.97,1,-1,-1,-1
514,222,1091.96,323.33,21.37,52.76,1,-1,-1,-1
514,233,632.83,321.05,35.10,74.95,1,-1,-1,-1
514,241,970.25,345.46,46.58,81.67,1,-1,-1,-1
514,243,727.64,312.83,36.20,91.09,1,-1,-1,-1
514,234,1072.51,321.77,22.95,53.86,1,-1,-1,-1
515,179,1353.21,252.13,96.59,336.06,1,-1,-1,-1
515,193,916.74,303.53,55.75,160.20,1,-1,-1,-1
515,200,835.88,292.58,61.32,175.89,1,-1,-1,-1
515,212,703.78,313.40,38.95,109.50,1,-1,-1,-1
515,211,7.00,236.01,352.49,667.32,1,-1,-1,-1
515,228,1173.38,305.88,60.94,145.45,1,-1,-1,-1
515,227,764.36,323.22,24.76,66.17,1,-1,-1,-1
515,226,1041.49,316.20,29.00,68.01,1,-1,-1,-1
515,222,1091.86,321.32,22.10,52.58,1,-1,-1,-1
515,233,632.17,318.35,35.30,74.44,1,-1,-1,-1
515,241,971.58,343.77,46.97,82.44,1,-1,-1,-1
515,213,1064.66,318.36,25.88,60.44,1,-1,-1,-1
516,179,1354.53,248.95,98.08,334.80,1,-1,-1,-1
516,193,916.14,303.09,55.82,159.35,1,-1,-1,-1
516,200,834.35,290.62,61.75,177.24,1,-1,-1,-1
516,212,704.73,312.49,39.04,108.96,1,-1,-1,-1
516,211,8.94,233.72,342.96,674.52,1,-1,-1,-1
516,228,1173.38,303.57,61.62,146.23,1,-1,-1,-1
516,227,764.36,322.00,24.52,66.27,1,-1,-1,-1
516,226,1041.00,314.95,29.05,68.53,1,-1,-1,-1
516,222,1092.62,318.61,22.37,53.83,1,-1,-1,-1
516,233,631.36,317.37,34.38,74.04,1,-1,-1,-1
516,241,972.54,342.22,45.58,82.67,1,-1,-1,-1
516,234,1072.73,317.75,23.63,54.14,1,-1,-1,-1
517,179,1358.98,245.05,96.74,338.96,1,-1,-1,-1
517,193,916.96,302.90,56.34,157.74,1,-1,-1,-1
517,200,836.37,288.10,61.62,178.60,1,-1,-1,-1
517,212,706.83,311.27,39.66,108.09,1,-1,-1,-1
517,211,6.30,223.73,340.28,689.54,1,-1,-1,-1
517,228,1174.80,300.76,61.20,147.85,1,-1,-1,-1
517,227,764.22,320.02,25.10,66.17,1,-1,-1,-1
517,226,1042.16,314.19,28.66,68.00,1,-1,-1,-1
517,222,1092.93,317.87,22.39,53.11,1,-1,-1,-1
517,233,631.80,316.20,33.74,74.01,1,-1,-1,-1
517,241,974.97,340.04,45.75,83.69,1,-1,-1,-1
517,213,1068.39,314.83,24.99,59.65,1,-1,-1,-1
518,179,1362.07,244.53,100.36,342.40,1,-1,-1,-1
518,193,917.16,304.36,55.27,155.97,1,-1,-1,-1
518,200,838.14,286.38,61.11,181.02,1,-1,-1,-1
518,212,708.89,310.60,39.08,107.62,1,-1,-1,-1
518,211,0.32,217.17,333.62,707.53,1,-1,-1,-1
518,228,1175.75,300.99,60.77,146.81,1,-1,-1,-1
518,227,762.12,319.05,25.15,65.49,1,-1,-1,-1
518,226,1042.80,313.96,28.61,68.41,1,-1,-1,-1
518,222,1094.46,317.79,21.50,51.71,1,-1,-1,-1
518,233,629.62,315.77,34.13,74.35,1,-1,-1,-1
518,241,974.81,340.21,47.78,82.20,1,-1,-1,-1
518,213,1065.65,317.07,26.38,60.13,1,-1,-1,-1
519,179,1363.41,240.48,106.84,347.22,1,-1,-1,-1
519,193,917.92,303.47,55.14,155.16,1,-1,-1,-1
519,200,839.23,284.44,61.61,182.42,1,-1,-1,-1
519,212,710.55,310.08,39.57,107.26,1,-1,-1,-1
519,211,0.76,212.89,325.48,716.32,1,-1,-1,-1
519,228,1175.71,299.79,61.37,148.13,1,-1,-1,-1
519,227,763.45,318.35,24.69,64.86,1,-1,-1,-1
519,226,1043.84,313.64,28.57,68.33,1,-1,-1,-1
519,222,1096.41,317.79,21.27,50.53,1,-1,-1,-1
519,233,627.99,316.01,34.78,73.38,1,-1,-1,-1
519,241,975.72,339.78,48.57,81.78,1,-1,-1,-1
519,244,320.35,305.01,86.79,267.84,1,-1,-1,-1
520,179,1365.79,244.79,106.05,348.27,1,-1,-1,-1
520,193,918.66,306.71,51.93,153.49,1,-1,-1,-1
520,200,838.68,287.09,61.55,179.40,1,-1,-1,-1
520,212,711.18,311.84,40.00,108.45,1,-1,-1,-1
520,211,2.48,216.73,311.66,715.24,1,-1,-1,-1
520,228,1174.69,301.79,61.35,147.99,1,-1,-1,-1
520,227,763.12,320.38,25.17,67.60,1,-1,-1,-1
520,226,1043.19,315.99,28.48,67.48,1,-1,-1,-1
520,222,1094.18,320.34,21.38,50.62,1,-1,-1,-1
520,233,626.17,318.31,35.33,74.92,1,-1,-1,-1
520,241,975.52,343.13,48.37,78.97,1,-1,-1,-1
520,244,316.75,297.51,90.42,281.02,1,-1,-1,-1
520,213,1064.19,319.31,25.34,57.82,1,-1,-1,-1
521,179,1368.01,244.03,103.94,349.54,1,-1,-1,-1
521,193,918.16,305.72,49.48,152.48,1,-1,-1,-1
521,200,838.59,286.00,61.15,180.63,1,-1,-1,-1
521,212,710.87,310.25,40.34,109.90,1,-1,-1,-1
521,211,0.23,216.76,316.04,724.99,1,-1,-1,-1
521,228,1173.90,301.59,61.61,148.35,1,-1,-1,-1
521,227,761.11,319.03,25.71,69.86,1,-1,-1,-1
521,226,1042.43,315.30,28.81,68.69,1,-1,-1,-1
521,222,1092.92,320.23,21.91,51.32,1,-1,-1,-1
521,233,624.07,317.30,36.30,77.08,1,-1,-1,-1
521,241,974.43,343.35,48.26,76.82,1,-1,-1,-1
521,244,313.69,287.08,88.25,292.20,1,-1,-1,-1
521,213,1065.11,319.58,26.54,58.38,1,-1,-1,-1
522,179,1365.73,245.99,103.92,353.69,1,-1,-1,-1
522,193,913.93,307.57,51.85,144.81,1,-1,-1,-1
522,200,835.40,287.37,62.22,178.06,1,-1,-1,-1
522,212,708.83,313.71,39.46,105.87,1,-1,-1,-1
522,211,-1.27,217.28,297.31,727.85,1,-1,-1,-1
522,228,1172.85,305.90,60.15,145.93,1,-1,-1,-1
522,227,761.26,321.39,26.16,69.14,1,-1,-1,-1
522,226,1038.71,316.83,28.99,67.02,1,-1,-1,-1
522,222,1086.30,322.70,22.30,50.12,1,-1,-1,-1
522,233,620.64,318.14,36.83,76.04,1,-1,-1,-1
522,241,973.12,343.56,46.66,76.62,1,-1,-1,-1
522,244,306.33,296.16,93.46,287.69,1,-1,-1,-1
522,213,1057.15,319.18,25.94,59.10,1,-1,-1,-1
522,234,1069.89,322.84,26.14,56.49,1,-1,-1,-1
523,179,1369.00,244.30,102.74,362.76,1,-1,-1,-1
523,193,910.93,304.47,51.81,153.88,1,-1,-1,-1
523,200,832.83,287.91,62.68,180.09,1,-1,-1,-1
523,212,710.31,315.06,38.02,105.43,1,-1,-1,-1
523,211,-0.52,223.34,285.08,735.24,1,-1,-1,-1
523,228,1171.92,307.57,59.98,145.81,1,-1,-1,-1
523,227,760.74,323.31,25.84,68.50,1,-1,-1,-1
523,226,1040.15,317.58,28.82,69.24,1,-1,-1,-1
523,222,1088.70,323.34,22.20,52.32,1,-1,-1,-1
523,233,619.40,319.86,35.83,74.37,1,-1,-1,-1
523,241,969.43,344.48,47.95,77.27,1,-1,-1,-1
523,244,299.88,289.02,92.05,296.18,1,-1,-1,-1
523,234,1068.09,320.53,24.88,57.23,1,-1,-1,-1
524,179,1368.33,246.06,100.00,365.25,1,-1,-1,-1
524,193,903.16,308.87,53.82,157.72,1,-1,-1,-1
524,200,826.47,291.33,63.00,177.17,1,-1,-1,-1
524,212,703.98,316.49,39.14,106.38,1,-1,-1,-1
524,211,-1.97,232.38,260.77,741.83,1,-1,-1,-1
524,228,1165.71,310.02,60.82,143.97,1,-1,-1,-1
524,227,756.60,325.16,26.62,68.18,1,-1,-1,-1
524,226,1035.82,318.71,28.80,69.72,1,-1,-1,-1
524,222,1086.84,325.34,21.29,50.78,1,-1,-1,-1
524,233,612.13,323.12,37.85,73.58,1,-1,-1,-1
524,241,966.09,344.15,45.10,79.88,1,-1,-1,-1
524,244,288.31,288.37,100.11,297.19,1,-1,-1,-1
524,234,1066.22,322.41,24.46,55.59,1,-1,-1,-1
525,179,1370.42,242.57,99.90,368.47,1,-1,-1,-1
525,193,899.91,309.36,56.02,158.69,1,-1,-1,-1
525,200,824.89,290.13,63.00,175.65,1,-1,-1,-1
525,212,703.31,314.06,39.95,107.61,1,-1,-1,-1
525,211,1.53,231.99,240.43,750.47,1,-1,-1,-1
525,228,1163.13,306.02,62.39,146.56,1,-1,-1,-1
525,227,757.46,322.49,25.93,69.77,1,-1,-1,-1
525,226,1035.19,317.01,29.39,69.70,1,-1,-1,-1
525,222,1088.04,324.03,21.34,48.70,1,-1,-1,-1
525,233,609.19,320.17,40.27,77.22,1,-1,-1,-1
525,241,966.38,341.80,44.04,82.06,1,-1,-1,-1
525,244,280.09,288.06,112.67,296.62,1,-1,-1,-1
525,234,1063.88,321.07,24.70,55.22,1,-1,-1,-1
526,179,1369.91,246.27,100.61,365.88,1,-1,-1,-1
526,193,897.86,309.61,55.51,158.55,1,-1,-1,-1
526,200,821.88,291.30,63.60,176.19,1,-1,-1,-1
526,212,702.73,314.12,39.95,109.22,1,-1,-1,-1
526,211,5.47,243.48,229.55,744.60,1,-1,-1,-1
526,228,1159.81,307.79,62.61,145.31,1,-1,-1,-1
526,227,756.12,324.68,26.06,67.75,1,-1,-1,-1
526,226,1034.07,317.87,29.23,70.16,1,-1,-1,-1
526,222,1087.86,322.81,21.17,52.73,1,-1,-1,-1
526,233,605.89,321.82,38.47,73.75,1,-1,-1,-1
526,241,964.58,344.84,44.76,80.16,1,-1,-1,-1
526,244,278.69,290.74,102.33,291.94,1,-1,-1,-1
526,234,1063.99,322.00,26.91,57.08,1,-1,-1,-1
527,179,1368.08,245.15,101.69,367.92,1,-1,-1,-1
527,193,891.88,307.71,56.24,158.89,1,-1,-1,-1
527,200,817.46,290.00,62.85,175.83,1,-1,-1,-1
527,212,701.16,312.63,39.51,110.58,1,-1,-1,-1
527,211,3.15,244.80,213.58,760.60,1,-1,-1,-1
527,228,1155.07,305.57,63.50,146.73,1,-1,-1,-1
527,227,753.20,324.16,27.28,67.09,1,-1,-1,-1
527,226,1031.20,318.04,28.61,70.01,1,-1,-1,-1
527,222,1085.66,321.32,22.23,53.91,1,-1,-1,-1
527,233,598.77,320.44,37.80,74.92,1,-1,-1,-1
527,241,961.38,344.32,44.93,78.93,1,-1,-1,-1
527,244,273.52,288.05,93.91,292.87,1,-1,-1,-1
527,234,1069.17,322.64,23.75,53.46,1,-1,-1,-1
527,245,634.20,318.66,23.95,52.00,1,-1,-1,-1
528,179,1366.20,241.72,100.83,368.56,1,-1,-1,-1
528,193,884.77,303.79,53.05,157.22,1,-1,-1,-1
528,200,808.36,284.32,63.12,177.30,1,-1,-1,-1
528,212,695.99,307.02,41.04,111.30,1,-1,-1,-1
528,211,2.79,224.49,192.37,806.51,1,-1,-1,-1
528,228,1148.72,302.02,62.23,146.71,1,-1,-1,-1
528,226,1024.73,315.86,29.06,67.09,1,-1,-1,-1
528,222,1075.66,317.05,23.41,54.08,1,-1,-1,-1
528,233,590.86,316.59,36.30,71.31,1,-1,-1,-1
528,241,955.42,340.44,47.16,80.35,1,-1,-1,-1
528,244,254.22,281.99,104.14,302.33,1,-1,-1,-1
528,234,1059.30,319.45,24.19,55.65,1,-1,-1,-1
529,179,1363.94,243.52,100.21,365.90,1,-1,-1,-1
529,193,880.40,303.20,53.27,156.13,1,-1,-1,-1
529,200,802.62,284.95,63.14,175.95,1,-1,-1,-1
529,212,692.42,306.03,42.24,112.91,1,-1,-1,-1
529,228,1145.18,301.31,61.64,147.34,1,-1,-1,-1
529,226,1021.46,315.76,29.62,65.15,1,-1,-1,-1
529,222,1070.50,316.80,22.89,54.40,1,-1,-1,-1
529,233,588.58,316.97,34.70,69.90,1,-1,-1,-1
529,241,950.43,339.99,49.99,81.59,1,-1,-1,-1
529,244,242.59,273.14,104.49,305.95,1,-1,-1,-1
530,179,1362.19,243.72,101.34,367.20,1,-1,-1,-1
530,193,877.52,300.64,53.04,158.71,1,-1,-1,-1
530,200,798.84,283.51,63.10,177.58,1,-1,-1,-1
530,212,690.37,304.88,42.93,112.98,1,-1,-1,-1
530,228,1141.26,300.36,61.84,148.45,1,-1,-1,-1
530,226,1017.56,313.65,29.81,66.41,1,-1,-1,-1
530,222,1068.53,314.82,22.92,56.88,1,-1,-1,-1
530,241,947.78,340.33,49.11,81.16,1,-1,-1,-1
530,244,232.80,277.81,106.53,298.61,1,-1,-1,-1
530,227,727.68,312.46,27.93,78.11,1,-1,-1,-1
530,245,607.78,311.78,27.26,55.47,1,-1,-1,-1
531,179,1360.24,242.92,101.29,369.13,1,-1,-1,-1
531,193,875.65,300.14,50.92,157.75,1,-1,-1,-1
531,200,794.64,283.84,62.91,176.78,1,-1,-1,-1
531,212,688.66,304.16,43.40,112.65,1,-1,-1,-1
531,228,1138.75,300.03,60.42,147.27,1,-1,-1,-1
531,226,1013.12,311.97,29.03,67.59,1,-1,-1,-1
531,222,1064.16,313.85,22.81,55.47,1,-1,-1,-1
531,241,945.25,338.33,47.56,82.38,1,-1,-1,-1
531,244,222.02,280.83,111.81,290.90,1,-1,-1,-1
531,227,725.19,311.78,27.26,77.06,1,-1,-1,-1
531,245,608.03,309.32,26.29,54.44,1,-1,-1,-1
531,234,1041.86,312.86,24.46,57.60,1,-1,-1,-1
532,179,1360.09,240.57,101.77,374.34,1,-1,-1,-1
532,193,871.15,299.95,53.24,157.56,1,-1,-1,-1
532,200,790.25,283.77,63.65,176.41,1,-1,-1,-1
532,212,686.48,305.89,42.80,110.46,1,-1,-1,-1
532,228,1135.19,299.86,60.63,146.81,1,-1,-1,-1
532,226,1010.00,312.11,28.74,67.38,1,-1,-1,-1
532,222,1061.07,314.39,23.03,53.49,1,-1,-1,-1
532,241,943.06,337.49,47.50,84.22,1,-1,-1,-1
532,244,212.27,279.05,115.48,295.54,1,-1,-1,-1
532,227,719.98,313.65,26.56,76.26,1,-1,-1,-1
532,245,605.24,309.79,25.53,53.69,1,-1,-1,-1
532,234,1037.76,312.18,25.20,58.44,1,-1,-1,-1
533,179,1359.06,237.13,102.52,380.56,1,-1,-1,-1
533,193,866.22,301.32,54.79,157.00,1,-1,-1,-1
533,200,784.84,282.13,64.13,177.93,1,-1,-1,-1
533,212,680.76,307.29,43.85,110.70,1,-1,-1,-1
533,228,1128.16,300.82,63.36,146.01,1,-1,-1,-1
533,226,1005.14,311.74,30.39,68.95,1,-1,-1,-1
533,222,1055.34,314.17,24.65,56.24,1,-1,-1,-1
533,241,938.36,338.03,48.98,85.11,1,-1,-1,-1
533,244,198.94,280.32,116.90,299.16,1,-1,-1,-1
533,227,722.03,316.18,25.93,69.29,1,-1,-1,-1
533,245,605.71,312.74,25.60,51.55,1,-1,-1,-1
534,179,1359.26,234.86,102.22,383.00,1,-1,-1,-1
534,193,864.68,299.79,56.97,157.13,1,-1,-1,-1
534,200,785.36,281.72,65.75,178.30,1,-1,-1,-1
534,212,682.15,306.08,42.75,110.83,1,-1,-1,-1
534,228,1125.52,298.22,64.06,145.86,1,-1,-1,-1
534,226,1003.08,311.40,31.43,68.23,1,-1,-1,-1
534,222,1053.50,313.77,25.10,53.87,1,-1,-1,-1
534,241,937.91,336.70,49.81,84.59,1,-1,-1,-1
534,244,190.85,285.52,114.83,291.64,1,-1,-1,-1
534,227,725.01,314.92,25.06,67.20,1,-1,-1,-1
534,245,607.63,315.67,24.57,48.07,1,-1,-1,-1
535,179,1359.65,236.96,101.23,384.50,1,-1,-1,-1
535,193,862.44,299.39,57.63,158.72,1,-1,-1,-1
535,200,780.36,282.68,64.56,179.32,1,-1,-1,-1
535,212,679.03,309.86,44.13,110.30,1,-1,-1,-1
535,228,1121.41,300.17,61.52,144.84,1,-1,-1,-1
535,226,1000.06,313.43,30.73,67.62,1,-1,-1,-1
535,222,1052.20,313.31,25.08,56.60,1,-1,-1,-1
535,241,935.24,336.17,48.04,88.35,1,-1,-1,-1
535,244,179.73,288.52,116.79,292.36,1,-1,-1,-1
536,179,1362.71,232.78,100.95,390.55,1,-1,-1,-1
536,193,862.42,299.36,57.68,155.18,1,-1,-1,-1
536,200,779.68,281.47,66.02,177.35,1,-1,-1,-1
536,212,680.95,307.25,44.18,112.59,1,-1,-1,-1
536,228,1121.22,299.15,63.68,145.69,1,-1,-1,-1
536,226,1000.15,313.78,30.85,66.18,1,-1,-1,-1
536,222,1052.17,314.28,24.67,53.15,1,-1,-1,-1
536,241,935.72,334.57,47.07,87.84,1,-1,-1,-1
536,244,175.39,293.80,115.87,283.95,1,-1,-1,-1
536,245,611.63,318.24,23.09,44.02,1,-1,-1,-1
537,179,1364.77,232.79,102.26,387.11,1,-1,-1,-1
537,193,861.36,297.38,59.31,156.14,1,-1,-1,-1
537,200,778.75,280.15,65.88,180.17,1,-1,-1,-1
537,212,682.83,305.53,45.17,114.86,1,-1,-1,-1
537,228,1122.57,298.76,63.93,145.20,1,-1,-1,-1
537,226,1001.23,311.87,31.21,69.21,1,-1,-1,-1
537,222,1054.79,313.14,25.56,54.26,1,-1,-1,-1
537,241,934.98,335.84,47.10,86.59,1,-1,-1,-1
537,244,172.68,289.10,113.83,291.66,1,-1,-1,-1
537,245,605.08,317.30,23.55,46.55,1,-1,-1,-1
537,227,739.10,316.01,23.57,62.69,1,-1,-1,-1
538,179,1366.32,226.71,104.69,391.87,1,-1,-1,-1
538,193,855.13,290.79,59.25,161.50,1,-1,-1,-1
538,200,773.93,277.04,64.49,179.94,1,-1,-1,-1
538,212,681.45,301.68,43.68,114.41,1,-1,-1,-1
538,228,1121.49,296.26,60.91,142.57,1,-1,-1,-1
538,226,999.81,306.91,31.63,70.62,1,-1,-1,-1
538,222,1051.69,308.79,25.06,55.15,1,-1,-1,-1
538,241,931.12,332.75,48.61,87.08,1,-1,-1,-1
538,244,163.50,283.95,112.02,299.08,1,-1,-1,-1
538,245,603.71,311.83,23.25,48.58,1,-1,-1,-1
538,227,737.18,310.28,24.58,63.41,1,-1,-1,-1
539,179,1369.92,219.86,111.11,400.89,1,-1,-1,-1
539,193,854.92,287.09,58.74,163.33,1,-1,-1,-1
539,200,774.22,276.12,64.33,178.46,1,-1,-1,-1
539,212,682.90,295.92,43.42,116.58,1,-1,-1,-1
539,228,1124.19,290.27,58.30,144.64,1,-1,-1,-1
539,226,1001.45,301.25,31.62,72.42,1,-1,-1,-1
539,222,1054.94,305.22,25.29,55.84,1,-1,-1,-1
539,241,930.97,329.62,47.88,86.80,1,-1,-1,-1
539,244,160.08,280.06,112.54,301.29,1,-1,-1,-1
539,245,607.99,306.95,23.59,49.57,1,-1,-1,-1
539,227,736.88,306.56,26.33,64.61,1,-1,-1,-1
540,179,1370.57,218.83,113.20,403.07,1,-1,-1,-1
540,193,853.38,286.40,59.09,164.02,1,-1,-1,-1
540,200,772.27,271.00,64.44,183.96,1,-1,-1,-1
540,212,684.10,293.10,43.23,118.84,1,-1,-1,-1
540,228,1124.76,286.18,58.96,149.20,1,-1,-1,-1
540,226,1001.82,299.29,31.20,72.65,1,-1,-1,-1
540,222,1057.37,303.08,25.29,57.16,1,-1,-1,-1
540,241,929.91,329.33,48.51,85.37,1,-1,-1,-1
540,244,158.49,275.40,106.83,307.44,1,-1,-1,-1
540,245,605.82,303.56,23.98,51.33,1,-1,-1,-1
540,227,737.41,301.93,29.43,69.71,1,-1,-1,-1
541,179,1372.16,216.62,112.48,403.55,1,-1,-1,-1
541,193,850.16,285.60,58.75,162.67,1,-1,-1,-1
541,200,770.30,271.81,64.15,180.61,1,-1,-1,-1
541,212,683.84,290.69,42.10,118.23,1,-1,-1,-1
541,228,1123.35,285.13,59.54,148.61,1,-1,-1,-1
541,226,1000.39,296.68,30.77,72.97,1,-1,-1,-1
541,222,1056.31,299.22,25.68,59.80,1,-1,-1,-1
541,241,928.31,326.21,48.60,86.21,1,-1,-1,-1
541,244,151.71,271.06,105.40,311.61,1,-1,-1,-1
541,245,603.06,300.28,24.59,52.57,1,-1,-1,-1
541,248,1164.18,285.91,44.84,114.44,1,-1,-1,-1
542,179,1374.19,212.04,112.16,405.64,1,-1,-1,-1
542,193,847.20,282.69,58.96,163.24,1,-1,-1,-1
542,200,768.53,269.13,64.47,179.60,1,-1,-1,-1
542,212,684.43,288.91,41.62,116.83,1,-1,-1,-1
542,228,1122.22,282.80,59.00,145.71,1,-1,-1,-1
542,226,999.51,294.16,30.61,71.96,1,-1,-1,-1
542,222,1056.35,295.49,25.70,60.47,1,-1,-1,-1
542,241,928.52,321.53,48.52,88.69,1,-1,-1,-1
542,244,147.37,269.15,103.06,311.67,1,-1,-1,-1
542,245,603.72,296.92,23.84,52.82,1,-1,-1,-1
542,248,1162.91,281.71,47.46,116.33,1,-1,-1,-1
543,179,1379.88,205.71,112.66,409.63,1,-1,-1,-1
543,193,844.69,281.11,60.14,162.56,1,-1,-1,-1
543,200,768.18,266.09,63.13,177.53,1,-1,-1,-1
543,212,684.97,288.06,41.06,113.30,1,-1,-1,-1
543,228,1121.31,279.91,58.97,142.96,1,-1,-1,-1
543,226,999.12,290.39,29.94,70.86,1,-1,-1,-1
543,222,1056.02,291.21,25.35,61.07,1,-1,-1,-1
543,241,928.18,318.40,48.56,89.60,1,-1,-1,-1
543,244,138.75,268.25,103.47,313.27,1,-1,-1,-1
543,245,604.08,292.79,23.38,52.47,1,-1,-1,-1
543,248,1161.97,278.00,49.99,117.83,1,-1,-1,-1
544,179,1381.13,204.50,115.44,414.14,1,-1,-1,-1
544,193,842.19,280.43,58.15,162.13,1,-1,-1,-1
544,200,767.38,266.34,62.27,176.28,1,-1,-1,-1
544,212,685.07,288.38,41.30,112.26,1,-1,-1,-1
544,228,1118.49,278.48,60.12,143.30,1,-1,-1,-1
544,226,998.14,289.86,29.90,70.45,1,-1,-1,-1
544,222,1055.04,289.47,25.63,62.28,1,-1,-1,-1
544,241,928.15,318.65,48.29,88.95,1,-1,-1,-1
544,244,133.13,268.83,104.09,313.75,1,-1,-1,-1
544,245,604.08,291.70,22.90,52.53,1,-1,-1,-1
544,248,1161.76,277.42,49.53,116.15,1,-1,-1,-1
544,250,890.22,310.17,46.01,99.15,1,-1,-1,-1
545,179,1387.95,200.65,109.05,420.38,1,-1,-1,-1
545,193,839.84,279.69,57.97,162.18,1,-1,-1,-1
545,200,766.71,265.41,62.37,176.50,1,-1,-1,-1
545,212,685.92,288.20,41.33,112.49,1,-1,-1,-1
545,228,1115.82,278.13,61.82,143.11,1,-1,-1,-1
545,226,998.72,289.05,29.42,70.83,1,-1,-1,-1
545,222,1055.01,289.37,25.60,61.42,1,-1,-1,-1
545,241,928.62,317.01,48.32,89.35,1,-1,-1,-1
545,244,128.06,264.89,101.74,317.30,1,-1,-1,-1
545,245,605.66,289.64,23.40,51.35,1,-1,-1,-1
545,248,1161.03,275.83,50.54,118.08,1,-1,-1,-1
545,250,894.65,312.60,44.86,91.10,1,-1,-1,-1
546,179,1391.77,199.12,108.98,425.62,1,-1,-1,-1
546,193,838.79,278.51,57.35,164.03,1,-1,-1,-1
546,200,767.32,266.36,62.05,175.45,1,-1,-1,-1
546,212,686.97,288.18,41.78,114.10,1,-1,-1,-1
546,228,1114.42,278.30,62.30,142.38,1,-1,-1,-1
546,226,998.97,288.21,29.93,71.30,1,-1,-1,-1
546,222,1055.10,289.62,25.46,61.25,1,-1,-1,-1
546,241,928.32,318.12,48.22,87.04,1,-1,-1,-1
546,244,122.86,263.53,100.34,328.81,1,-1,-1,-1
546,245,604.80,290.49,23.53,50.87,1,-1,-1,-1
546,248,1161.01,275.67,51.15,119.20,1,-1,-1,-1
546,250,893.82,312.69,46.76,90.83,1,-1,-1,-1
546,251,211.64,288.91,36.86,86.72,1,-1,-1,-1
547,179,1392.80,197.83,111.08,429.69,1,-1,-1,-1
547,193,837.53,281.08,56.49,161.23,1,-1,-1,-1
547,200,767.00,269.76,61.46,173.01,1,-1,-1,-1
547,212,687.80,289.46,41.83,114.91,1,-1,-1,-1
547,228,1113.74,280.05,61.08,140.79,1,-1,-1,-1
547,226,998.19,289.93,30.15,71.41,1,-1,-1,-1
547,222,1055.09,290.92,24.98,61.17,1,-1,-1,-1
547,241,928.64,319.21,47.93,88.42,1,-1,-1,-1
547,244,115.25,262.58,102.44,332.04,1,-1,-1,-1
547,245,599.42,292.60,24.29,51.69,1,-1,-1,-1
547,248,1159.79,276.81,53.32,120.27,1,-1,-1,-1
547,250,892.17,314.05,48.58,91.90,1,-1,-1,-1
547,251,207.99,290.40,36.46,88.10,1,-1,-1,-1
548,179,1394.98,198.40,111.65,425.52,1,-1,-1,-1
548,193,837.81,280.61,53.77,160.70,1,-1,-1,-1
548,200,763.73,269.23,62.92,177.65,1,-1,-1,-1
548,212,688.37,290.44,41.74,114.89,1,-1,-1,-1
548,228,1112.05,283.64,61.54,139.43,1,-1,-1,-1
548,226,998.51,291.46,29.84,70.69,1,-1,-1,-1
548,222,1055.22,291.40,25.25,62.42,1,-1,-1,-1
548,241,929.35,319.37,48.38,89.58,1,-1,-1,-1
548,244,107.64,265.57,101.70,338.88,1,-1,-1,-1
548,245,594.54,295.54,24.62,52.02,1,-1,-1,-1
548,248,1158.90,279.17,55.79,118.25,1,-1,-1,-1
548,250,892.23,314.11,50.39,93.55,1,-1,-1,-1
548,251,203.41,292.33,35.89,86.02,1,-1,-1,-1
548,252,648.70,300.20,21.20,42.59,1,-1,-1,-1
549,179,1397.82,196.94,113.67,432.40,1,-1,-1,-1
549,193,835.97,280.76,53.32,156.80,1,-1,-1,-1
549,200,761.14,269.62,64.74,175.55,1,-1,-1,-1
549,212,687.61,290.94,42.72,114.66,1,-1,-1,-1
549,228,1111.22,283.51,61.21,140.06,1,-1,-1,-1
549,226,997.25,292.75,29.03,69.04,1,-1,-1,-1
549,222,1052.83,293.99,24.48,60.60,1,-1,-1,-1
549,241,929.15,317.94,48.10,91.20,1,-1,-1,-1
549,244,97.73,265.28,103.49,342.19,1,-1,-1,-1
549,245,595.92,296.23,24.95,51.83,1,-1,-1,-1
549,248,1157.44,278.71,57.66,117.98,1,-1,-1,-1
549,250,891.97,314.02,50.41,91.83,1,-1,-1,-1
549,251,200.77,294.31,35.57,83.88,1,-1,-1,-1
549,252,645.51,300.80,21.21,44.80,1,-1,-1,-1
550,179,1406.19,198.13,114.52,437.26,1,-1,-1,-1
550,193,839.55,281.05,51.98,158.27,1,-1,-1,-1
550,200,762.87,270.56,63.74,176.79,1,-1,-1,-1
550,212,689.81,291.35,42.11,114.14,1,-1,-1,-1
550,228,1113.84,282.35,61.64,143.67,1,-1,-1,-1
550,226,999.03,292.58,31.03,72.12,1,-1,-1,-1
550,222,1054.38,293.47,25.74,61.43,1,-1,-1,-1
550,241,931.52,319.99,48.15,89.28,1,-1,-1,-1
550,244,93.73,266.51,106.97,345.80,1,-1,-1,-1
550,245,594.89,297.64,25.08,52.23,1,-1,-1,-1
550,248,1162.25,279.58,57.83,119.53,1,-1,-1,-1
550,250,893.65,314.11,50.11,92.25,1,-1,-1,-1
550,251,201.10,293.09,36.15,86.46,1,-1,-1,-1
550,252,645.64,300.90,21.29,43.78,1,-1,-1,-1
551,179,1408.51,196.27,118.47,441.45,1,-1,-1,-1
551,193,839.12,278.49,51.36,158.53,1,-1,-1,-1
551,200,762.32,268.66,63.81,176.90,1,-1,-1,-1
551,212,689.24,290.14,41.98,113.66,1,-1,-1,-1
551,228,1113.42,279.14,62.58,145.27,1,-1,-1,-1
551,226,998.69,292.03,29.77,70.22,1,-1,-1,-1
551,222,1053.30,292.11,25.70,60.72,1,-1,-1,-1
551,241,931.06,317.54,49.19,90.22,1,-1,-1,-1
551,244,86.60,266.32,106.44,344.65,1,-1,-1,-1
551,245,592.94,295.79,25.54,52.89,1,-1,-1,-1
551,248,1162.61,277.78,57.75,120.86,1,-1,-1,-1
551,250,893.14,312.63,49.86,91.44,1,-1,-1,-1
551,251,196.81,292.80,36.80,85.57,1,-1,-1,-1
551,252,642.95,299.69,21.70,43.63,1,-1,-1,-1
552,179,1413.80,196.28,119.42,442.66,1,-1,-1,-1
552,193,838.66,282.36,52.26,158.16,1,-1,-1,-1
552,200,760.94,269.50,64.64,179.39,1,-1,-1,-1
552,212,689.98,292.08,41.96,115.52,1,-1,-1,-1
552,228,1114.46,280.59,62.03,147.32,1,-1,-1,-1
552,226,999.15,294.86,30.63,71.26,1,-1,-1,-1
552,222,1052.48,295.57,25.65,60.50,1,-1,-1,-1
552,241,930.10,321.27,50.21,89.57,1,-1,-1,-1
552,244,83.01,268.28,102.93,353.10,1,-1,-1,-1
552,245,596.65,300.05,25.10,52.73,1,-1,-1,-1
552,248,1164.96,281.03,56.83,122.07,1,-1,-1,-1
552,250,893.48,316.41,51.39,90.21,1,-1,-1,-1
552,251,193.97,296.51,38.32,87.68,1,-1,-1,-1
552,252,640.44,301.20,22.10,44.37,1,-1,-1,-1
553,179,1416.61,194.49,116.51,444.14,1,-1,-1,-1
553,193,833.03,281.30,54.05,156.72,1,-1,-1,-1
553,200,756.76,267.62,64.61,178.58,1,-1,-1,-1
553,212,688.60,289.43,41.62,115.94,1,-1,-1,-1
553,228,1109.68,278.89,63.00,146.00,1,-1,-1,-1
553,226,995.38,292.00,30.35,71.52,1,-1,-1,-1
553,222,1051.37,292.38,25.50,60.80,1,-1,-1,-1
553,241,928.86,318.49,49.94,90.86,1,-1,-1,-1
553,244,69.58,262.54,104.02,371.14,1,-1,-1,-1
553,245,591.81,297.11,25.39,52.38,1,-1,-1,-1
553,248,1164.23,278.52,56.69,124.68,1,-1,-1,-1
553,250,889.88,313.08,52.21,91.44,1,-1,-1,-1
553,251,187.07,293.74,37.79,87.10,1,-1,-1,-1
553,252,641.23,298.50,21.61,44.03,1,-1,-1,-1
554,179,1421.26,191.97,118.74,448.91,1,-1,-1,-1
554,193,832.50,280.41,55.02,157.44,1,-1,-1,-1
554,200,756.43,266.75,64.83,179.15,1,-1,-1,-1
554,212,689.52,288.53,41.44,115.12,1,-1,-1,-1
554,228,1110.17,278.63,63.51,143.74,1,-1,-1,-1
554,226,995.45,290.07,30.19,72.14,1,-1,-1,-1
554,222,1053.28,291.36,25.78,60.66,1,-1,-1,-1
554,241,930.96,316.22,48.91,92.11,1,-1,-1,-1
554,244,68.90,268.70,95.58,364.09,1,-1,-1,-1
554,245,590.24,295.08,25.56,52.78,1,-1,-1,-1
554,248,1165.58,276.91,57.22,126.18,1,-1,-1,-1
554,250,890.71,311.30,51.84,92.16,1,-1,-1,-1
554,251,185.79,292.24,37.38,87.39,1,-1,-1,-1
554,252,641.20,297.53,21.56,43.22,1,-1,-1,-1
555,179,1421.91,189.82,123.64,451.90,1,-1,-1,-1
555,193,829.67,277.86,57.58,160.92,1,-1,-1,-1
555,200,754.78,265.41,64.84,178.78,1,-1,-1,-1
555,212,688.80,287.46,42.19,114.94,1,-1,-1,-1
555,228,1109.44,276.87,63.64,143.36,1,-1,-1,-1
555,226,995.00,288.40,30.26,71.91,1,-1,-1,-1
555,222,1051.93,290.04,25.69,60.46,1,-1,-1,-1
555,241,930.33,315.40,49.58,92.05,1,-1,-1,-1
555,244,64.11,282.92,93.35,346.30,1,-1,-1,-1
555,245,590.66,293.44,26.02,52.07,1,-1,-1,-1
555,248,1166.25,274.51,56.21,125.47,1,-1,-1,-1
555,250,890.41,310.98,50.01,92.04,1,-1,-1,-1
555,251,182.01,290.88,37.84,90.13,1,-1,-1,-1
555,252,640.82,295.63,21.33,42.71,1,-1,-1,-1
556,179,1424.28,186.50,123.29,461.51,1,-1,-1,-1
556,193,828.52,276.20,58.08,162.82,1,-1,-1,-1
556,200,754.40,266.25,62.85,175.98,1,-1,-1,-1
556,212,687.45,287.00,42.19,113.48,1,-1,-1,-1
556,228,1107.58,274.79,63.01,143.42,1,-1,-1,-1
556,226,993.04,286.23,30.35,71.82,1,-1,-1,-1
556,222,1050.94,289.19,25.77,60.12,1,-1,-1,-1
556,241,929.68,315.41,48.96,89.10,1,-1,-1,-1
556,245,585.98,292.17,26.71,53.06,1,-1,-1,-1
556,248,1165.49,272.59,55.32,123.77,1,-1,-1,-1
556,250,887.36,308.49,52.04,95.16,1,-1,-1,-1
556,251,178.55,291.46,38.26,90.27,1,-1,-1,-1
556,252,642.15,295.09,21.79,43.84,1,-1,-1,-1
557,179,1423.56,186.42,128.91,464.80,1,-1,-1,-1
557,193,827.43,276.12,57.14,162.77,1,-1,-1,-1
557,200,751.87,267.33,64.83,176.22,1,-1,-1,-1
557,212,686.55,288.09,41.31,111.63,1,-1,-1,-1
557,228,1106.44,273.92,62.68,144.80,1,-1,-1,-1
557,226,991.25,286.75,30.87,71.23,1,-1,-1,-1
557,222,1049.90,288.99,26.69,61.51,1,-1,-1,-1
557,241,928.46,315.18,49.29,92.49,1,-1,-1,-1
557,245,583.77,293.18,27.25,52.68,1,-1,-1,-1
557,248,1164.32,272.02,54.87,124.06,1,-1,-1,-1
557,250,885.31,309.06,52.01,94.97,1,-1,-1,-1
557,251,174.44,294.88,38.38,90.55,1,-1,-1,-1
557,252,647.30,298.38,21.84,43.90,1,-1,-1,-1
557,253,599.88,292.98,24.73,50.56,1,-1,-1,-1
558,179,1432.00,184.52,155.81,465.56,1,-1,-1,-1
558,193,829.90,276.05,55.31,160.82,1,-1,-1,-1
558,200,749.34,267.88,65.10,174.66,1,-1,-1,-1
558,212,685.90,287.21,42.35,111.78,1,-1,-1,-1
558,228,1107.77,271.81,61.89,144.91,1,-1,-1,-1
558,226,991.11,286.18,31.10,70.46,1,-1,-1,-1
558,222,1050.87,288.40,26.08,62.07,1,-1,-1,-1
558,241,928.98,314.48,49.32,91.50,1,-1,-1,-1
558,245,583.92,292.51,27.15,51.71,1,-1,-1,-1
558,248,1167.31,270.48,55.61,125.25,1,-1,-1,-1
558,250,885.71,307.08,51.97,94.43,1,-1,-1,-1
558,251,170.22,295.45,38.72,89.38,1,-1,-1,-1
558,252,648.88,297.67,22.21,44.76,1,-1,-1,-1
558,253,599.45,292.41,24.44,49.71,1,-1,-1,-1
559,179,1436.03,186.63,169.63,468.08,1,-1,-1,-1
559,193,828.92,279.50,54.68,157.22,1,-1,-1,-1
559,200,745.66,271.34,64.94,174.29,1,-1,-1,-1
559,212,686.26,289.75,41.53,111.82,1,-1,-1,-1
559,228,1107.55,274.68,60.95,143.39,1,-1,-1,-1
559,226,990.61,289.04,31.33,70.86,1,-1,-1,-1
559,222,1051.21,291.61,25.72,61.97,1,-1,-1,-1
559,241,928.30,315.38,50.12,94.03,1,-1,-1,-1
559,245,581.36,295.75,26.53,52.24,1,-1,-1,-1
559,248,1169.27,275.32,56.44,124.80,1,-1,-1,-1
559,250,884.18,307.42,51.98,96.76,1,-1,-1,-1
559,251,167.28,298.31,39.57,91.00,1,-1,-1,-1
559,252,645.23,299.37,21.24,44.05,1,-1,-1,-1
559,253,595.87,296.17,24.06,49.78,1,-1,-1,-1
560,179,1440.74,186.13,158.49,472.68,1,-1,-1,-1
560,193,828.22,280.11,54.50,157.67,1,-1,-1,-1
560,200,742.45,272.78,64.38,173.75,1,-1,-1,-1
560,212,686.32,289.80,41.94,113.44,1,-1,-1,-1
560,228,1107.63,276.25,59.77,141.34,1,-1,-1,-1
560,226,990.27,290.91,31.13,69.81,1,-1,-1,-1
560,222,1049.35,293.15,25.64,61.65,1,-1,-1,-1
560,241,927.47,315.78,50.93,95.74,1,-1,-1,-1
560,245,580.51,297.24,26.34,52.56,1,-1,-1,-1
560,248,1169.86,277.83,56.39,123.54,1,-1,-1,-1
560,250,884.18,309.66,51.69,94.85,1,-1,-1,-1
560,251,164.50,298.60,40.46,93.56,1,-1,-1,-1
560,252,646.78,299.14,20.93,44.90,1,-1,-1,-1
560,253,595.50,297.67,24.41,50.20,1,-1,-1,-1
561,179,1439.94,186.62,142.19,479.05,1,-1,-1,-1
561,193,829.24,281.82,54.05,158.70,1,-1,-1,-1
561,200,738.70,273.46,63.51,173.02,1,-1,-1,-1
561,212,686.65,291.64,42.16,111.07,1,-1,-1,-1
561,228,1109.06,279.12,57.60,141.17,1,-1,-1,-1
561,226,990.27,292.29,31.66,69.81,1,-1,-1,-1
561,222,1050.43,294.06,25.28,62.84,1,-1,-1,-1
561,241,927.87,317.22,52.28,94.93,1,-1,-1,-1
561,245,578.50,300.03,25.87,52.74,1,-1,-1,-1
561,248,1171.76,280.37,57.49,122.04,1,-1,-1,-1
561,250,883.13,309.15,53.23,97.36,1,-1,-1,-1
561,251,162.38,301.60,40.20,91.83,1,-1,-1,-1
562,179,1440.34,186.95,129.59,484.23,1,-1,-1,-1
562,193,829.74,283.35,54.63,160.94,1,-1,-1,-1
562,200,735.85,274.06,62.94,174.41,1,-1,-1,-1
562,212,686.33,292.54,44.57,113.57,1,-1,-1,-1
562,228,1106.92,281.37,57.70,141.44,1,-1,-1,-1
562,226,989.43,295.79,31.92,69.34,1,-1,-1,-1
562,222,1046.92,296.32,24.75,61.24,1,-1,-1,-1
562,241,930.18,319.37,51.69,92.92,1,-1,-1,-1
562,245,579.15,304.17,25.30,51.94,1,-1,-1,-1
562,248,1172.82,283.35,59.28,120.66,1,-1,-1,-1
562,250,885.51,312.70,50.86,95.90,1,-1,-1,-1
562,251,159.04,301.60,39.57,95.83,1,-1,-1,-1
562,254,613.21,304.86,22.76,47.34,1,-1,-1,-1
562,252,639.75,302.90,21.30,47.14,1,-1,-1,-1
563,179,1451.36,189.25,127.60,485.64,1,-1,-1,-1
563,193,835.76,284.20,55.65,160.15,1,-1,-1,-1
563,200,739.00,276.14,62.48,175.16,1,-1,-1,-1
563,212,692.20,295.51,45.53,112.88,1,-1,-1,-1
563,228,1110.36,287.55,57.83,140.95,1,-1,-1,-1
563,226,995.05,297.68,31.99,71.50,1,-1,-1,-1
563,222,1057.54,300.48,26.05,60.40,1,-1,-1,-1
563,241,936.55,326.37,49.85,89.43,1,-1,-1,-1
563,245,583.29,309.34,25.31,51.01,1,-1,-1,-1
563,248,1178.33,284.65,60.55,125.12,1,-1,-1,-1
563,250,890.62,315.92,51.85,98.27,1,-1,-1,-1
563,251,159.35,303.28,40.43,99.47,1,-1,-1,-1
563,254,622.30,309.37,22.59,46.65,1,-1,-1,-1
563,252,646.40,307.15,23.93,48.26,1,-1,-1,-1
563,253,605.06,309.31,24.69,49.15,1,-1,-1,-1
564,179,1463.81,190.12,127.00,493.47,1,-1,-1,-1
564,193,840.30,287.74,54.99,157.43,1,-1,-1,-1
564,200,744.91,279.44,62.84,174.97,1,-1,-1,-1
564,212,698.74,297.00,46.36,113.84,1,-1,-1,-1
564,228,1116.17,291.17,57.56,142.64,1,-1,-1,-1
564,226,1003.96,300.65,31.25,70.66,1,-1,-1,-1
564,222,1063.49,302.82,25.59,59.03,1,-1,-1,-1
564,241,941.18,328.96,52.17,90.93,1,-1,-1,-1
564,245,588.69,312.75,25.69,50.69,1,-1,-1,-1
564,248,1184.28,287.69,61.99,123.83,1,-1,-1,-1
564,250,895.08,316.42,51.03,100.37,1,-1,-1,-1
564,251,163.41,307.66,40.70,98.68,1,-1,-1,-1
564,254,633.43,310.88,23.22,46.70,1,-1,-1,-1
564,257,79.80,292.97,69.12,129.58,1,-1,-1,-1
564,253,613.83,314.03,23.88,47.06,1,-1,-1,-1
565,179,1470.88,187.30,125.08,500.66,1,-1,-1,-1
565,193,841.25,287.57,57.28,158.98,1,-1,-1,-1
565,200,746.07,278.80,64.06,177.66,1,-1,-1,-1
565,212,700.72,297.72,46.50,112.44,1,-1,-1,-1
565,228,1118.85,288.64,58.37,144.37,1,-1,-1,-1
565,226,1008.33,298.71,31.55,71.41,1,-1,-1,-1
565,222,1064.83,299.03,26.78,60.88,1,-1,-1,-1
565,241,941.99,326.27,53.37,93.42,1,-1,-1,-1
565,245,590.18,310.21,25.49,52.72,1,-1,-1,-1
565,248,1186.26,286.84,63.59,123.81,1,-1,-1,-1
565,250,898.52,314.39,51.81,101.77,1,-1,-1,-1
565,251,165.35,304.55,42.94,100.98,1,-1,-1,-1
565,254,632.80,311.73,23.48,47.27,1,-1,-1,-1
565,257,78.66,288.99,73.39,139.17,1,-1,-1,-1
565,253,608.11,312.66,24.91,49.96,1,-1,-1,-1
566,179,1476.50,188.32,132.63,509.94,1,-1,-1,-1
566,193,844.50,290.93,55.50,156.45,1,-1,-1,-1
566,200,748.77,280.84,63.12,176.75,1,-1,-1,-1
566,212,703.70,298.17,47.00,112.04,1,-1,-1,-1
566,228,1122.56,291.89,59.80,143.25,1,-1,-1,-1
566,226,1011.38,300.55,32.91,73.81,1,-1,-1,-1
566,222,1066.96,302.91,25.07,58.47,1,-1,-1,-1
566,241,943.93,328.92,52.45,93.96,1,-1,-1,-1
566,245,594.99,312.91,25.94,51.57,1,-1,-1,-1
566,248,1190.39,287.29,63.73,126.78,1,-1,-1,-1
566,250,901.57,318.28,52.69,101.63,1,-1,-1,-1
566,251,166.29,305.51,42.87,99.21,1,-1,-1,-1
566,254,636.48,312.55,23.91,48.11,1,-1,-1,-1
566,257,77.63,293.60,75.51,133.80,1,-1,-1,-1
567,179,1488.16,191.15,133.52,508.13,1,-1,-1,-1
567,193,848.26,290.84,57.60,158.08,1,-1,-1,-1
567,200,751.07,278.54,64.37,178.79,1,-1,-1,-1
567,212,709.40,300.28,45.72,108.20,1,-1,-1,-1
567,228,1126.77,290.68,60.54,143.39,1,-1,-1,-1
567,226,1016.47,299.77,33.58,75.19,1,-1,-1,-1
567,222,1069.44,302.79,24.34,55.86,1,-1,-1,-1
567,241,948.42,328.96,51.99,94.45,1,-1,-1,-1
567,245,602.08,313.43,25.74,50.46,1,-1,-1,-1
567,248,1196.81,285.42,65.25,130.62,1,-1,-1,-1
567,250,906.29,317.56,52.28,102.04,1,-1,-1,-1
567,251,171.39,306.33,43.12,98.44,1,-1,-1,-1
567,254,644.34,313.34,23.02,46.51,1,-1,-1,-1
567,257,73.69,293.73,82.16,133.31,1,-1,-1,-1
568,179,1501.55,184.36,136.24,523.65,1,-1,-1,-1
568,193,851.04,289.59,56.10,160.88,1,-1,-1,-1
568,200,754.38,277.59,64.20,178.31,1,-1,-1,-1
568,212,714.33,298.42,45.11,109.21,1,-1,-1,-1
568,228,1129.51,286.69,61.26,146.29,1,-1,-1,-1
568,226,1020.79,297.43,33.94,76.43,1,-1,-1,-1
568,222,1073.23,301.27,24.81,58.70,1,-1,-1,-1
568,241,952.39,328.74,52.99,95.17,1,-1,-1,-1
568,245,606.44,309.76,25.59,51.84,1,-1,-1,-1
568,248,1203.32,283.13,65.39,132.25,1,-1,-1,-1
568,250,910.25,318.43,53.42,101.88,1,-1,-1,-1
568,251,172.90,304.84,42.52,99.20,1,-1,-1,-1
568,254,641.38,310.17,23.23,48.21,1,-1,-1,-1
568,257,70.52,291.66,82.97,136.68,1,-1,-1,-1
569,179,1508.50,183.26,137.55,526.87,1,-1,-1,-1
569,193,851.78,290.90,56.70,156.15,1,-1,-1,-1
569,200,754.16,277.84,63.93,175.91,1,-1,-1,-1
569,212,715.95,298.10,45.07,110.87,1,-1,-1,-1
569,228,1130.96,288.71,60.00,143.97,1,-1,-1,-1
569,226,1021.99,296.75,34.20,76.21,1,-1,-1,-1
569,222,1076.58,301.38,26.17,61.69,1,-1,-1,-1
569,241,953.72,328.27,53.08,97.76,1,-1,-1,-1
569,245,606.93,308.32,25.85,53.41,1,-1,-1,-1
569,248,1208.82,282.76,61.93,131.11,1,-1,-1,-1
569,250,912.13,320.00,53.36,99.55,1,-1,-1,-1
569,251,171.97,303.94,42.27,100.14,1,-1,-1,-1
569,254,641.01,308.77,23.44,48.81,1,-1,-1,-1
569,257,65.00,292.39,84.94,139.13,1,-1,-1,-1
570,179,1514.93,181.50,138.53,524.77,1,-1,-1,-1
570,193,853.83,287.87,56.97,158.28,1,-1,-1,-1
570,200,757.26,274.96,62.15,176.20,1,-1,-1,-1
570,212,719.67,295.13,45.94,113.62,1,-1,-1,-1
570,228,1133.56,284.97,59.55,143.74,1,-1,-1,-1
570,226,1025.44,294.72,33.46,74.78,1,-1,-1,-1
570,222,1080.99,297.46,26.76,63.03,1,-1,-1,-1
570,241,955.58,325.39,52.80,100.81,1,-1,-1,-1
570,245,609.90,305.08,25.64,54.78,1,-1,-1,-1
570,248,1214.99,279.42,60.90,131.75,1,-1,-1,-1
570,250,915.46,314.98,53.09,103.45,1,-1,-1,-1
570,251,171.53,300.07,41.80,101.99,1,-1,-1,-1
570,254,643.25,305.49,23.18,49.43,1,-1,-1,-1
570,257,61.64,291.05,83.29,140.23,1,-1,-1,-1
570,262,660.58,303.44,21.72,50.03,1,-1,-1,-1
571,179,1521.76,179.55,139.84,528.64,1,-1,-1,-1
571,193,854.52,288.25,57.50,160.71,1,-1,-1,-1
571,200,758.81,275.80,61.45,175.71,1,-1,-1,-1
571,212,722.96,295.99,46.45,113.40,1,-1,-1,-1
571,228,1135.22,285.13,59.10,142.58,1,-1,-1,-1
571,226,1027.41,295.99,32.95,73.81,1,-1,-1,-1
571,222,1084.38,297.86,26.52,62.29,1,-1,-1,-1
571,241,956.97,325.65,52.40,102.41,1,-1,-1,-1
571,245,610.42,304.98,25.35,55.50,1,-1,-1,-1
571,248,1220.43,280.21,59.37,130.44,1,-1,-1,-1
571,250,917.00,315.23,52.57,103.62,1,-1,-1,-1
571,251,171.63,301.53,41.59,101.08,1,-1,-1,-1
571,254,641.74,304.85,23.07,50.18,1,-1,-1,-1
571,257,58.58,290.69,80.51,142.60,1,-1,-1,-1
571,262,663.91,303.57,21.57,49.58,1,-1,-1,-1
572,179,1528.09,176.23,145.52,536.79,1,-1,-1,-1
572,193,854.37,288.93,57.75,160.98,1,-1,-1,-1
572,200,760.29,274.17,61.99,176.86,1,-1,-1,-1
572,212,725.54,295.75,45.92,111.80,1,-1,-1,-1
572,228,1136.87,284.74,59.13,142.75,1,-1,-1,-1
572,226,1029.55,295.51,32.58,73.72,1,-1,-1,-1
572,222,1084.69,298.67,25.06,60.80,1,-1,-1,-1
572,241,957.57,324.88,52.46,103.40,1,-1,-1,-1
572,245,610.80,304.38,25.21,55.63,1,-1,-1,-1
572,248,1226.36,280.64,57.38,130.20,1,-1,-1,-1
572,250,917.66,313.99,53.78,103.35,1,-1,-1,-1
572,251,170.98,300.49,42.13,100.65,1,-1,-1,-1
572,254,642.75,304.15,22.87,50.00,1,-1,-1,-1
572,257,58.32,288.66,76.30,140.37,1,-1,-1,-1
572,262,662.06,302.54,21.73,50.35,1,-1,-1,-1
572,253,630.29,305.07,23.22,51.48,1,-1,-1,-1
573,179,1538.08,174.46,146.94,545.49,1,-1,-1,-1
573,193,852.88,290.78,58.62,161.86,1,-1,-1,-1
573,200,762.66,274.79,61.98,177.90,1,-1,-1,-1
573,212,727.38,295.06,45.34,113.74,1,-1,-1,-1
573,228,1138.37,283.06,61.05,147.58,1,-1,-1,-1
573,226,1031.46,296.06,32.80,75.06,1,-1,-1,-1
573,222,1082.08,300.65,24.79,59.94,1,-1,-1,-1
573,241,959.73,325.67,52.92,102.53,1,-1,-1,-1
573,245,613.76,304.57,25.12,55.06,1,-1,-1,-1
573,248,1231.90,282.20,57.64,130.46,1,-1,-1,-1
573,250,917.64,315.86,54.66,103.24,1,-1,-1,-1
573,251,168.95,300.69,42.15,100.87,1,-1,-1,-1
573,254,641.51,305.24,23.22,49.68,1,-1,-1,-1
573,257,53.29,286.91,77.42,143.26,1,-1,-1,-1
573,262,662.60,302.81,22.47,50.18,1,-1,-1,-1
573,263,124.20,302.14,34.40,100.04,1,-1,-1,-1
573,264,1101.20,302.09,25.96,57.74,1,-1,-1,-1
573,252,677.80,303.79,23.27,48.17,1,-1,-1,-1
574,179,1543.29,173.38,148.94,549.61,1,-1,-1,-1
574,193,851.55,292.07,56.97,159.01,1,-1,-1,-1
574,200,762.14,274.80,62.66,179.73,1,-1,-1,-1
574,212,727.55,296.27,44.95,113.57,1,-1,-1,-1
574,228,1138.43,283.19,61.06,148.80,1,-1,-1,-1
574,226,1032.22,298.52,32.65,72.86,1,-1,-1,-1
574,222,1080.70,302.51,24.61,59.30,1,-1,-1,-1
574,241,961.19,327.73,52.64,100.21,1,-1,-1,-1
574,245,614.36,306.10,25.33,53.45,1,-1,-1,-1
574,248,1231.34,282.42,60.83,133.73,1,-1,-1,-1
574,250,917.43,317.43,55.66,102.03,1,-1,-1,-1
574,251,168.13,300.78,41.59,102.44,1,-1,-1,-1
574,254,642.75,307.05,23.40,47.90,1,-1,-1,-1
574,257,51.28,285.46,74.04,142.38,1,-1,-1,-1
574,262,661.30,304.71,22.98,48.84,1,-1,-1,-1
574,263,120.35,304.57,40.42,99.60,1,-1,-1,-1
574,264,1100.89,303.40,25.69,57.75,1,-1,-1,-1
574,252,675.89,304.37,24.18,48.55,1,-1,-1,-1
575,179,1553.96,170.46,148.27,566.59,1,-1,-1,-1
575,193,852.60,292.24,57.43,157.26,1,-1,-1,-1
575,200,764.10,277.81,62.47,177.40,1,-1,-1,-1
575,212,728.64,299.27,45.24,108.55,1,-1,-1,-1
575,228,1140.21,284.25,61.41,150.00,1,-1,-1,-1
575,226,1037.07,302.42,32.18,69.54,1,-1,-1,-1
575,222,1073.21,305.20,25.60,59.20,1,-1,-1,-1
575,241,964.06,330.38,52.97,97.98,1,-1,-1,-1
575,245,616.70,307.59,26.06,53.24,1,-1,-1,-1
575,248,1233.30,286.24,62.62,132.80,1,-1,-1,-1
575,250,919.22,320.01,56.46,100.91,1,-1,-1,-1
575,251,167.83,301.19,41.54,102.43,1,-1,-1,-1
575,254,643.45,307.37,23.78,49.39,1,-1,-1,-1
575,257,51.09,285.57,72.21,141.55,1,-1,-1,-1
575,262,666.54,306.90,23.48,48.17,1,-1,-1,-1
575,263,118.77,305.53,42.38,95.69,1,-1,-1,-1
575,264,1105.52,306.67,24.72,55.42,1,-1,-1,-1
576,179,1556.14,169.97,153.70,574.00,1,-1,-1,-1
576,193,852.02,293.69,54.80,157.87,1,-1,-1,-1
576,200,762.79,278.72,63.73,178.32,1,-1,-1,-1
576,212,728.29,302.59,44.26,100.74,1,-1,-1,-1
576,228,1139.78,286.38,61.13,149.75,1,-1,-1,-1
576,226,1038.39,304.05,32.02,70.46,1,-1,-1,-1
576,222,1071.01,304.68,25.52,60.09,1,-1,-1,-1
576,241,964.46,332.33,53.39,96.38,1,-1,-1,-1
576,245,616.44,308.51,26.61,53.68,1,-1,-1,-1
576,248,1232.26,286.88,65.90,135.09,1,-1,-1,-1
576,250,918.03,321.48,56.33,101.19,1,-1,-1,-1
576,251,165.55,300.90,42.03,103.97,1,-1,-1,-1
576,254,641.16,308.52,23.87,50.44,1,-1,-1,-1
576,257,47.94,285.14,71.54,141.69,1,-1,-1,-1
576,262,664.64,307.82,23.19,48.78,1,-1,-1,-1
576,263,114.73,304.61,46.24,97.40,1,-1,-1,-1
576,265,1491.27,198.20,115.28,473.41,1,-1,-1,-1
577,179,1565.33,173.63,146.27,576.73,1,-1,-1,-1
577,193,848.57,295.61,57.05,156.09,1,-1,-1,-1
577,200,760.65,279.02,64.06,178.87,1,-1,-1,-1
577,212,728.55,305.66,39.77,92.20,1,-1,-1,-1
577,228,1139.72,291.99,59.70,145.42,1,-1,-1,-1
577,226,1037.42,308.11,31.54,68.81,1,-1,-1,-1
577,222,1064.41,308.21,25.87,61.75,1,-1,-1,-1
577,241,964.88,334.52,53.50,94.85,1,-1,-1,-1
577,245,618.61,311.20,26.93,54.52,1,-1,-1,-1
577,248,1231.84,289.84,67.08,137.00,1,-1,-1,-1
577,250,918.59,323.43,54.11,102.11,1,-1,-1,-1
577,251,159.84,299.04,43.35,105.06,1,-1,-1,-1
577,254,640.31,309.21,24.01,53.34,1,-1,-1,-1
577,257,42.80,284.75,69.69,140.14,1,-1,-1,-1
577,262,665.03,310.55,22.77,49.16,1,-1,-1,-1
577,263,113.45,303.85,44.68,100.76,1,-1,-1,-1
577,265,1491.08,205.10,118.67,476.90,1,-1,-1,-1
578,179,1574.45,181.95,161.24,579.73,1,-1,-1,-1
578,193,849.10,297.89,55.52,155.88,1,-1,-1,-1
578,200,763.24,282.35,62.97,180.73,1,-1,-1,-1
578,212,730.78,307.60,43.65,102.06,1,-1,-1,-1
578,228,1142.26,298.01,58.28,145.37,1,-1,-1,-1
578,226,1038.54,312.01,31.43,68.73,1,-1,-1,-1
578,222,1071.79,311.92,26.32,63.10,1,-1,-1,-1
578,241,965.92,339.06,53.08,95.40,1,-1,-1,-1
578,245,621.82,313.37,25.99,54.96,1,-1,-1,-1
578,248,1236.16,293.87,65.10,138.01,1,-1,-1,-1
578,250,918.49,326.45,56.54,103.14,1,-1,-1,-1
578,251,155.45,298.09,43.77,108.33,1,-1,-1,-1
578,257,41.20,288.62,67.53,135.48,1,-1,-1,-1
578,262,666.47,314.22,22.88,48.47,1,-1,-1,-1
578,263,109.60,301.29,43.66,106.22,1,-1,-1,-1
578,265,1494.44,210.22,128.09,484.63,1,-1,-1,-1
578,264,1093.60,312.83,24.47,59.35,1,-1,-1,-1
579,179,1574.57,182.30,177.47,590.01,1,-1,-1,-1
579,193,846.31,301.44,55.37,158.87,1,-1,-1,-1
579,200,759.23,284.93,64.14,182.23,1,-1,-1,-1
579,212,727.80,313.16,41.97,93.82,1,-1,-1,-1
579,228,1141.60,301.14,57.38,144.02,1,-1,-1,-1
579,226,1035.16,315.17,31.70,67.56,1,-1,-1,-1
579,222,1070.72,315.75,26.26,61.17,1,-1,-1,-1
579,241,964.12,342.17,53.89,95.80,1,-1,-1,-1
579,245,616.22,317.06,26.32,53.78,1,-1,-1,-1
579,248,1234.78,296.13,66.29,137.62,1,-1,-1,-1
579,250,916.60,329.19,56.93,103.26,1,-1,-1,-1
579,251,145.06,300.28,46.94,106.59,1,-1,-1,-1
579,257,35.70,288.46,65.61,137.01,1,-1,-1,-1
579,262,665.41,316.50,22.53,48.42,1,-1,-1,-1
579,263,105.58,302.29,40.57,108.99,1,-1,-1,-1
579,265,1497.31,216.55,130.07,480.77,1,-1,-1,-1
579,253,630.19,318.54,25.00,51.58,1,-1,-1,-1
580,179,1579.08,178.72,177.21,598.76,1,-1,-1,-1
580,193,845.66,302.20,54.24,159.86,1,-1,-1,-1
580,200,757.08,284.65,65.09,182.47,1,-1,-1,-1
580,212,727.36,313.13,43.25,95.67,1,-1,-1,-1
580,228,1141.27,301.27,58.26,144.37,1,-1,-1,-1
580,226,1034.17,314.95,31.80,67.50,1,-1,-1,-1
580,241,962.18,341.68,52.81,97.33,1,-1,-1,-1
580,245,615.98,315.86,26.31,55.09,1,-1,-1,-1
580,248,1236.75,296.71,64.69,140.08,1,-1,-1,-1
580,250,916.23,330.93,56.48,101.02,1,-1,-1,-1
580,251,141.23,301.23,46.65,103.62,1,-1,-1,-1
580,257,31.75,290.02,66.11,134.03,1,-1,-1,-1
580,262,665.04,315.26,22.53,48.36,1,-1,-1,-1
580,263,100.56,302.69,39.89,105.99,1,-1,-1,-1
580,265,1501.26,215.93,131.48,484.44,1,-1,-1,-1
580,266,1098.88,317.53,25.54,58.06,1,-1,-1,-1
580,254,635.11,316.93,24.08,52.24,1,-1,-1,-1
580,264,1079.97,315.82,25.90,61.00,1,-1,-1,-1
581,179,1588.83,183.75,161.46,603.12,1,-1,-1,-1
581,193,843.38,303.70,53.38,158.15,1,-1,-1,-1
581,200,755.09,285.38,64.88,181.58,1,-1,-1,-1
581,212,725.12,314.46,43.00,96.19,1,-1,-1,-1
581,228,1140.61,302.19,57.41,144.22,1,-1,-1,-1
581,226,1031.54,314.82,31.58,67.75,1,-1,-1,-1
581,241,961.14,342.07,51.80,98.93,1,-1,-1,-1
581,245,611.14,315.09,25.98,56.21,1,-1,-1,-1
581,248,1235.64,297.35,65.58,141.14,1,-1,-1,-1
581,250,915.60,332.33,56.24,101.14,1,-1,-1,-1
581,251,136.56,300.14,45.13,105.71,1,-1,-1,-1
581,257,25.84,290.04,68.76,134.74,1,-1,-1,-1
581,262,661.10,315.66,21.93,47.60,1,-1,-1,-1
581,263,96.49,302.91,39.63,105.38,1,-1,-1,-1
581,265,1498.13,216.44,143.91,486.44,1,-1,-1,-1
581,264,1081.88,316.60,25.49,60.74,1,-1,-1,-1
581,253,625.34,315.26,24.33,52.46,1,-1,-1,-1
582,179,1589.22,187.99,159.41,603.83,1,-1,-1,-1
582,193,838.39,303.67,54.50,158.90,1,-1,-1,-1
582,200,750.65,287.20,65.08,180.05,1,-1,-1,-1
582,212,721.74,317.90,38.93,89.15,1,-1,-1,-1
582,228,1138.63,302.28,56.92,142.91,1,-1,-1,-1
582,226,1025.73,314.55,31.84,69.80,1,-1,-1,-1
582,241,958.47,342.19,51.77,99.02,1,-1,-1,-1
582,245,607.77,314.55,25.66,56.50,1,-1,-1,-1
582,248,1237.10,298.19,62.44,142.19,1,-1,-1,-1
582,250,912.34,332.04,57.08,103.44,1,-1,-1,-1
582,251,129.16,299.63,43.68,105.30,1,-1,-1,-1
582,257,15.59,286.09,67.71,138.37,1,-1,-1,-1
582,262,657.86,314.68,21.71,48.61,1,-1,-1,-1
582,263,83.87,301.20,41.92,107.00,1,-1,-1,-1
582,265,1494.41,216.56,148.40,499.71,1,-1,-1,-1
582,266,1089.97,317.59,25.50,62.53,1,-1,-1,-1
582,254,625.92,314.90,23.39,52.40,1,-1,-1,-1
583,179,1595.19,184.95,161.29,614.08,1,-1,-1,-1
583,193,834.99,300.07,55.80,161.27,1,-1,-1,-1
583,200,747.55,283.93,65.30,180.39,1,-1,-1,-1
583,212,718.45,318.34,34.52,78.18,1,-1,-1,-1
583,228,1137.22,299.48,57.99,143.19,1,-1,-1,-1
583,226,1023.49,311.68,31.66,70.69,1,-1,-1,-1
583,241,956.14,339.74,52.41,98.98,1,-1,-1,-1
583,245,605.57,310.49,25.87,55.40,1,-1,-1,-1
583,248,1239.15,296.37,61.44,142.80,1,-1,-1,-1
583,250,910.51,329.26,57.51,103.53,1,-1,-1,-1
583,251,119.97,293.79,44.91,108.16,1,-1,-1,-1
583,257,6.15,280.00,61.72,142.16,1,-1,-1,-1
583,262,647.03,310.85,22.15,49.41,1,-1,-1,-1
583,263,75.05,296.72,44.56,106.65,1,-1,-1,-1
583,265,1501.00,210.77,148.68,505.17,1,-1,-1,-1
583,266,1088.29,314.23,25.71,65.39,1,-1,-1,-1
583,254,625.91,310.79,23.51,51.49,1,-1,-1,-1
583,252,663.89,308.13,22.94,49.92,1,-1,-1,-1
584,179,1600.74,186.57,158.06,612.76,1,-1,-1,-1
584,193,832.88,297.78,56.12,163.14,1,-1,-1,-1
584,200,745.27,283.63,64.89,180.67,1,-1,-1,-1
584,212,715.83,317.07,33.81,76.05,1,-1,-1,-1
584,228,1136.05,298.49,58.92,143.96,1,-1,-1,-1
584,226,1022.14,312.01,31.49,70.23,1,-1,-1,-1
584,241,954.88,339.93,51.57,97.59,1,-1,-1,-1
584,245,601.74,310.27,26.04,54.70,1,-1,-1,-1
584,248,1239.52,296.48,61.15,143.56,1,-1,-1,-1
584,250,909.34,328.32,57.50,105.29,1,-1,-1,-1
584,251,113.71,293.23,46.00,108.60,1,-1,-1,-1
584,257,0.71,278.79,58.36,141.86,1,-1,-1,-1
584,262,644.45,309.83,22.67,49.93,1,-1,-1,-1
584,263,71.11,297.21,43.60,104.25,1,-1,-1,-1
584,265,1501.31,210.25,152.54,509.05,1,-1,-1,-1
584,266,1087.17,314.31,25.45,64.99,1,-1,-1,-1
584,252,659.32,307.36,23.40,50.64,1,-1,-1,-1
585,179,1605.79,185.98,166.49,617.77,1,-1,-1,-1
585,193,831.80,296.27,56.19,167.63,1,-1,-1,-1
585,200,742.94,284.66,64.93,180.15,1,-1,-1,-1
585,212,716.27,316.70,34.20,75.75,1,-1,-1,-1
585,228,1135.00,299.12,59.63,144.57,1,-1,-1,-1
585,226,1022.19,313.18,31.48,69.78,1,-1,-1,-1
585,241,953.63,340.30,50.95,97.18,1,-1,-1,-1
585,245,599.74,309.83,25.68,55.76,1,-1,-1,-1
585,248,1240.02,296.24,60.93,146.03,1,-1,-1,-1
585,250,909.20,328.72,56.20,106.07,1,-1,-1,-1
585,251,109.65,294.78,44.15,107.08,1,-1,-1,-1
585,257,-0.75,279.74,49.43,141.65,1,-1,-1,-1
585,262,645.01,309.56,22.92,50.59,1,-1,-1,-1
585,263,65.64,296.36,43.25,105.72,1,-1,-1,-1
585,265,1507.55,207.03,150.76,519.87,1,-1,-1,-1
585,266,1086.55,316.11,24.84,63.19,1,-1,-1,-1
585,252,659.54,307.32,23.26,51.00,1,-1,-1,-1
586,179,1611.12,175.35,167.56,638.17,1,-1,-1,-1
586,193,831.43,295.67,56.11,168.04,1,-1,-1,-1
586,200,740.55,283.45,65.63,179.91,1,-1,-1,-1
586,212,714.94,314.69,35.94,77.82,1,-1,-1,-1
586,228,1133.46,298.33,61.11,145.42,1,-1,-1,-1
586,226,1021.65,312.20,32.15,69.63,1,-1,-1,-1
586,241,952.92,338.82,50.81,96.31,1,-1,-1,-1
586,245,599.43,308.16,25.82,55.90,1,-1,-1,-1
586,248,1241.14,295.23,60.67,146.18,1,-1,-1,-1
586,250,909.11,326.27,55.57,107.88,1,-1,-1,-1
586,251,105.75,293.52,44.29,106.49,1,-1,-1,-1
586,257,-0.74,280.77,41.01,143.82,1,-1,-1,-1
586,262,644.44,308.28,23.01,50.38,1,-1,-1,-1
586,263,61.07,295.45,42.44,104.94,1,-1,-1,-1
586,265,1513.25,203.24,153.27,528.67,1,-1,-1,-1
586,266,1086.28,314.38,25.13,63.51,1,-1,-1,-1
586,252,660.95,305.92,23.22,50.88,1,-1,-1,-1
587,179,1617.12,174.60,164.91,648.28,1,-1,-1,-1
587,193,831.94,298.61,55.71,167.20,1,-1,-1,-1
587,200,738.13,287.49,66.32,176.66,1,-1,-1,-1
587,212,714.36,315.69,33.41,79.76,1,-1,-1,-1
587,228,1132.51,300.43,62.41,145.50,1,-1,-1,-1
587,226,1021.44,315.05,32.22,67.62,1,-1,-1,-1
587,241,951.25,341.63,51.91,94.69,1,-1,-1,-1
587,245,599.65,310.76,27.08,56.26,1,-1,-1,-1
587,248,1241.49,296.75,62.15,145.55,1,-1,-1,-1
587,250,909.21,329.64,55.36,104.97,1,-1,-1,-1
587,251,103.17,294.56,45.16,108.95,1,-1,-1,-1
587,262,644.18,311.74,22.40,48.95,1,-1,-1,-1
587,263,57.46,298.24,42.00,105.99,1,-1,-1,-1
587,265,1518.52,207.58,154.10,527.86,1,-1,-1,-1
587,266,1087.99,317.07,25.38,63.51,1,-1,-1,-1
587,252,664.14,308.55,23.01,49.88,1,-1,-1,-1
588,179,1625.73,177.41,162.88,662.06,1,-1,-1,-1
588,193,829.66,302.86,56.28,166.73,1,-1,-1,-1
588,200,736.24,289.57,66.11,179.14,1,-1,-1,-1
588,212,708.82,318.24,35.22,71.94,1,-1,-1,-1
588,228,1130.01,303.60,63.49,145.61,1,-1,-1,-1
588,226,1020.28,318.54,32.11,67.58,1,-1,-1,-1
588,241,949.91,344.58,53.52,96.08,1,-1,-1,-1
588,245,597.95,314.50,26.90,55.96,1,-1,-1,-1
588,248,1240.86,299.67,65.40,147.54,1,-1,-1,-1
588,250,907.24,333.48,54.48,105.15,1,-1,-1,-1
588,251,98.57,297.83,45.35,108.73,1,-1,-1,-1
588,262,641.26,314.14,23.36,49.57,1,-1,-1,-1
588,263,52.94,300.70,40.74,105.64,1,-1,-1,-1
588,265,1525.71,214.92,158.42,522.95,1,-1,-1,-1
588,266,1089.99,321.46,26.29,64.59,1,-1,-1,-1
589,179,1632.20,174.73,171.32,663.45,1,-1,-1,-1
589,193,830.62,303.05,57.43,166.93,1,-1,-1,-1
589,200,736.90,292.82,64.98,178.13,1,-1,-1,-1
589,212,713.79,322.39,34.78,73.12,1,-1,-1,-1
589,228,1131.17,306.65,62.27,145.80,1,-1,-1,-1
589,226,1022.84,319.87,31.54,68.26,1,-1,-1,-1
589,241,951.07,345.99,53.01,97.45,1,-1,-1,-1
589,245,601.51,318.01,26.16,55.66,1,-1,-1,-1
589,248,1244.75,300.08,63.72,148.66,1,-1,-1,-1
589,250,908.70,333.12,56.02,107.31,1,-1,-1,-1
589,251,97.21,299.37,45.29,111.11,1,-1,-1,-1
589,262,639.39,318.14,24.56,49.30,1,-1,-1,-1
589,263,53.04,302.13,40.93,107.66,1,-1,-1,-1
589,265,1531.78,214.86,159.99,534.57,1,-1,-1,-1
589,266,1095.10,325.64,26.83,63.52,1,-1,-1,-1
590,179,1637.27,169.74,174.21,671.97,1,-1,-1,-1
590,193,829.49,305.60,58.79,166.15,1,-1,-1,-1
590,200,739.28,291.22,63.88,179.70,1,-1,-1,-1
590,228,1130.47,309.71,60.51,146.16,1,-1,-1,-1
590,226,1023.03,322.03,31.79,69.23,1,-1,-1,-1
590,241,952.87,348.85,53.53,97.48,1,-1,-1,-1
590,245,602.27,319.79,26.94,56.39,1,-1,-1,-1
590,248,1246.27,301.21,65.34,147.04,1,-1,-1,-1
590,250,908.45,339.33,56.85,104.59,1,-1,-1,-1
590,251,94.05,299.31,45.26,111.43,1,-1,-1,-1
590,262,634.45,318.43,25.21,50.05,1,-1,-1,-1
590,263,48.92,304.07,42.99,109.23,1,-1,-1,-1
590,265,1536.15,216.28,166.32,542.04,1,-1,-1,-1
590,267,1075.87,323.99,23.48,58.77,1,-1,-1,-1
591,179,1647.78,167.34,177.46,689.67,1,-1,-1,-1
591,193,832.74,305.66,58.50,165.04,1,-1,-1,-1
591,200,741.65,292.78,64.85,178.52,1,-1,-1,-1
591,228,1132.65,310.90,60.57,146.94,1,-1,-1,-1
591,226,1028.39,322.60,31.09,69.39,1,-1,-1,-1
591,241,955.69,351.85,54.84,98.57,1,-1,-1,-1
591,245,603.55,320.67,26.18,55.39,1,-1,-1,-1
591,248,1248.11,300.53,68.62,152.34,1,-1,-1,-1
591,250,911.72,340.04,56.32,104.35,1,-1,-1,-1
591,251,96.17,302.62,44.31,111.30,1,-1,-1,-1
591,262,637.17,319.37,24.55,51.29,1,-1,-1,-1
591,263,49.79,305.05,41.99,110.15,1,-1,-1,-1
591,265,1544.50,214.57,171.58,550.13,1,-1,-1,-1
591,267,1077.53,327.13,23.59,61.63,1,-1,-1,-1
591,212,713.89,325.59,33.42,65.92,1,-1,-1,-1
592,179,1651.74,166.78,189.59,698.43,1,-1,-1,-1
592,193,832.60,308.38,58.28,161.66,1,-1,-1,-1
592,200,740.54,294.03,64.98,178.18,1,-1,-1,-1
592,228,1131.91,311.84,60.88,147.15,1,-1,-1,-1
592,226,1029.22,323.32,30.57,69.38,1,-1,-1,-1
592,241,955.30,353.52,54.44,99.48,1,-1,-1,-1
592,245,601.76,321.82,25.96,55.32,1,-1,-1,-1
592,248,1248.19,301.14,71.18,155.37,1,-1,-1,-1
592,250,910.70,341.10,57.05,105.70,1,-1,-1,-1
592,251,92.99,304.57,45.36,112.66,1,-1,-1,-1
592,262,638.20,320.54,24.48,51.55,1,-1,-1,-1
592,263,47.28,306.98,40.47,108.88,1,-1,-1,-1
592,265,1552.02,216.62,172.74,549.42,1,-1,-1,-1
592,267,1075.45,328.56,23.40,61.79,1,-1,-1,-1
592,212,713.53,326.37,34.03,66.17,1,-1,-1,-1
593,179,1665.41,168.96,193.82,709.75,1,-1,-1,-1
593,193,831.38,310.86,57.91,162.98,1,-1,-1,-1
593,200,739.37,295.04,65.43,179.51,1,-1,-1,-1
593,228,1132.49,310.99,60.59,147.14,1,-1,-1,-1
593,226,1029.40,323.68,31.00,71.45,1,-1,-1,-1
593,241,954.42,355.24,54.12,99.79,1,-1,-1,-1
593,245,603.06,323.77,25.89,56.25,1,-1,-1,-1
593,248,1252.03,301.50,69.91,157.20,1,-1,-1,-1
593,250,910.62,342.62,57.37,107.03,1,-1,-1,-1
593,251,88.74,308.83,43.76,112.00,1,-1,-1,-1
593,262,637.95,322.41,24.34,51.46,1,-1,-1,-1
593,263,43.27,310.53,40.12,108.61,1,-1,-1,-1
593,265,1563.92,213.25,173.95,564.01,1,-1,-1,-1
593,267,1077.91,329.96,23.20,61.75,1,-1,-1,-1
593,212,712.70,330.23,32.35,60.71,1,-1,-1,-1
593,252,661.29,320.94,23.13,47.98,1,-1,-1,-1
594,179,1682.51,178.08,183.88,709.29,1,-1,-1,-1
594,193,831.60,313.01,57.03,163.75,1,-1,-1,-1
594,200,739.29,296.40,65.58,181.41,1,-1,-1,-1
594,228,1133.14,311.80,60.21,146.81,1,-1,-1,-1
594,226,1030.06,324.29,31.18,72.79,1,-1,-1,-1
594,241,955.18,356.35,54.69,100.53,1,-1,-1,-1
594,245,602.69,324.77,25.42,57.10,1,-1,-1,-1
594,248,1252.85,302.79,70.93,159.25,1,-1,-1,-1
594,250,910.93,344.29,57.65,107.43,1,-1,-1,-1
594,251,86.50,309.50,44.11,113.28,1,-1,-1,-1
594,262,640.79,323.69,24.10,50.88,1,-1,-1,-1
594,263,42.16,312.68,40.64,108.79,1,-1,-1,-1
594,265,1567.24,220.89,179.95,568.85,1,-1,-1,-1
594,267,1076.14,331.22,23.53,60.95,1,-1,-1,-1
594,212,712.31,332.03,32.52,58.27,1,-1,-1,-1
594,252,659.11,322.12,23.54,48.46,1,-1,-1,-1
594,254,628.42,327.39,23.52,49.29,1,-1,-1,-1
595,179,1680.72,174.29,202.02,714.99,1,-1,-1,-1
595,193,829.95,314.71,57.28,164.51,1,-1,-1,-1
595,200,738.20,298.13,65.35,180.48,1,-1,-1,-1
595,228,1131.57,311.83,60.66,147.62,1,-1,-1,-1
595,226,1028.94,324.96,31.97,73.43,1,-1,-1,-1
595,241,954.44,356.81,54.82,101.53,1,-1,-1,-1
595,245,602.13,325.82,25.58,57.16,1,-1,-1,-1
595,248,1254.90,303.76,70.82,160.25,1,-1,-1,-1
595,250,910.41,345.49,57.34,106.72,1,-1,-1,-1
595,251,82.83,311.04,44.82,113.15,1,-1,-1,-1
595,262,642.20,324.32,24.00,50.25,1,-1,-1,-1
595,263,38.53,315.57,40.35,105.93,1,-1,-1,-1
595,265,1577.91,212.32,184.49,595.07,1,-1,-1,-1
595,267,1079.05,332.11,24.13,62.06,1,-1,-1,-1
595,212,712.66,333.82,32.65,58.30,1,-1,-1,-1
595,252,657.31,322.64,23.93,48.81,1,-1,-1,-1
595,254,628.86,328.50,23.37,49.12,1,-1,-1,-1
596,179,1684.64,170.98,208.78,727.16,1,-1,-1,-1
596,193,830.18,315.43,56.59,163.26,1,-1,-1,-1
596,200,738.18,299.61,65.34,180.23,1,-1,-1,-1
596,228,1132.13,313.35,60.64,148.30,1,-1,-1,-1
596,226,1029.78,326.53,31.35,72.94,1,-1,-1,-1
596,241,955.71,357.17,54.81,103.14,1,-1,-1,-1
596,245,604.49,326.52,25.78,58.16,1,-1,-1,-1
596,248,1257.75,306.15,71.35,160.56,1,-1,-1,-1
596,250,911.11,344.80,58.16,107.69,1,-1,-1,-1
596,251,80.58,312.91,44.70,113.27,1,-1,-1,-1
596,262,642.72,325.92,23.83,50.21,1,-1,-1,-1
596,263,35.62,317.70,40.72,106.16,1,-1,-1,-1
596,265,1587.79,215.49,192.90,597.58,1,-1,-1,-1
596,267,1080.90,332.87,25.52,63.40,1,-1,-1,-1
596,212,714.43,332.70,32.38,59.64,1,-1,-1,-1
596,252,659.32,323.87,23.49,49.40,1,-1,-1,-1
596,254,630.32,330.19,23.25,49.26,1,-1,-1,-1
596,266,1107.78,336.13,28.18,65.37,1,-1,-1,-1
597,179,1698.53,162.48,206.98,745.00,1,-1,-1,-1
597,193,830.40,317.99,56.89,161.07,1,-1,-1,-1
597,200,739.41,299.23,64.98,181.09,1,-1,-1,-1
597,228,1132.18,312.27,61.33,149.36,1,-1,-1,-1
597,226,1030.10,325.50,31.79,73.53,1,-1,-1,-1
597,241,956.20,356.93,55.48,102.70,1,-1,-1,-1
597,245,604.19,326.80,25.80,58.15,1,-1,-1,-1
597,248,1259.83,305.93,72.56,161.43,1,-1,-1,-1
597,250,911.11,344.12,58.16,107.72,1,-1,-1,-1
597,251,77.43,313.05,46.47,114.37,1,-1,-1,-1
597,263,32.42,319.05,40.95,105.86,1,-1,-1,-1
597,265,1593.76,222.01,192.75,576.07,1,-1,-1,-1
597,267,1074.56,330.91,25.64,61.50,1,-1,-1,-1
597,212,711.40,332.04,29.22,54.79,1,-1,-1,-1
597,252,654.89,324.01,23.39,49.49,1,-1,-1,-1
597,254,630.73,330.10,23.36,49.52,1,-1,-1,-1
598,179,1714.53,164.98,205.38,770.02,1,-1,-1,-1
598,193,829.14,322.88,57.97,161.89,1,-1,-1,-1
598,200,740.11,304.36,65.21,181.76,1,-1,-1,-1
598,228,1133.23,317.75,60.69,147.66,1,-1,-1,-1
598,226,1029.36,329.61,32.57,73.30,1,-1,-1,-1
598,241,956.05,360.43,55.56,102.06,1,-1,-1,-1
598,245,605.25,331.01,25.29,58.20,1,-1,-1,-1
598,248,1262.31,310.98,71.73,159.31,1,-1,-1,-1
598,250,910.63,345.27,59.49,110.98,1,-1,-1,-1
598,251,70.72,316.66,49.11,115.58,1,-1,-1,-1
598,263,28.55,323.25,40.33,106.15,1,-1,-1,-1
598,265,1606.19,218.46,206.81,593.49,1,-1,-1,-1
598,267,1074.90,335.37,26.41,60.21,1,-1,-1,-1
598,212,715.35,332.27,32.97,67.94,1,-1,-1,-1
598,252,658.88,328.51,23.43,50.46,1,-1,-1,-1
598,254,632.46,334.82,23.01,49.36,1,-1,-1,-1
598,262,646.19,331.20,23.15,49.84,1,-1,-1,-1
598,266,1111.88,339.47,31.11,67.87,1,-1,-1,-1
599,179,1725.53,166.48,199.72,766.21,1,-1,-1,-1
599,193,830.35,325.05,57.84,161.63,1,-1,-1,-1
599,200,744.54,306.09,65.88,182.91,1,-1,-1,-1
599,228,1135.74,322.28,59.58,144.45,1,-1,-1,-1
599,226,1031.60,331.46,32.96,72.92,1,-1,-1,-1
599,241,958.39,361.40,56.19,101.06,1,-1,-1,-1
599,245,607.04,333.00,25.74,56.89,1,-1,-1,-1
599,248,1263.21,313.19,76.71,159.55,1,-1,-1,-1
599,250,913.59,346.94,57.91,111.13,1,-1,-1,-1
599,251,69.05,317.61,50.51,115.73,1,-1,-1,-1
599,263,25.93,324.71,41.91,106.92,1,-1,-1,-1
599,265,1618.54,221.46,210.97,595.46,1,-1,-1,-1
599,267,1077.37,337.00,26.86,60.34,1,-1,-1,-1
599,212,718.01,336.65,31.59,63.39,1,-1,-1,-1
599,254,637.70,334.35,23.59,49.70,1,-1,-1,-1
599,262,652.68,332.62,23.39,50.04,1,-1,-1,-1
599,266,1111.05,339.02,28.42,63.33,1,-1,-1,-1
600,179,1741.10,166.33,185.11,769.35,1,-1,-1,-1
600,193,830.12,327.23,58.84,163.75,1,-1,-1,-1
600,200,746.86,310.91,66.13,181.56,1,-1,-1,-1
600,228,1137.02,327.39,59.09,143.20,1,-1,-1,-1
600,226,1033.98,335.98,33.43,71.95,1,-1,-1,-1
600,241,961.04,365.11,55.42,99.84,1,-1,-1,-1
600,245,608.20,336.80,26.17,56.62,1,-1,-1,-1
600,248,1266.46,316.37,75.71,159.08,1,-1,-1,-1
600,250,915.19,350.74,58.40,112.64,1,-1,-1,-1
600,251,68.50,320.66,51.23,115.46,1,-1,-1,-1
600,263,24.93,327.82,42.49,107.70,1,-1,-1,-1
600,265,1628.72,212.83,210.70,633.98,1,-1,-1,-1
600,267,1079.20,340.36,26.75,60.09,1,-1,-1,-1
600,212,720.09,341.73,32.43,62.62,1,-1,-1,-1
600,254,639.38,337.74,23.67,50.34,1,-1,-1,-1
600,262,655.57,336.46,23.20,50.16,1,-1,-1,-1
600,266,1114.73,342.08,30.46,67.73,1,-1,-1,-1
601,179,1766.16,167.41,160.12,768.81,1,-1,-1,-1
601,193,831.45,327.91,57.83,164.57,1,-1,-1,-1
601,200,749.11,314.17,66.15,181.92,1,-1,-1,-1
601,228,1139.59,332.57,57.84,140.76,1,-1,-1,-1
601,226,1037.99,340.94,32.49,69.66,1,-1,-1,-1
601,241,963.11,367.85,56.18,100.72,1,-1,-1,-1
601,245,609.14,341.81,26.79,55.54,1,-1,-1,-1
601,248,1271.00,319.51,76.64,158.64,1,-1,-1,-1
601,250,916.26,354.44,58.78,111.43,1,-1,-1,-1
601,251,68.87,325.23,51.23,114.17,1,-1,-1,-1
601,263,26.23,332.86,42.11,106.02,1,-1,-1,-1
601,265,1635.79,217.33,218.10,636.47,1,-1,-1,-1
601,267,1076.11,343.34,27.62,62.03,1,-1,-1,-1
601,212,721.31,346.49,31.81,59.54,1,-1,-1,-1
601,254,642.34,342.20,24.10,49.86,1,-1,-1,-1
601,262,659.00,340.16,23.06,49.94,1,-1,-1,-1
601,266,1112.11,345.04,28.13,63.74,1,-1,-1,-1
602,193,831.00,328.71,58.35,166.24,1,-1,-1,-1
602,200,751.24,317.12,65.87,179.91,1,-1,-1,-1
602,228,1142.10,333.75,57.97,141.65,1,-1,-1,-1
602,226,1041.30,343.93,31.91,68.81,1,-1,-1,-1
602,241,964.74,370.13,58.17,101.41,1,-1,-1,-1
602,245,612.70,345.07,26.76,54.67,1,-1,-1,-1
602,248,1277.39,317.63,76.88,163.52,1,-1,-1,-1
602,250,918.62,357.81,58.78,109.26,1,-1,-1,-1
602,251,68.16,326.70,54.08,116.01,1,-1,-1,-1
602,263,24.81,332.82,41.95,109.40,1,-1,-1,-1
602,265,1652.72,215.16,214.33,642.26,1,-1,-1,-1
602,267,1073.63,347.52,27.48,62.89,1,-1,-1,-1
602,212,723.08,349.29,33.11,58.94,1,-1,-1,-1
602,254,642.24,346.40,24.52,49.16,1,-1,-1,-1
602,262,660.30,343.73,23.14,49.41,1,-1,-1,-1
602,266,1110.86,346.33,25.46,63.21,1,-1,-1,-1
603,193,833.30,338.33,58.54,162.08,1,-1,-1,-1
603,200,752.61,323.26,66.23,181.84,1,-1,-1,-1
603,228,1144.07,338.99,57.76,142.77,1,-1,-1,-1
603,226,1045.10,349.54,30.99,69.70,1,-1,-1,-1
603,241,967.19,378.01,59.08,104.21,1,-1,-1,-1
603,245,617.89,352.64,27.30,55.42,1,-1,-1,-1
603,248,1282.03,326.23,79.64,165.22,1,-1,-1,-1
603,250,919.97,366.39,61.26,108.65,1,-1,-1,-1
603,251,67.97,332.64,55.70,119.43,1,-1,-1,-1
603,263,23.10,341.30,41.07,108.52,1,-1,-1,-1
603,265,1668.13,214.89,218.58,660.10,1,-1,-1,-1
603,267,1069.50,353.74,27.49,64.58,1,-1,-1,-1
603,212,723.19,358.25,33.93,56.77,1,-1,-1,-1
603,262,661.30,352.81,24.32,49.99,1,-1,-1,-1
604,193,835.10,338.42,58.87,165.09,1,-1,-1,-1
604,200,755.66,326.17,63.91,178.21,1,-1,-1,-1
604,228,1147.44,338.06,60.10,145.92,1,-1,-1,-1
604,226,1047.88,350.97,31.56,70.93,1,-1,-1,-1
604,241,971.07,380.49,60.10,103.95,1,-1,-1,-1
604,248,1290.90,329.42,75.86,164.41,1,-1,-1,-1
604,250,922.07,368.46,62.40,110.21,1,-1,-1,-1
604,251,68.55,338.25,55.42,118.94,1,-1,-1,-1
604,263,20.96,342.31,42.22,109.74,1,-1,-1,-1
604,265,1683.91,211.82,214.99,655.78,1,-1,-1,-1
604,212,727.87,358.62,32.59,56.35,1,-1,-1,-1
604,262,663.51,352.54,23.24,50.03,1,-1,-1,-1
604,253,617.81,352.67,26.80,57.09,1,-1,-1,-1
604,266,1115.29,358.77,25.38,58.73,1,-1,-1,-1
605,193,833.91,337.37,58.54,169.89,1,-1,-1,-1
605,200,754.71,328.80,64.37,179.02,1,-1,-1,-1
605,228,1148.25,338.77,60.24,146.85,1,-1,-1,-1
605,226,1046.85,353.54,31.66,70.84,1,-1,-1,-1
605,241,972.58,382.05,59.99,105.48,1,-1,-1,-1
605,248,1295.78,332.51,72.70,164.75,1,-1,-1,-1
605,250,920.69,368.29,63.92,113.04,1,-1,-1,-1
605,251,66.73,342.72,54.81,119.51,1,-1,-1,-1
605,263,17.23,345.45,43.14,111.53,1,-1,-1,-1
605,265,1688.29,215.56,225.85,664.88,1,-1,-1,-1
605,212,727.26,358.14,31.81,59.42,1,-1,-1,-1
605,262,665.12,354.33,23.36,51.48,1,-1,-1,-1
605,253,618.17,355.21,27.33,58.04,1,-1,-1,-1
605,266,1118.00,360.87,25.44,57.96,1,-1,-1,-1
605,245,632.37,354.64,25.65,54.79,1,-1,-1,-1
606,193,832.91,344.16,58.93,167.80,1,-1,-1,-1
606,200,755.00,333.01,64.14,177.62,1,-1,-1,-1
606,228,1149.06,341.65,60.29,147.17,1,-1,-1,-1
606,226,1047.18,358.15,33.40,72.58,1,-1,-1,-1
606,241,972.19,384.01,60.41,105.63,1,-1,-1,-1
606,248,1299.93,334.02,73.12,167.00,1,-1,-1,-1
606,250,923.00,372.28,63.19,112.44,1,-1,-1,-1
606,251,64.09,344.93,53.37,120.53,1,-1,-1,-1
606,263,13.37,346.89,45.87,115.26,1,-1,-1,-1
606,265,1699.83,209.12,222.79,680.87,1,-1,-1,-1
606,212,728.62,360.16,31.70,59.55,1,-1,-1,-1
606,262,666.29,355.97,23.98,51.29,1,-1,-1,-1
606,253,618.16,358.34,27.56,58.55,1,-1,-1,-1
606,266,1120.96,362.92,25.84,60.14,1,-1,-1,-1
606,268,715.36,357.24,24.01,53.73,1,-1,-1,-1
606,245,635.49,357.77,26.41,54.80,1,-1,-1,-1
607,193,835.25,343.30,58.79,165.73,1,-1,-1,-1
607,200,756.31,330.42,64.24,179.54,1,-1,-1,-1
607,228,1152.34,340.57,59.90,147.24,1,-1,-1,-1
607,226,1048.57,355.78,34.17,73.34,1,-1,-1,-1
607,241,975.09,383.51,60.09,106.73,1,-1,-1,-1
607,248,1306.34,333.36,72.73,167.14,1,-1,-1,-1
607,250,925.98,373.01,62.55,111.99,1,-1,-1,-1
607,251,62.80,343.82,51.72,119.00,1,-1,-1,-1
607,263,11.73,344.83,48.75,116.99,1,-1,-1,-1
607,265,1708.59,207.99,217.92,685.42,1,-1,-1,-1
607,212,731.42,359.15,31.46,59.51,1,-1,-1,-1
607,262,667.01,356.82,23.35,50.18,1,-1,-1,-1
607,253,618.96,357.91,27.64,58.63,1,-1,-1,-1
607,266,1122.88,361.48,26.78,62.42,1,-1,-1,-1
607,268,713.51,358.01,22.86,50.45,1,-1,-1,-1
608,193,835.06,346.30,58.53,164.33,1,-1,-1,-1
608,200,755.99,330.81,64.75,180.20,1,-1,-1,-1
608,228,1153.38,341.74,60.13,148.37,1,-1,-1,-1
608,226,1048.28,356.18,34.71,74.34,1,-1,-1,-1
608,241,974.93,385.81,60.69,105.20,1,-1,-1,-1
608,248,1310.62,334.65,73.89,168.06,1,-1,-1,-1
608,250,926.76,375.41,62.12,111.46,1,-1,-1,-1
608,251,56.03,344.23,53.11,121.76,1,-1,-1,-1
608,263,7.41,347.12,49.52,117.29,1,-1,-1,-1
608,265,1721.98,205.98,205.24,696.53,1,-1,-1,-1
608,212,731.08,361.17,31.35,57.63,1,-1,-1,-1
608,262,666.97,357.31,23.55,50.28,1,-1,-1,-1
608,253,617.58,359.41,28.23,57.85,1,-1,-1,-1
608,266,1123.99,362.99,28.15,62.89,1,-1,-1,-1
608,268,708.23,358.94,22.41,47.56,1,-1,-1,-1
608,245,638.64,359.25,26.20,52.35,1,-1,-1,-1
609,193,837.30,346.24,58.28,162.97,1,-1,-1,-1
609,200,757.33,329.61,64.79,180.48,1,-1,-1,-1
609,228,1155.15,339.99,60.34,148.44,1,-1,-1,-1
609,226,1050.68,354.02,33.57,72.86,1,-1,-1,-1
609,241,977.53,384.28,60.32,106.18,1,-1,-1,-1
609,248,1315.84,333.07,74.71,169.53,1,-1,-1,-1
609,250,928.30,373.76,62.28,113.29,1,-1,-1,-1
609,251,53.80,343.90,52.18,120.39,1,-1,-1,-1
609,263,5.61,347.54,50.50,117.21,1,-1,-1,-1
609,265,1737.34,203.99,189.42,706.25,1,-1,-1,-1
609,212,732.46,360.00,31.62,57.38,1,-1,-1,-1
609,262,668.28,355.52,23.59,50.37,1,-1,-1,-1
609,253,618.95,357.50,28.22,58.20,1,-1,-1,-1
609,266,1121.78,361.01,29.10,61.99,1,-1,-1,-1
609,268,709.79,358.44,22.52,46.91,1,-1,-1,-1
610,193,838.56,345.61,58.11,161.84,1,-1,-1,-1
610,200,758.05,329.82,64.73,178.44,1,-1,-1,-1
610,228,1155.75,339.34,61.00,147.70,1,-1,-1,-1
610,226,1051.62,353.01,33.11,70.47,1,-1,-1,-1
610,241,979.28,382.90,60.69,106.84,1,-1,-1,-1
610,248,1318.67,330.49,77.25,172.21,1,-1,-1,-1
610,250,929.85,373.71,62.06,111.84,1,-1,-1,-1
610,251,51.55,343.01,51.87,121.27,1,-1,-1,-1
610,263,3.78,347.66,51.30,117.40,1,-1,-1,-1
610,265,1747.38,198.28,178.25,703.26,1,-1,-1,-1
610,212,733.05,358.90,32.05,57.30,1,-1,-1,-1
610,262,668.45,354.19,23.87,50.27,1,-1,-1,-1
610,253,619.78,356.05,28.14,58.18,1,-1,-1,-1
610,266,1124.00,359.42,28.35,61.56,1,-1,-1,-1
610,268,709.02,357.02,22.64,47.09,1,-1,-1,-1
611,193,840.23,344.60,58.40,163.59,1,-1,-1,-1
611,200,759.91,329.70,63.94,177.55,1,-1,-1,-1
611,228,1157.14,338.90,60.54,146.38,1,-1,-1,-1
611,226,1051.78,352.24,33.33,69.88,1,-1,-1,-1
611,241,981.34,382.65,60.36,106.32,1,-1,-1,-1
611,248,1320.40,329.60,78.74,172.75,1,-1,-1,-1
611,250,931.99,374.37,61.77,110.24,1,-1,-1,-1
611,251,47.05,344.82,53.42,119.19,1,-1,-1,-1
611,263,2.83,351.65,52.57,114.31,1,-1,-1,-1
611,265,1759.15,195.06,165.67,696.28,1,-1,-1,-1
611,212,736.11,358.28,31.30,58.66,1,-1,-1,-1
611,262,668.52,353.82,24.44,50.81,1,-1,-1,-1
611,253,619.94,354.98,28.64,58.95,1,-1,-1,-1
611,266,1121.04,358.40,26.78,60.71,1,-1,-1,-1
611,268,706.35,355.16,22.42,46.62,1,-1,-1,-1
611,269,1107.14,358.53,23.77,57.74,1,-1,-1,-1
612,193,843.12,341.63,58.87,165.53,1,-1,-1,-1
612,200,761.67,328.90,63.87,178.79,1,-1,-1,-1
612,228,1158.66,338.20,60.33,145.23,1,-1,-1,-1
612,226,1052.62,351.14,33.80,69.15,1,-1,-1,-1
612,241,984.21,381.92,59.74,106.92,1,-1,-1,-1
612,248,1323.84,328.05,77.30,173.19,1,-1,-1,-1
612,250,934.30,373.50,61.17,110.72,1,-1,-1,-1
612,251,44.05,345.07,54.36,118.52,1,-1,-1,-1
612,263,2.98,350.98,52.95,114.05,1,-1,-1,-1
612,265,1766.84,191.12,157.34,702.69,1,-1,-1,-1
612,212,739.86,356.90,31.47,63.00,1,-1,-1,-1
612,262,668.86,352.78,24.06,50.82,1,-1,-1,-1
612,253,620.32,353.92,28.68,59.18,1,-1,-1,-1
612,266,1120.57,356.16,26.09,62.14,1,-1,-1,-1
612,268,710.43,354.76,22.62,48.29,1,-1,-1,-1
612,269,1103.97,356.40,25.27,60.59,1,-1,-1,-1
613,193,847.15,341.68,60.54,165.29,1,-1,-1,-1
613,200,766.40,328.55,64.37,180.20,1,-1,-1,-1
613,228,1163.26,338.54,60.02,144.93,1,-1,-1,-1
613,226,1056.86,350.64,32.65,69.57,1,-1,-1,-1
613,241,988.70,380.48,60.38,108.96,1,-1,-1,-1
613,248,1330.82,325.01,77.17,175.69,1,-1,-1,-1
613,250,939.95,372.54,61.16,111.93,1,-1,-1,-1
613,251,42.60,348.01,53.42,117.90,1,-1,-1,-1
613,263,2.67,352.86,51.01,113.38,1,-1,-1,-1
613,265,1788.29,167.28,137.25,735.69,1,-1,-1,-1
613,212,742.99,357.34,35.43,70.33,1,-1,-1,-1
613,262,671.87,353.73,24.47,50.64,1,-1,-1,-1
613,253,625.78,355.09,28.20,59.28,1,-1,-1,-1
613,268,704.84,353.70,23.35,48.51,1,-1,-1,-1
613,269,1111.38,354.46,26.94,63.23,1,-1,-1,-1
614,193,850.98,341.45,60.07,164.84,1,-1,-1,-1
614,200,768.63,327.66,64.04,180.66,1,-1,-1,-1
614,228,1166.07,337.96,59.13,144.23,1,-1,-1,-1
614,226,1059.74,351.36,31.87,66.93,1,-1,-1,-1
614,241,991.20,381.05,61.98,107.65,1,-1,-1,-1
614,248,1332.62,323.00,80.81,179.44,1,-1,-1,-1
614,250,943.00,372.06,60.87,110.90,1,-1,-1,-1
614,251,41.86,349.33,52.22,116.89,1,-1,-1,-1
614,263,2.36,353.02,49.65,114.28,1,-1,-1,-1
614,212,744.26,357.22,35.24,69.92,1,-1,-1,-1
614,253,628.93,355.43,28.23,59.29,1,-1,-1,-1
614,268,699.21,352.02,23.45,49.14,1,-1,-1,-1
614,269,1108.32,353.82,27.86,64.95,1,-1,-1,-1
614,254,666.49,353.93,24.53,50.89,1,-1,-1,-1
615,193,852.66,341.67,61.14,164.01,1,-1,-1,-1
615,200,770.29,328.15,63.12,178.17,1,-1,-1,-1
615,228,1167.33,337.19,58.94,144.71,1,-1,-1,-1
615,226,1064.24,351.28,31.04,66.47,1,-1,-1,-1
615,241,993.27,382.10,63.03,105.39,1,-1,-1,-1
615,248,1334.31,321.31,83.39,182.64,1,-1,-1,-1
615,250,945.94,372.58,60.89,109.50,1,-1,-1,-1
615,251,41.31,349.64,51.29,116.04,1,-1,-1,-1
615,263,1.55,352.84,48.20,115.60,1,-1,-1,-1
615,212,745.05,358.45,33.77,65.52,1,-1,-1,-1
615,253,630.94,356.26,27.78,59.21,1,-1,-1,-1
615,268,699.72,351.66,23.96,50.05,1,-1,-1,-1
615,269,1105.07,353.55,28.90,64.82,1,-1,-1,-1
615,252,687.44,351.91,24.01,50.72,1,-1,-1,-1
615,245,660.86,358.57,23.88,50.99,1,-1,-1,-1
615,262,674.11,354.20,24.54,51.10,1,-1,-1,-1
616,193,856.77,337.98,60.23,166.96,1,-1,-1,-1
616,200,775.14,329.06,61.45,175.51,1,-1,-1,-1
616,228,1169.01,339.19,58.02,142.12,1,-1,-1,-1
616,226,1070.95,350.52,31.06,67.40,1,-1,-1,-1
616,241,998.42,380.62,61.75,105.07,1,-1,-1,-1
616,248,1340.55,321.13,85.87,181.62,1,-1,-1,-1
616,250,948.70,371.14,62.52,110.79,1,-1,-1,-1
616,251,44.44,349.70,48.03,114.68,1,-1,-1,-1
616,263,1.67,354.21,50.08,113.87,1,-1,-1,-1
616,212,749.07,356.52,32.42,65.95,1,-1,-1,-1
616,253,634.13,357.50,27.32,59.38,1,-1,-1,-1
616,268,698.21,353.43,22.40,48.47,1,-1,-1,-1
616,269,1095.63,352.44,29.21,65.50,1,-1,-1,-1
616,245,665.70,358.74,24.49,51.05,1,-1,-1,-1
616,266,1140.98,354.00,32.20,69.61,1,-1,-1,-1
617,193,857.24,337.99,61.13,167.92,1,-1,-1,-1
617,200,776.07,328.83,62.05,177.12,1,-1,-1,-1
617,228,1171.31,338.26,57.61,141.74,1,-1,-1,-1
617,226,1071.42,349.37,32.64,70.35,1,-1,-1,-1
617,241,999.09,379.76,61.21,108.26,1,-1,-1,-1
617,248,1344.45,320.98,84.67,182.71,1,-1,-1,-1
617,250,948.15,370.24,63.37,112.38,1,-1,-1,-1
617,251,44.61,351.06,47.60,113.16,1,-1,-1,-1
617,263,0.59,357.09,49.76,112.97,1,-1,-1,-1
617,212,750.64,356.66,33.69,64.71,1,-1,-1,-1
617,253,637.18,356.99,27.37,59.64,1,-1,-1,-1
617,269,1093.39,352.83,28.84,65.62,1,-1,-1,-1
617,245,668.36,355.94,25.21,52.60,1,-1,-1,-1
617,266,1141.79,353.37,30.04,66.83,1,-1,-1,-1
617,252,687.51,353.57,24.34,51.04,1,-1,-1,-1
618,193,864.50,336.12,62.10,170.50,1,-1,-1,-1
618,200,783.62,327.44,63.58,180.05,1,-1,-1,-1
618,228,1177.57,334.64,58.76,145.66,1,-1,-1,-1
618,226,1082.68,348.90,33.17,70.16,1,-1,-1,-1
618,241,1007.02,379.15,61.23,108.56,1,-1,-1,-1
618,248,1355.81,321.52,85.57,182.28,1,-1,-1,-1
618,250,956.54,370.60,63.00,112.54,1,-1,-1,-1
618,251,50.56,351.65,48.64,116.47,1,-1,-1,-1
618,263,3.16,356.79,48.13,114.26,1,-1,-1,-1
618,212,756.24,356.57,34.29,63.10,1,-1,-1,-1
618,253,646.22,357.25,27.34,58.69,1,-1,-1,-1
618,245,670.77,355.68,25.43,54.04,1,-1,-1,-1
618,254,686.58,354.60,24.54,53.79,1,-1,-1,-1
619,193,864.92,338.57,63.03,168.26,1,-1,-1,-1
619,200,784.35,328.26,64.01,180.97,1,-1,-1,-1
619,228,1178.53,335.90,58.60,145.83,1,-1,-1,-1
619,226,1083.99,349.17,33.74,70.99,1,-1,-1,-1
619,241,1008.69,380.45,62.17,108.90,1,-1,-1,-1
619,248,1359.11,321.91,87.82,183.67,1,-1,-1,-1
619,250,959.06,371.33,62.78,113.90,1,-1,-1,-1
619,251,49.43,352.66,48.04,118.18,1,-1,-1,-1
619,263,1.34,357.51,48.98,116.44,1,-1,-1,-1
619,212,757.03,358.92,33.63,60.06,1,-1,-1,-1
619,253,646.47,358.07,27.23,58.50,1,-1,-1,-1
619,245,669.26,356.03,25.48,54.11,1,-1,-1,-1
619,270,1129.90,353.15,24.95,61.56,1,-1,-1,-1
619,254,689.39,354.79,24.66,52.22,1,-1,-1,-1
620,193,867.84,338.26,63.40,167.99,1,-1,-1,-1
620,200,787.75,328.24,64.00,180.54,1,-1,-1,-1
620,228,1182.55,336.01,59.36,146.11,1,-1,-1,-1
620,226,1088.16,348.65,33.24,71.51,1,-1,-1,-1
620,241,1012.48,382.31,62.14,107.31,1,-1,-1,-1
620,248,1365.59,320.42,88.68,185.81,1,-1,-1,-1
620,250,962.70,371.39,64.56,115.33,1,-1,-1,-1
620,251,50.42,351.85,47.65,120.10,1,-1,-1,-1
620,263,1.44,357.46,49.04,115.36,1,-1,-1,-1
620,212,761.46,359.38,32.25,58.31,1,-1,-1,-1
620,253,650.28,357.67,27.00,58.90,1,-1,-1,-1
620,270,1130.66,352.51,27.30,64.23,1,-1,-1,-1
620,254,693.61,355.46,23.98,51.52,1,-1,-1,-1
620,266,1151.90,354.09,27.27,64.73,1,-1,-1,-1
621,193,869.29,337.32,65.22,168.77,1,-1,-1,-1
621,200,790.77,326.93,63.86,181.46,1,-1,-1,-1
621,228,1184.67,337.00,58.98,144.51,1,-1,-1,-1
621,226,1090.48,346.82,33.70,72.17,1,-1,-1,-1
621,241,1014.72,380.23,63.24,109.97,1,-1,-1,-1
621,248,1367.75,319.90,90.21,187.21,1,-1,-1,-1
621,250,966.14,369.69,65.02,114.77,1,-1,-1,-1
621,251,50.29,350.98,47.30,122.29,1,-1,-1,-1
621,263,0.71,359.72,49.65,114.22,1,-1,-1,-1
621,212,765.48,358.61,31.92,60.82,1,-1,-1,-1
621,253,651.83,356.99,27.84,59.13,1,-1,-1,-1
621,270,1129.24,349.04,28.55,67.64,1,-1,-1,-1
621,254,693.80,355.57,24.26,51.33,1,-1,-1,-1
622,193,870.93,339.72,64.86,167.54,1,-1,-1,-1
622,200,793.45,327.58,64.53,181.86,1,-1,-1,-1
622,228,1186.17,337.80,59.38,144.38,1,-1,-1,-1
622,226,1093.31,347.52,32.92,72.39,1,-1,-1,-1
622,241,1017.16,382.90,62.08,108.35,1,-1,-1,-1
622,248,1372.52,319.47,89.57,188.81,1,-1,-1,-1
622,250,968.34,371.72,63.75,115.69,1,-1,-1,-1
622,251,50.32,351.88,46.61,122.80,1,-1,-1,-1
622,263,0.67,362.59,49.29,111.21,1,-1,-1,-1
622,212,768.34,355.56,32.25,66.18,1,-1,-1,-1
622,253,654.27,357.43,27.34,59.06,1,-1,-1,-1
622,270,1131.16,349.12,29.47,69.48,1,-1,-1,-1
622,268,700.36,356.41,24.30,50.30,1,-1,-1,-1
623,193,874.11,338.89,64.83,166.93,1,-1,-1,-1
623,200,796.51,326.50,64.40,181.15,1,-1,-1,-1
623,228,1188.28,336.65,59.92,144.01,1,-1,-1,-1
623,226,1095.82,346.96,31.98,70.82,1,-1,-1,-1
623,241,1019.48,382.01,63.53,108.70,1,-1,-1,-1
623,248,1380.97,317.02,86.93,191.73,1,-1,-1,-1
623,250,972.14,370.97,63.31,115.16,1,-1,-1,-1
623,251,50.65,352.11,46.88,120.55,1,-1,-1,-1
623,263,0.73,363.11,50.06,109.55,1,-1,-1,-1
623,212,770.47,352.57,34.25,70.06,1,-1,-1,-1
623,253,655.26,356.18,27.64,59.96,1,-1,-1,-1
623,270,1132.87,348.72,26.98,66.92,1,-1,-1,-1
623,266,1149.30,352.47,30.30,65.41,1,-1,-1,-1
624,193,878.53,340.62,64.32,166.72,1,-1,-1,-1
624,200,803.52,327.31,64.65,181.64,1,-1,-1,-1
624,228,1194.87,336.36,59.16,143.75,1,-1,-1,-1
624,226,1101.68,346.63,32.01,71.24,1,-1,-1,-1
624,241,1025.43,381.77,63.69,109.54,1,-1,-1,-1
624,248,1391.73,315.50,82.83,190.66,1,-1,-1,-1
624,250,977.35,370.40,62.62,117.05,1,-1,-1,-1
624,251,51.84,353.08,45.94,121.45,1,-1,-1,-1
624,263,2.15,364.03,47.92,110.87,1,-1,-1,-1
624,212,775.53,355.44,35.37,65.59,1,-1,-1,-1
624,253,662.72,357.57,26.67,58.61,1,-1,-1,-1
624,270,1136.11,349.61,28.63,66.45,1,-1,-1,-1
624,266,1162.47,351.75,30.96,69.10,1,-1,-1,-1
624,252,720.43,354.17,23.87,49.62,1,-1,-1,-1
624,254,700.58,356.02,24.75,51.09,1,-1,-1,-1
625,193,879.41,342.82,64.30,165.49,1,-1,-1,-1
625,200,804.69,328.72,64.46,183.11,1,-1,-1,-1
625,228,1195.80,337.04,59.21,143.72,1,-1,-1,-1
625,226,1104.23,348.24,31.16,70.84,1,-1,-1,-1
625,241,1025.75,381.68,63.89,110.59,1,-1,-1,-1
625,248,1399.36,315.88,80.27,192.34,1,-1,-1,-1
625,250,976.48,370.77,63.98,117.96,1,-1,-1,-1
625,251,49.55,354.83,45.22,120.20,1,-1,-1,-1
625,263,1.41,364.46,45.70,112.38,1,-1,-1,-1
625,212,778.72,356.82,35.74,66.06,1,-1,-1,-1
625,253,663.77,359.05,26.11,59.33,1,-1,-1,-1
625,270,1134.86,352.67,28.79,63.93,1,-1,-1,-1
625,266,1167.17,351.90,31.52,71.37,1,-1,-1,-1
625,252,719.12,355.45,23.81,49.93,1,-1,-1,-1
625,254,704.01,357.31,24.27,50.76,1,-1,-1,-1
625,245,691.27,360.65,23.11,50.71,1,-1,-1,-1
626,193,880.92,341.86,63.82,167.24,1,-1,-1,-1
626,200,807.55,328.99,64.06,182.68,1,-1,-1,-1
626,228,1197.56,336.72,59.43,143.92,1,-1,-1,-1
626,226,1105.95,348.00,31.52,73.34,1,-1,-1,-1
626,241,1027.97,380.20,64.10,111.51,1,-1,-1,-1
626,248,1407.64,311.85,78.60,197.68,1,-1,-1,-1
626,250,977.74,369.93,63.17,117.97,1,-1,-1,-1
626,251,47.90,354.29,46.12,121.05,1,-1,-1,-1
626,263,1.76,363.14,43.81,114.75,1,-1,-1,-1
626,212,780.78,358.19,33.78,62.28,1,-1,-1,-1
626,253,666.93,358.94,26.11,58.21,1,-1,-1,-1
626,270,1133.07,352.74,29.76,64.57,1,-1,-1,-1
626,266,1169.40,352.41,31.27,70.10,1,-1,-1,-1
626,252,719.94,355.98,23.72,49.76,1,-1,-1,-1
626,254,703.18,357.39,24.30,50.86,1,-1,-1,-1
627,193,884.55,343.42,61.14,166.11,1,-1,-1,-1
627,200,809.28,328.89,64.94,183.83,1,-1,-1,-1
627,228,1199.47,337.85,58.23,143.21,1,-1,-1,-1
627,226,1108.69,349.23,31.58,73.49,1,-1,-1,-1
627,241,1030.77,380.60,62.42,111.92,1,-1,-1,-1
627,248,1413.62,313.53,79.39,197.84,1,-1,-1,-1
627,250,979.25,370.04,62.89,120.00,1,-1,-1,-1
627,251,47.11,355.45,46.84,121.43,1,-1,-1,-1
627,263,1.24,363.72,43.39,114.67,1,-1,-1,-1
627,212,781.66,359.99,33.72,60.80,1,-1,-1,-1
627,253,668.77,359.92,26.57,58.31,1,-1,-1,-1
627,266,1175.08,353.02,31.33,70.75,1,-1,-1,-1
627,252,718.93,357.08,24.21,50.63,1,-1,-1,-1
627,254,702.62,358.52,24.43,51.16,1,-1,-1,-1
628,193,885.93,343.79,59.35,166.00,1,-1,-1,-1
628,200,810.57,328.86,64.91,185.04,1,-1,-1,-1
628,228,1199.86,338.61,57.67,143.47,1,-1,-1,-1
628,226,1109.11,350.10,32.95,74.58,1,-1,-1,-1
628,241,1031.63,380.53,64.41,112.45,1,-1,-1,-1
628,248,1419.85,316.40,80.53,197.56,1,-1,-1,-1
628,250,979.89,370.33,63.55,120.68,1,-1,-1,-1
628,251,44.50,356.51,47.54,123.54,1,-1,-1,-1
628,263,0.47,365.42,41.93,115.48,1,-1,-1,-1
628,212,782.85,360.12,32.59,60.33,1,-1,-1,-1
628,253,669.91,360.52,26.96,59.08,1,-1,-1,-1
628,266,1173.49,354.51,30.31,67.10,1,-1,-1,-1
628,252,717.30,357.98,24.14,51.22,1,-1,-1,-1
628,254,702.48,359.10,24.16,51.93,1,-1,-1,-1
628,245,689.85,362.21,24.13,53.46,1,-1,-1,-1
629,193,888.46,344.56,59.12,168.66,1,-1,-1,-1
629,200,812.98,330.44,65.36,184.81,1,-1,-1,-1
629,228,1202.11,341.10,59.09,143.54,1,-1,-1,-1
629,226,1111.45,352.67,33.50,74.90,1,-1,-1,-1
629,241,1036.12,380.66,63.32,114.69,1,-1,-1,-1
629,248,1431.10,319.84,80.70,201.87,1,-1,-1,-1
629,250,983.78,371.88,65.41,121.86,1,-1,-1,-1
629,251,41.37,355.90,50.21,128.14,1,-1,-1,-1
629,263,0.59,363.50,40.28,121.06,1,-1,-1,-1
629,212,784.51,363.28,33.01,60.81,1,-1,-1,-1
629,253,673.31,362.26,27.55,59.61,1,-1,-1,-1
629,266,1172.64,357.21,31.74,67.45,1,-1,-1,-1
629,252,718.50,361.11,23.70,52.54,1,-1,-1,-1
629,254,702.97,361.85,24.50,52.98,1,-1,-1,-1
630,193,889.69,346.46,58.72,168.76,1,-1,-1,-1
630,200,814.48,332.83,63.83,183.93,1,-1,-1,-1
630,228,1202.89,342.72,59.02,143.94,1,-1,-1,-1
630,226,1112.00,354.17,34.39,76.08,1,-1,-1,-1
630,241,1036.57,383.13,63.07,112.36,1,-1,-1,-1
630,248,1435.86,321.06,79.00,204.17,1,-1,-1,-1
630,250,985.46,374.34,66.08,119.17,1,-1,-1,-1
630,251,39.09,361.03,52.10,126.75,1,-1,-1,-1
630,263,0.08,361.41,36.89,129.10,1,-1,-1,-1
630,212,784.53,364.08,33.59,63.28,1,-1,-1,-1
630,253,674.73,364.58,28.52,59.04,1,-1,-1,-1
630,266,1166.66,357.34,31.32,68.06,1,-1,-1,-1
630,252,717.39,364.71,23.42,52.60,1,-1,-1,-1
630,245,694.16,366.26,24.38,54.80,1,-1,-1,-1
631,193,890.99,347.76,57.84,169.13,1,-1,-1,-1
631,200,815.77,333.70,64.57,184.64,1,-1,-1,-1
631,228,1204.82,343.17,58.60,145.69,1,-1,-1,-1
631,226,1113.89,356.72,34.76,76.45,1,-1,-1,-1
631,241,1040.74,386.45,61.07,111.05,1,-1,-1,-1
631,248,1441.53,324.23,78.94,206.31,1,-1,-1,-1
631,250,988.52,377.62,65.10,119.38,1,-1,-1,-1
631,251,39.23,362.73,51.09,126.82,1,-1,-1,-1
631,263,0.67,360.69,34.33,130.26,1,-1,-1,-1
631,212,787.38,365.58,32.06,61.26,1,-1,-1,-1
631,253,675.23,365.63,28.14,59.62,1,-1,-1,-1
631,266,1162.22,358.62,30.44,68.88,1,-1,-1,-1
631,252,719.48,365.20,22.96,52.09,1,-1,-1,-1
631,254,702.51,366.97,24.90,51.68,1,-1,-1,-1
632,193,892.53,347.74,57.24,167.02,1,-1,-1,-1
632,200,816.76,333.60,64.56,184.06,1,-1,-1,-1
632,228,1207.77,343.36,57.82,146.02,1,-1,-1,-1
632,226,1117.64,357.06,33.48,73.36,1,-1,-1,-1
632,241,1042.70,386.71,62.02,111.54,1,-1,-1,-1
632,248,1446.00,327.37,79.59,203.15,1,-1,-1,-1
632,250,990.35,378.13,66.13,118.99,1,-1,-1,-1
632,251,37.40,364.35,51.10,125.25,1,-1,-1,-1
632,263,0.84,362.75,33.40,124.61,1,-1,-1,-1
632,212,788.83,364.94,32.71,62.67,1,-1,-1,-1
632,253,677.28,365.75,27.48,58.72,1,-1,-1,-1
632,266,1161.06,358.34,29.18,69.78,1,-1,-1,-1
632,252,719.44,365.76,22.67,51.42,1,-1,-1,-1
632,245,697.65,368.29,24.95,53.38,1,-1,-1,-1
633,193,892.24,348.52,57.15,164.79,1,-1,-1,-1
633,200,816.84,333.84,63.55,181.75,1,-1,-1,-1
633,228,1207.73,343.73,58.24,145.53,1,-1,-1,-1
633,226,1118.91,356.45,33.06,72.87,1,-1,-1,-1
633,241,1042.09,386.15,62.40,110.37,1,-1,-1,-1
633,248,1446.10,325.63,80.82,205.86,1,-1,-1,-1
633,250,991.27,377.81,66.55,116.95,1,-1,-1,-1
633,251,33.59,365.45,51.59,124.67,1,-1,-1,-1
633,263,1.89,360.92,31.21,122.96,1,-1,-1,-1
633,212,789.57,362.80,33.82,67.26,1,-1,-1,-1
633,253,676.38,365.04,28.17,59.03,1,-1,-1,-1
633,266,1157.87,358.66,28.25,67.54,1,-1,-1,-1
633,252,721.70,365.46,22.85,51.36,1,-1,-1,-1
634,193,892.34,346.09,58.53,165.41,1,-1,-1,-1
634,200,816.63,330.52,64.15,183.47,1,-1,-1,-1
634,228,1207.73,342.10,57.86,144.45,1,-1,-1,-1
634,226,1122.58,353.76,32.10,72.21,1,-1,-1,-1
634,241,1043.20,383.88,62.35,110.54,1,-1,-1,-1
634,248,1445.71,321.03,85.31,208.30,1,-1,-1,-1
634,250,991.89,373.68,68.28,121.60,1,-1,-1,-1
634,251,25.22,359.23,53.01,126.66,1,-1,-1,-1
634,212,792.23,359.31,32.93,66.46,1,-1,-1,-1
634,253,678.02,362.20,28.29,59.19,1,-1,-1,-1
634,266,1158.27,354.57,28.85,70.05,1,-1,-1,-1
634,252,722.12,363.30,22.12,50.44,1,-1,-1,-1
635,193,890.74,345.02,59.69,165.97,1,-1,-1,-1
635,200,815.07,328.94,64.29,184.15,1,-1,-1,-1
635,228,1205.73,340.98,57.77,143.63,1,-1,-1,-1
635,226,1122.51,352.97,32.07,71.59,1,-1,-1,-1
635,241,1040.69,380.07,63.91,115.26,1,-1,-1,-1
635,248,1440.99,316.09,92.67,212.35,1,-1,-1,-1
635,250,991.54,369.75,68.12,123.77,1,-1,-1,-1
635,251,16.40,354.89,55.75,130.82,1,-1,-1,-1
635,212,787.84,357.33,33.23,66.20,1,-1,-1,-1
635,253,674.73,360.53,28.39,59.61,1,-1,-1,-1
635,266,1160.09,350.90,30.06,71.91,1,-1,-1,-1
635,252,719.18,360.33,23.60,51.94,1,-1,-1,-1
635,254,701.30,360.44,24.40,52.28,1,-1,-1,-1
636,193,888.14,343.04,59.08,164.11,1,-1,-1,-1
636,200,811.78,326.45,66.33,183.99,1,-1,-1,-1
636,228,1201.71,338.73,58.14,142.92,1,-1,-1,-1
636,226,1117.71,350.52,31.99,70.96,1,-1,-1,-1
636,241,1040.28,380.39,61.26,113.15,1,-1,-1,-1
636,248,1440.69,310.55,94.40,215.59,1,-1,-1,-1
636,250,987.60,369.61,67.96,124.64,1,-1,-1,-1
636,251,10.35,353.21,53.42,128.78,1,-1,-1,-1
636,212,784.62,356.28,32.55,64.03,1,-1,-1,-1
636,253,671.43,358.33,27.90,58.84,1,-1,-1,-1
636,266,1161.59,351.14,33.33,70.06,1,-1,-1,-1
636,252,717.93,356.33,22.95,52.75,1,-1,-1,-1
636,254,701.03,357.43,24.60,51.52,1,-1,-1,-1
637,193,889.65,339.17,59.89,164.45,1,-1,-1,-1
637,200,812.48,324.19,65.30,181.83,1,-1,-1,-1
637,228,1202.46,335.43,57.99,143.62,1,-1,-1,-1
637,226,1117.29,348.08,32.22,68.71,1,-1,-1,-1
637,241,1039.51,377.39,63.90,114.26,1,-1,-1,-1
637,248,1443.08,307.28,95.01,217.51,1,-1,-1,-1
637,250,989.14,366.87,67.94,121.04,1,-1,-1,-1
637,251,7.76,351.39,51.04,126.20,1,-1,-1,-1
637,212,784.63,352.85,34.15,64.24,1,-1,-1,-1
637,253,671.38,353.91,27.43,58.60,1,-1,-1,-1
637,266,1162.94,347.19,33.09,71.49,1,-1,-1,-1
637,252,721.61,351.56,23.83,52.84,1,-1,-1,-1
637,254,699.89,353.78,25.12,53.52,1,-1,-1,-1
638,193,889.81,335.91,59.39,163.88,1,-1,-1,-1
638,200,812.92,323.09,64.55,179.91,1,-1,-1,-1
638,228,1202.23,332.05,58.65,145.37,1,-1,-1,-1
638,226,1116.64,346.45,32.60,68.22,1,-1,-1,-1
638,241,1042.67,376.53,64.44,113.30,1,-1,-1,-1
638,248,1447.16,305.12,97.80,217.09,1,-1,-1,-1
638,250,990.86,367.24,67.17,118.38,1,-1,-1,-1
638,251,3.27,345.30,49.84,129.08,1,-1,-1,-1
638,212,786.44,350.97,34.76,63.99,1,-1,-1,-1
638,253,672.51,349.83,27.01,59.65,1,-1,-1,-1
638,266,1162.10,345.42,30.44,68.94,1,-1,-1,-1
638,252,720.81,349.25,23.51,52.22,1,-1,-1,-1
638,245,689.15,350.56,25.02,55.41,1,-1,-1,-1
639,193,888.63,333.45,58.86,163.21,1,-1,-1,-1
639,200,810.22,321.66,63.06,178.81,1,-1,-1,-1
639,228,1197.75,331.00,57.99,143.71,1,-1,-1,-1
639,226,1113.25,343.48,32.52,69.26,1,-1,-1,-1
639,241,1040.43,374.26,63.48,114.15,1,-1,-1,-1
639,248,1450.84,303.90,98.17,219.28,1,-1,-1,-1
639,250,988.10,364.29,66.43,119.02,1,-1,-1,-1
639,251,-1.20,345.89,44.97,126.32,1,-1,-1,-1
639,212,782.63,350.07,34.05,63.89,1,-1,-1,-1
639,253,668.24,346.95,27.17,58.45,1,-1,-1,-1
639,266,1164.88,345.47,31.11,68.59,1,-1,-1,-1
639,252,719.49,347.08,22.96,50.43,1,-1,-1,-1
639,254,692.10,348.39,24.82,52.86,1,-1,-1,-1
640,193,891.42,332.55,57.37,162.92,1,-1,-1,-1
640,200,811.04,322.31,63.08,177.35,1,-1,-1,-1
640,228,1197.18,330.33,58.02,144.24,1,-1,-1,-1
640,226,1114.62,342.70,32.43,69.64,1,-1,-1,-1
640,241,1042.83,374.02,63.24,114.72,1,-1,-1,-1
640,248,1455.83,301.85,101.67,223.86,1,-1,-1,-1
640,250,990.22,363.37,65.82,120.44,1,-1,-1,-1
640,251,-0.31,348.81,42.14,123.80,1,-1,-1,-1
640,212,784.03,349.98,34.04,64.36,1,-1,-1,-1
640,253,668.76,346.94,27.10,57.98,1,-1,-1,-1
640,266,1169.01,344.54,32.66,70.25,1,-1,-1,-1
640,252,720.19,347.64,22.57,48.81,1,-1,-1,-1
640,254,691.16,348.57,24.66,52.54,1,-1,-1,-1
641,193,892.00,330.13,57.50,164.29,1,-1,-1,-1
641,200,811.69,322.59,63.10,175.55,1,-1,-1,-1
641,228,1197.14,329.76,58.52,142.78,1,-1,-1,-1
641,226,1114.48,342.42,32.47,69.40,1,-1,-1,-1
641,241,1044.46,373.89,63.09,114.59,1,-1,-1,-1
641,248,1459.80,301.68,104.48,223.06,1,-1,-1,-1
641,250,990.88,362.52,66.13,122.29,1,-1,-1,-1
641,251,-0.12,353.15,37.65,120.51,1,-1,-1,-1
641,212,784.43,349.21,34.30,65.00,1,-1,-1,-1
641,253,669.10,346.87,26.68,57.81,1,-1,-1,-1
641,266,1170.51,345.33,33.51,73.03,1,-1,-1,-1
641,252,719.32,347.03,22.76,48.63,1,-1,-1,-1
641,254,691.40,348.02,24.42,52.56,1,-1,-1,-1
642,193,892.42,329.67,57.53,164.81,1,-1,-1,-1
642,200,810.75,322.47,63.89,175.78,1,-1,-1,-1
642,228,1195.67,329.71,59.07,142.03,1,-1,-1,-1
642,226,1114.13,343.17,32.30,69.45,1,-1,-1,-1
642,241,1044.95,374.84,63.00,113.93,1,-1,-1,-1
642,248,1461.94,300.57,106.74,224.31,1,-1,-1,-1
642,250,990.21,363.81,66.54,121.60,1,-1,-1,-1
642,251,-0.09,360.56,33.37,110.90,1,-1,-1,-1
642,212,783.40,350.50,34.35,64.51,1,-1,-1,-1
642,253,668.49,347.74,26.81,57.61,1,-1,-1,-1
642,266,1165.21,342.76,41.31,76.10,1,-1,-1,-1
642,252,720.00,347.89,22.51,48.77,1,-1,-1,-1
642,254,691.87,349.03,24.60,52.97,1,-1,-1,-1
643,193,893.69,331.45,56.15,161.70,1,-1,-1,-1
643,200,812.46,321.61,63.52,175.28,1,-1,-1,-1
643,228,1196.66,328.23,57.96,145.55,1,-1,-1,-1
643,226,1114.02,344.61,34.20,70.00,1,-1,-1,-1
643,241,1045.47,373.87,66.76,114.87,1,-1,-1,-1
643,248,1466.66,302.59,112.64,224.51,1,-1,-1,-1
643,250,992.36,364.08,66.38,120.46,1,-1,-1,-1
643,251,0.38,360.22,31.25,109.75,1,-1,-1,-1
643,212,784.55,349.44,36.12,68.89,1,-1,-1,-1
643,253,667.45,348.68,26.77,58.08,1,-1,-1,-1
643,266,1165.42,342.63,44.77,78.55,1,-1,-1,-1
643,252,724.75,346.96,22.67,49.90,1,-1,-1,-1
643,254,697.34,349.16,25.12,52.79,1,-1,-1,-1
644,193,893.49,331.03,57.92,166.08,1,-1,-1,-1
644,200,814.36,322.17,63.87,176.66,1,-1,-1,-1
644,228,1199.24,329.83,58.00,146.27,1,-1,-1,-1
644,226,1117.04,344.84,34.13,72.00,1,-1,-1,-1
644,241,1045.80,375.90,68.90,114.67,1,-1,-1,-1
644,248,1476.76,303.65,113.37,227.68,1,-1,-1,-1
644,250,996.22,365.76,66.09,119.28,1,-1,-1,-1
644,212,785.54,350.93,36.58,67.47,1,-1,-1,-1
644,253,668.88,349.79,26.74,58.85,1,-1,-1,-1
644,266,1164.76,344.84,36.54,72.73,1,-1,-1,-1
644,252,725.24,347.61,23.30,51.65,1,-1,-1,-1
644,254,700.51,349.08,26.08,55.04,1,-1,-1,-1
645,193,896.93,333.22,60.04,166.11,1,-1,-1,-1
645,200,818.46,323.21,64.73,178.12,1,-1,-1,-1
645,228,1203.66,332.43,57.24,145.22,1,-1,-1,-1
645,226,1123.62,345.48,33.04,72.43,1,-1,-1,-1
645,241,1049.52,377.16,68.33,116.06,1,-1,-1,-1
645,248,1492.44,302.50,112.84,234.09,1,-1,-1,-1
645,250,1002.10,367.12,65.89,121.85,1,-1,-1,-1
645,212,789.29,352.06,36.30,66.94,1,-1,-1,-1
645,253,673.63,350.13,27.69,59.94,1,-1,-1,-1
645,266,1169.20,346.29,33.34,70.03,1,-1,-1,-1
645,254,713.94,350.37,24.44,51.84,1,-1,-1,-1
645,245,690.37,350.49,25.21,56.50,1,-1,-1,-1
646,193,898.40,334.01,60.99,163.77,1,-1,-1,-1
646,200,821.09,322.61,65.46,177.32,1,-1,-1,-1
646,228,1206.75,331.89,56.90,145.97,1,-1,-1,-1
646,226,1128.83,344.71,31.56,70.76,1,-1,-1,-1
646,241,1050.10,375.46,69.54,118.70,1,-1,-1,-1
646,248,1509.04,297.93,107.77,242.17,1,-1,-1,-1
646,250,1004.61,364.07,67.22,125.32,1,-1,-1,-1
646,212,791.05,352.82,36.51,64.76,1,-1,-1,-1
646,253,675.45,350.66,27.98,58.59,1,-1,-1,-1
646,266,1171.58,344.22,33.54,72.48,1,-1,-1,-1
646,254,716.96,349.83,24.54,52.58,1,-1,-1,-1
646,245,692.46,350.24,25.77,55.57,1,-1,-1,-1
647,193,901.98,335.28,60.66,164.24,1,-1,-1,-1
647,200,825.29,322.48,65.83,177.99,1,-1,-1,-1
647,228,1207.56,333.29,57.42,145.62,1,-1,-1,-1
647,226,1130.67,345.15,32.27,71.77,1,-1,-1,-1
647,241,1051.42,377.10,70.86,118.17,1,-1,-1,-1
647,248,1521.91,299.51,103.92,244.08,1,-1,-1,-1
647,250,1007.65,367.09,65.25,122.49,1,-1,-1,-1
647,212,794.40,352.39,35.85,66.52,1,-1,-1,-1
647,253,677.86,350.01,28.07,59.31,1,-1,-1,-1
647,266,1167.81,345.58,30.80,69.94,1,-1,-1,-1
647,254,720.73,349.90,24.03,52.05,1,-1,-1,-1
647,245,694.89,349.52,26.34,55.66,1,-1,-1,-1
648,193,906.64,335.24,61.43,165.80,1,-1,-1,-1
648,200,831.74,322.28,66.23,179.16,1,-1,-1,-1
648,228,1211.63,334.06,58.19,145.34,1,-1,-1,-1
648,226,1133.26,344.19,32.81,73.45,1,-1,-1,-1
648,241,1053.91,377.75,70.74,117.52,1,-1,-1,-1
648,248,1536.38,301.79,101.53,241.14,1,-1,-1,-1
648,250,1010.66,367.90,64.86,122.34,1,-1,-1,-1
648,212,798.17,351.10,35.34,68.26,1,-1,-1,-1
648,253,682.86,350.13,28.00,58.65,1,-1,-1,-1
648,266,1171.65,347.31,30.02,67.72,1,-1,-1,-1
648,254,723.33,350.54,23.79,51.18,1,-1,-1,-1
649,193,909.60,334.37,62.48,166.14,1,-1,-1,-1
649,200,835.72,317.78,66.99,182.88,1,-1,-1,-1
649,228,1217.09,332.55,57.28,145.18,1,-1,-1,-1
649,226,1138.00,341.99,33.91,74.35,1,-1,-1,-1
649,241,1057.42,375.04,72.91,119.24,1,-1,-1,-1
649,248,1553.27,300.42,100.49,245.74,1,-1,-1,-1
649,250,1014.73,365.87,66.00,121.61,1,-1,-1,-1
649,212,799.36,348.03,36.65,67.82,1,-1,-1,-1
649,253,688.04,348.16,27.47,58.86,1,-1,-1,-1
649,266,1169.70,345.81,30.06,69.67,1,-1,-1,-1
649,254,725.84,348.35,23.94,51.91,1,-1,-1,-1
650,193,911.75,335.33,63.03,166.65,1,-1,-1,-1
650,200,837.24,317.94,66.32,183.26,1,-1,-1,-1
650,228,1220.10,331.79,57.23,145.83,1,-1,-1,-1
650,226,1141.76,342.51,33.41,71.53,1,-1,-1,-1
650,241,1063.99,375.32,69.62,119.10,1,-1,-1,-1
650,248,1562.85,301.70,101.34,248.86,1,-1,-1,-1
650,250,1017.70,365.45,64.98,123.00,1,-1,-1,-1
650,212,803.07,348.53,34.97,65.58,1,-1,-1,-1
650,253,691.22,346.95,27.47,59.07,1,-1,-1,-1
650,266,1172.46,342.08,31.43,71.96,1,-1,-1,-1
650,254,725.51,347.83,23.74,51.27,1,-1,-1,-1
651,193,917.06,334.67,61.98,164.61,1,-1,-1,-1
651,200,841.57,317.33,65.59,182.88,1,-1,-1,-1
651,228,1225.85,330.69,55.95,145.30,1,-1,-1,-1
651,226,1146.85,340.93,33.08,71.10,1,-1,-1,-1
651,241,1069.74,374.10,68.69,118.58,1,-1,-1,-1
651,248,1575.34,300.57,103.11,251.37,1,-1,-1,-1
651,250,1021.53,363.82,67.39,123.79,1,-1,-1,-1
651,212,810.62,347.58,33.83,64.45,1,-1,-1,-1
651,253,696.04,346.47,26.55,57.84,1,-1,-1,-1
651,266,1175.45,337.50,30.82,73.56,1,-1,-1,-1
651,254,727.93,346.75,24.41,51.71,1,-1,-1,-1
651,251,1.25,357.96,26.98,115.37,1,-1,-1,-1
651,252,757.65,344.31,22.08,48.82,1,-1,-1,-1
652,193,919.64,333.53,61.88,166.08,1,-1,-1,-1
652,200,844.29,318.42,67.55,181.39,1,-1,-1,-1
652,228,1229.70,331.14,54.73,143.17,1,-1,-1,-1
652,226,1151.23,340.00,33.35,72.27,1,-1,-1,-1
652,241,1074.57,373.96,70.31,117.76,1,-1,-1,-1
652,248,1585.27,301.96,103.02,250.28,1,-1,-1,-1
652,250,1024.65,362.40,69.44,126.12,1,-1,-1,-1
652,212,814.41,347.27,34.76,64.17,1,-1,-1,-1
652,253,699.16,345.61,26.53,58.70,1,-1,-1,-1
652,266,1190.37,341.37,29.77,71.55,1,-1,-1,-1
652,254,731.88,345.38,25.57,52.00,1,-1,-1,-1
652,251,1.26,351.19,28.29,121.85,1,-1,-1,-1
652,252,757.31,342.46,23.55,51.37,1,-1,-1,-1
653,193,922.35,332.72,61.36,167.24,1,-1,-1,-1
653,200,847.32,319.25,68.53,180.56,1,-1,-1,-1
653,228,1233.84,330.81,54.75,142.70,1,-1,-1,-1
653,226,1155.00,339.43,33.44,73.50,1,-1,-1,-1
653,241,1080.35,375.32,69.98,118.18,1,-1,-1,-1
653,248,1596.00,301.90,105.67,252.72,1,-1,-1,-1
653,250,1029.26,363.13,67.93,127.47,1,-1,-1,-1
653,212,815.85,346.24,35.35,65.34,1,-1,-1,-1
653,253,701.93,344.11,27.32,60.15,1,-1,-1,-1
653,266,1198.43,341.56,31.07,72.35,1,-1,-1,-1
653,254,731.41,344.69,25.94,53.51,1,-1,-1,-1
653,251,1.23,352.49,29.38,119.27,1,-1,-1,-1
653,252,756.81,343.31,22.87,51.03,1,-1,-1,-1
654,193,929.94,332.14,61.67,163.26,1,-1,-1,-1
654,200,858.37,319.48,67.52,177.64,1,-1,-1,-1
654,228,1241.96,331.45,54.36,143.00,1,-1,-1,-1
654,226,1165.81,341.19,32.81,71.42,1,-1,-1,-1
654,241,1087.79,377.22,69.80,115.84,1,-1,-1,-1
654,248,1613.06,306.88,106.00,253.83,1,-1,-1,-1
654,250,1037.85,363.02,67.40,127.98,1,-1,-1,-1
654,212,822.09,345.33,34.13,64.74,1,-1,-1,-1
654,253,706.59,343.41,27.63,59.57,1,-1,-1,-1
654,266,1201.79,343.60,30.93,70.47,1,-1,-1,-1
654,254,738.25,341.43,26.29,55.11,1,-1,-1,-1
654,251,2.55,343.57,33.64,123.29,1,-1,-1,-1
654,252,757.37,343.22,24.43,50.20,1,-1,-1,-1
654,245,720.32,342.33,26.30,54.23,1,-1,-1,-1
