1,274,1691.70,383.50,169.90,358.10,1,-1,-1,-1
1,275,257.70,452.00,104.80,258.40,1,-1,-1,-1
1,276,1292.90,461.50,71.10,198.80,1,-1,-1,-1
1,277,1252.10,537.60,63.20,123.30,1,-1,-1,-1
2,274,1685.34,388.27,171.02,355.74,1,-1,-1,-1
2,275,260.10,453.74,106.01,259.77,1,-1,-1,-1
2,276,1293.07,458.46,73.53,203.91,1,-1,-1,-1
2,277,1254.44,523.89,60.85,137.96,1,-1,-1,-1
3,274,1682.31,383.53,172.00,361.27,1,-1,-1,-1
3,275,263.08,453.36,105.99,261.09,1,-1,-1,-1
3,276,1295.34,457.17,74.56,205.71,1,-1,-1,-1
3,277,1259.20,518.23,55.79,143.78,1,-1,-1,-1
4,274,1680.02,381.21,173.19,363.50,1,-1,-1,-1
4,275,265.33,450.04,106.56,264.23,1,-1,-1,-1
4,276,1298.85,457.02,73.57,205.97,1,-1,-1,-1
4,277,1263.10,515.96,48.81,146.86,1,-1,-1,-1
5,274,1678.56,383.86,173.26,362.44,1,-1,-1,-1
5,275,266.74,449.39,106.75,265.51,1,-1,-1,-1
5,276,1300.56,456.04,74.53,207.08,1,-1,-1,-1
6,274,1678.88,385.98,173.30,361.11,1,-1,-1,-1
6,275,266.93,449.66,108.92,265.08,1,-1,-1,-1
6,276,1301.75,455.65,76.17,207.12,1,-1,-1,-1
6,277,1266.82,517.77,51.97,144.19,1,-1,-1,-1
7,274,1679.02,387.80,169.03,360.88,1,-1,-1,-1
7,275,270.93,449.95,106.35,262.69,1,-1,-1,-1
7,276,1304.23,454.66,77.36,206.24,1,-1,-1,-1
7,277,1269.94,527.87,53.14,133.41,1,-1,-1,-1
8,274,1679.74,389.63,166.84,360.63,1,-1,-1,-1
8,275,273.11,447.52,105.29,265.24,1,-1,-1,-1
8,276,1304.83,454.34,79.80,206.24,1,-1,-1,-1
8,277,1274.03,532.39,53.67,129.53,1,-1,-1,-1
9,274,1679.34,389.83,167.10,362.30,1,-1,-1,-1
9,275,275.70,445.72,104.63,269.67,1,-1,-1,-1
9,276,1306.23,454.48,80.26,204.86,1,-1,-1,-1
9,277,1273.40,536.03,55.06,127.78,1,-1,-1,-1
10,274,1677.98,386.60,166.88,364.99,1,-1,-1,-1
10,275,277.47,441.86,103.91,274.30,1,-1,-1,-1
10,276,1307.25,453.09,82.25,207.38,1,-1,-1,-1
10,277,1273.79,536.46,56.85,126.89,1,-1,-1,-1
11,274,1675.82,384.09,169.20,367.76,1,-1,-1,-1
11,275,279.23,440.45,105.15,276.56,1,-1,-1,-1
11,276,1308.71,451.01,84.62,210.96,1,-1,-1,-1
11,277,1275.66,537.28,56.04,125.73,1,-1,-1,-1
12,274,1672.88,383.76,170.03,368.95,1,-1,-1,-1
12,275,283.24,438.61,101.42,277.60,1,-1,-1,-1
12,276,1309.65,451.88,85.76,209.17,1,-1,-1,-1
12,277,1277.63,538.76,56.24,125.01,1,-1,-1,-1
13,274,1670.86,382.12,172.25,367.29,1,-1,-1,-1
13,275,284.77,441.08,106.41,273.69,1,-1,-1,-1
13,276,1312.32,452.48,84.08,207.84,1,-1,-1,-1
13,277,1279.81,539.19,57.01,125.05,1,-1,-1,-1
14,274,1667.71,378.81,175.49,372.99,1,-1,-1,-1
14,275,286.89,440.72,107.12,270.98,1,-1,-1,-1
14,276,1315.37,451.92,81.56,208.64,1,-1,-1,-1
14,277,1282.77,539.32,56.07,126.49,1,-1,-1,-1
14,278,1.12,239.16,203.67,692.23,1,-1,-1,-1
15,274,1664.43,377.54,174.94,378.20,1,-1,-1,-1
15,275,288.39,444.13,109.84,266.21,1,-1,-1,-1
15,276,1317.21,452.62,80.50,207.88,1,-1,-1,-1
15,277,1286.97,538.34,55.66,128.22,1,-1,-1,-1
15,278,1.11,238.37,216.60,687.34,1,-1,-1,-1
16,274,1660.76,376.21,177.52,380.22,1,-1,-1,-1
16,275,291.08,446.14,110.26,263.96,1,-1,-1,-1
16,276,1319.35,453.07,78.95,209.01,1,-1,-1,-1
16,277,1290.34,536.55,54.27,130.97,1,-1,-1,-1
16,278,1.22,243.40,224.11,689.85,1,-1,-1,-1
17,274,1664.61,376.08,172.62,378.47,1,-1,-1,-1
17,275,292.89,447.37,109.86,263.28,1,-1,-1,-1
17,276,1321.76,453.51,76.88,208.50,1,-1,-1,-1
17,277,1291.59,536.65,53.58,131.21,1,-1,-1,-1
17,278,0.92,243.26,226.71,686.37,1,-1,-1,-1
18,274,1659.97,379.05,176.12,378.86,1,-1,-1,-1
18,275,299.03,448.42,104.10,261.93,1,-1,-1,-1
18,276,1324.01,454.37,76.25,208.13,1,-1,-1,-1
18,277,1292.67,536.54,54.44,130.78,1,-1,-1,-1
18,278,0.94,229.86,227.37,701.04,1,-1,-1,-1
19,274,1656.22,380.40,179.42,380.30,1,-1,-1,-1
19,275,303.79,449.19,100.84,260.09,1,-1,-1,-1
19,276,1325.29,454.44,76.55,209.29,1,-1,-1,-1
19,277,1294.19,535.19,54.41,131.35,1,-1,-1,-1
19,278,1.07,230.16,239.51,686.65,1,-1,-1,-1
20,274,1646.49,375.62,185.56,385.64,1,-1,-1,-1
20,275,308.17,448.92,100.14,259.64,1,-1,-1,-1
20,276,1327.56,454.88,74.87,209.40,1,-1,-1,-1
20,277,1296.33,535.16,53.79,131.99,1,-1,-1,-1
20,278,1.02,227.44,258.03,697.93,1,-1,-1,-1
21,274,1642.61,372.23,186.99,393.12,1,-1,-1,-1
21,275,311.96,449.88,98.58,258.42,1,-1,-1,-1
21,276,1328.94,455.19,73.32,208.57,1,-1,-1,-1
21,277,1297.35,535.93,53.48,130.86,1,-1,-1,-1
21,278,0.99,237.71,277.91,691.81,1,-1,-1,-1
22,274,1640.97,371.41,185.71,395.29,1,-1,-1,-1
22,275,314.66,453.12,96.41,256.52,1,-1,-1,-1
22,276,1328.94,455.74,73.22,207.91,1,-1,-1,-1
22,277,1298.55,536.25,53.29,130.43,1,-1,-1,-1
22,278,1.01,233.77,291.40,692.84,1,-1,-1,-1
23,274,1639.02,374.04,185.83,393.82,1,-1,-1,-1
23,275,314.87,453.95,99.01,253.51,1,-1,-1,-1
23,276,1330.14,455.91,73.00,207.20,1,-1,-1,-1
23,277,1299.32,536.71,55.46,130.29,1,-1,-1,-1
23,278,1.01,230.60,310.69,676.48,1,-1,-1,-1
24,274,1636.04,375.87,187.40,391.76,1,-1,-1,-1
24,275,314.70,451.60,99.47,256.10,1,-1,-1,-1
24,276,1330.36,455.99,74.44,206.55,1,-1,-1,-1
24,277,1300.65,536.21,54.68,128.43,1,-1,-1,-1
24,278,1.37,236.56,323.61,683.41,1,-1,-1,-1
25,274,1632.96,377.06,189.07,391.33,1,-1,-1,-1
25,275,313.93,448.47,101.35,260.52,1,-1,-1,-1
25,276,1330.69,455.20,75.08,208.74,1,-1,-1,-1
25,277,1302.31,536.47,54.31,128.58,1,-1,-1,-1
25,278,1.13,233.04,343.85,672.06,1,-1,-1,-1
26,274,1628.94,380.05,190.21,391.51,1,-1,-1,-1
26,275,320.83,433.74,94.45,277.07,1,-1,-1,-1
26,276,1330.90,454.87,74.74,207.46,1,-1,-1,-1
26,277,1302.35,535.60,55.75,131.04,1,-1,-1,-1
26,278,0.98,239.25,357.17,674.55,1,-1,-1,-1
27,274,1627.43,382.45,189.62,390.27,1,-1,-1,-1
27,275,319.46,429.28,96.80,282.94,1,-1,-1,-1
27,276,1330.79,454.50,74.95,206.83,1,-1,-1,-1
27,277,1302.51,535.28,56.55,131.70,1,-1,-1,-1
27,278,5.35,235.06,353.74,687.19,1,-1,-1,-1
28,274,1632.79,378.73,179.16,391.24,1,-1,-1,-1
28,276,1331.29,454.76,74.97,206.77,1,-1,-1,-1
28,277,1304.02,536.34,55.47,129.38,1,-1,-1,-1
28,278,13.93,237.37,359.17,674.46,1,-1,-1,-1
29,274,1631.30,375.99,175.76,390.78,1,-1,-1,-1
29,276,1331.56,455.39,74.78,206.29,1,-1,-1,-1
29,277,1304.73,537.46,55.24,127.96,1,-1,-1,-1
29,278,12.75,235.55,372.06,673.44,1,-1,-1,-1
29,279,1817.68,319.90,103.25,441.72,1,-1,-1,-1
30,274,1629.46,372.52,173.80,393.08,1,-1,-1,-1
30,276,1332.26,456.16,74.98,205.39,1,-1,-1,-1
30,277,1305.38,538.21,54.81,127.71,1,-1,-1,-1
30,278,7.33,232.54,394.83,671.86,1,-1,-1,-1
30,279,1813.63,310.14,107.24,457.43,1,-1,-1,-1
31,274,1628.73,370.16,172.88,397.68,1,-1,-1,-1
31,276,1333.16,456.15,75.24,205.98,1,-1,-1,-1
31,277,1307.64,538.45,51.86,126.84,1,-1,-1,-1
31,278,3.47,226.60,414.03,676.06,1,-1,-1,-1
31,279,1810.80,303.91,110.14,466.32,1,-1,-1,-1
32,274,1627.54,370.78,174.83,400.80,1,-1,-1,-1
32,276,1332.85,457.58,76.39,206.33,1,-1,-1,-1
32,277,1309.83,537.24,49.85,127.45,1,-1,-1,-1
32,278,2.00,224.88,424.29,677.48,1,-1,-1,-1
32,279,1808.10,302.61,112.82,469.30,1,-1,-1,-1
33,274,1627.09,365.03,172.01,407.80,1,-1,-1,-1
33,276,1333.27,455.50,76.57,209.58,1,-1,-1,-1
33,277,1311.70,530.72,49.47,133.32,1,-1,-1,-1
33,278,1.31,228.38,436.24,671.60,1,-1,-1,-1
33,279,1805.87,304.47,115.05,468.11,1,-1,-1,-1
34,274,1624.56,362.30,172.70,412.18,1,-1,-1,-1
34,276,1333.76,454.45,76.57,211.99,1,-1,-1,-1
34,277,1315.23,520.25,50.96,143.64,1,-1,-1,-1
34,278,1.03,228.88,449.56,669.36,1,-1,-1,-1
34,279,1802.61,302.03,118.35,470.54,1,-1,-1,-1
35,274,1619.18,361.94,175.75,415.94,1,-1,-1,-1
35,276,1334.73,453.45,77.08,214.86,1,-1,-1,-1
35,278,0.96,230.83,459.70,669.16,1,-1,-1,-1
35,279,1797.82,301.55,123.16,473.47,1,-1,-1,-1
36,274,1619.06,366.43,171.76,409.85,1,-1,-1,-1
36,276,1335.25,453.91,76.48,215.75,1,-1,-1,-1
36,278,0.89,232.56,467.88,670.04,1,-1,-1,-1
36,279,1795.98,298.42,124.99,478.38,1,-1,-1,-1
37,274,1616.74,367.00,173.17,411.42,1,-1,-1,-1
37,276,1335.58,454.40,76.70,215.59,1,-1,-1,-1
37,278,12.66,228.65,462.86,670.97,1,-1,-1,-1
37,279,1793.63,300.77,127.34,477.93,1,-1,-1,-1
38,274,1614.95,367.49,172.20,412.61,1,-1,-1,-1
38,276,1335.61,454.45,77.06,215.70,1,-1,-1,-1
38,278,22.78,240.09,473.05,659.14,1,-1,-1,-1
38,279,1792.19,302.80,128.81,477.52,1,-1,-1,-1
39,274,1610.87,367.25,178.50,418.76,1,-1,-1,-1
39,276,1335.81,454.70,77.65,215.93,1,-1,-1,-1
39,278,42.24,244.05,454.45,656.60,1,-1,-1,-1
39,279,1790.47,304.24,130.59,478.66,1,-1,-1,-1
40,274,1610.37,367.13,178.37,421.37,1,-1,-1,-1
40,276,1336.77,455.24,77.91,215.08,1,-1,-1,-1
40,278,67.59,243.66,443.43,656.96,1,-1,-1,-1
40,279,1788.39,305.60,132.62,477.77,1,-1,-1,-1
41,274,1609.97,368.23,178.72,423.13,1,-1,-1,-1
41,276,1337.61,455.54,78.08,214.40,1,-1,-1,-1
41,278,110.65,250.21,405.29,645.41,1,-1,-1,-1
41,279,1787.77,308.01,133.28,475.46,1,-1,-1,-1
42,274,1605.98,369.03,182.49,424.22,1,-1,-1,-1
42,276,1337.96,455.71,78.68,213.78,1,-1,-1,-1
42,278,145.77,250.23,376.40,643.01,1,-1,-1,-1
42,279,1786.15,309.10,134.89,474.87,1,-1,-1,-1
43,274,1601.05,366.59,184.49,426.37,1,-1,-1,-1
43,276,1338.55,456.18,78.97,212.90,1,-1,-1,-1
43,278,186.94,242.33,344.38,654.38,1,-1,-1,-1
43,279,1782.08,310.12,139.03,474.89,1,-1,-1,-1
44,274,1602.23,365.24,181.47,425.19,1,-1,-1,-1
44,276,1338.88,456.27,79.21,212.48,1,-1,-1,-1
44,278,225.31,248.25,312.86,649.03,1,-1,-1,-1
44,279,1781.73,310.86,139.42,479.27,1,-1,-1,-1
45,274,1597.91,363.12,184.40,426.98,1,-1,-1,-1
45,276,1339.32,456.27,79.77,212.52,1,-1,-1,-1
45,278,264.00,246.01,281.25,637.95,1,-1,-1,-1
45,279,1780.27,309.37,140.94,482.46,1,-1,-1,-1
46,274,1593.18,360.18,190.64,430.54,1,-1,-1,-1
46,276,1339.58,456.08,80.17,212.86,1,-1,-1,-1
46,278,285.78,244.51,279.05,628.52,1,-1,-1,-1
46,279,1780.27,306.05,140.91,487.93,1,-1,-1,-1
47,274,1592.27,361.86,189.39,433.86,1,-1,-1,-1
47,276,1340.03,455.94,80.49,213.12,1,-1,-1,-1
47,278,300.45,248.95,280.03,621.45,1,-1,-1,-1
47,279,1779.74,302.59,141.38,489.81,1,-1,-1,-1
48,274,1587.88,354.94,188.71,437.05,1,-1,-1,-1
48,276,1340.32,455.77,80.41,213.06,1,-1,-1,-1
48,278,313.15,247.24,291.18,616.84,1,-1,-1,-1
48,279,1779.57,299.60,141.43,492.56,1,-1,-1,-1
49,274,1582.68,357.22,192.62,435.70,1,-1,-1,-1
49,276,1339.55,456.66,81.48,212.51,1,-1,-1,-1
49,278,329.24,255.32,298.01,606.87,1,-1,-1,-1
49,279,1778.91,295.18,142.09,498.86,1,-1,-1,-1
50,274,1577.71,355.96,195.82,439.29,1,-1,-1,-1
50,276,1340.29,455.92,81.22,213.28,1,-1,-1,-1
50,278,344.57,255.28,311.19,607.45,1,-1,-1,-1
50,279,1777.70,290.58,143.20,507.69,1,-1,-1,-1
51,274,1579.10,352.43,192.36,443.83,1,-1,-1,-1
51,276,1340.61,455.50,81.30,213.51,1,-1,-1,-1
51,278,362.21,258.36,316.79,614.31,1,-1,-1,-1
51,279,1776.65,287.11,144.28,514.25,1,-1,-1,-1
52,274,1576.80,354.39,191.54,446.27,1,-1,-1,-1
52,276,1340.89,455.45,81.31,213.73,1,-1,-1,-1
52,278,374.43,255.97,319.67,619.25,1,-1,-1,-1
52,279,1774.65,286.89,146.25,514.82,1,-1,-1,-1
53,274,1565.98,353.26,202.60,449.15,1,-1,-1,-1
53,276,1341.23,455.47,80.97,213.61,1,-1,-1,-1
53,278,385.20,260.40,325.67,609.99,1,-1,-1,-1
53,279,1772.68,286.07,148.19,517.58,1,-1,-1,-1
54,274,1565.59,356.46,200.51,450.56,1,-1,-1,-1
54,276,1341.32,455.22,80.97,214.09,1,-1,-1,-1
54,278,392.63,263.45,331.58,601.50,1,-1,-1,-1
54,279,1770.71,285.23,150.20,520.48,1,-1,-1,-1
55,274,1562.04,359.99,199.45,445.44,1,-1,-1,-1
55,276,1341.43,455.17,81.03,214.27,1,-1,-1,-1
55,278,408.17,260.43,332.71,599.05,1,-1,-1,-1
55,279,1769.44,283.70,151.43,522.64,1,-1,-1,-1
56,274,1558.82,360.74,198.67,446.61,1,-1,-1,-1
56,276,1341.39,455.26,80.85,214.06,1,-1,-1,-1
56,278,428.66,264.30,316.86,594.25,1,-1,-1,-1
56,279,1768.09,282.76,152.76,526.48,1,-1,-1,-1
56,275,381.86,414.56,111.64,311.29,1,-1,-1,-1
57,274,1553.60,363.93,203.47,446.67,1,-1,-1,-1
57,276,1341.52,455.18,80.84,214.11,1,-1,-1,-1
57,278,452.84,261.66,300.20,596.12,1,-1,-1,-1
57,279,1765.17,284.03,155.70,527.37,1,-1,-1,-1
57,275,380.15,430.13,117.18,288.05,1,-1,-1,-1
58,274,1543.77,361.89,205.57,447.67,1,-1,-1,-1
58,276,1341.53,455.26,80.83,213.81,1,-1,-1,-1
58,278,481.16,263.75,276.16,585.64,1,-1,-1,-1
58,279,1760.41,283.97,160.54,529.07,1,-1,-1,-1
58,275,376.76,437.97,117.28,275.58,1,-1,-1,-1
59,274,1535.07,357.02,208.81,453.22,1,-1,-1,-1
59,276,1341.41,455.23,81.16,214.67,1,-1,-1,-1
59,278,508.64,255.80,253.37,586.16,1,-1,-1,-1
59,279,1755.11,286.28,165.78,527.00,1,-1,-1,-1
59,275,373.97,437.77,119.95,274.62,1,-1,-1,-1
60,274,1530.78,358.30,204.57,449.06,1,-1,-1,-1
60,276,1341.34,455.24,81.07,214.40,1,-1,-1,-1
60,278,532.87,263.92,244.51,565.97,1,-1,-1,-1
60,279,1747.12,292.26,173.71,526.97,1,-1,-1,-1
60,275,371.23,437.09,121.06,274.03,1,-1,-1,-1
61,274,1522.18,349.89,209.76,459.24,1,-1,-1,-1
61,276,1341.18,455.15,81.19,214.67,1,-1,-1,-1
61,278,548.56,262.20,246.92,571.65,1,-1,-1,-1
61,279,1743.22,286.56,177.61,534.34,1,-1,-1,-1
61,275,371.08,436.71,121.60,272.41,1,-1,-1,-1
62,274,1519.28,343.17,209.43,462.88,1,-1,-1,-1
62,276,1341.16,455.03,81.22,214.57,1,-1,-1,-1
62,278,564.80,251.81,251.82,584.41,1,-1,-1,-1
62,279,1743.96,284.02,176.84,536.34,1,-1,-1,-1
62,275,374.86,434.71,119.01,273.72,1,-1,-1,-1
63,274,1510.29,341.42,213.25,469.58,1,-1,-1,-1
63,276,1341.15,455.39,80.70,214.21,1,-1,-1,-1
63,278,579.00,259.51,262.07,572.04,1,-1,-1,-1
63,279,1743.28,282.49,177.52,537.40,1,-1,-1,-1
63,275,381.63,434.21,114.52,272.21,1,-1,-1,-1
63,280,203.06,464.85,100.71,241.64,1,-1,-1,-1
64,274,1506.08,340.50,212.65,474.00,1,-1,-1,-1
64,276,1341.22,455.22,80.71,214.33,1,-1,-1,-1
64,278,590.67,265.41,271.08,566.13,1,-1,-1,-1
64,279,1738.77,280.16,182.07,544.22,1,-1,-1,-1
64,275,390.11,441.28,107.06,266.16,1,-1,-1,-1
64,280,206.30,464.52,98.10,238.88,1,-1,-1,-1
65,274,1500.67,339.67,213.66,475.89,1,-1,-1,-1
65,276,1341.26,455.13,80.64,214.36,1,-1,-1,-1
65,278,608.08,270.57,275.36,564.02,1,-1,-1,-1
65,279,1733.15,277.40,187.60,549.75,1,-1,-1,-1
65,275,396.75,436.06,106.10,273.11,1,-1,-1,-1
65,280,210.44,467.19,96.19,238.27,1,-1,-1,-1
66,274,1501.75,340.45,211.89,478.68,1,-1,-1,-1
66,276,1341.25,455.61,80.48,213.61,1,-1,-1,-1
66,278,617.94,278.21,281.65,554.01,1,-1,-1,-1
66,279,1729.49,274.74,191.32,552.89,1,-1,-1,-1
66,275,401.51,435.64,104.84,273.74,1,-1,-1,-1
66,280,217.66,468.59,94.93,239.32,1,-1,-1,-1
67,274,1503.88,339.46,208.35,481.54,1,-1,-1,-1
67,276,1341.30,455.70,80.63,213.59,1,-1,-1,-1
67,278,631.54,277.27,281.72,557.28,1,-1,-1,-1
67,279,1726.36,273.07,194.63,556.72,1,-1,-1,-1
67,275,403.34,433.75,107.77,276.35,1,-1,-1,-1
67,280,223.42,469.82,94.97,239.49,1,-1,-1,-1
68,274,1502.79,340.41,205.88,479.17,1,-1,-1,-1
68,276,1341.35,455.69,80.41,213.11,1,-1,-1,-1
68,278,648.30,282.18,275.08,545.25,1,-1,-1,-1
68,279,1719.97,271.22,200.95,561.64,1,-1,-1,-1
68,275,407.06,437.70,109.18,271.60,1,-1,-1,-1
68,280,232.60,473.64,94.54,237.23,1,-1,-1,-1
69,274,1503.93,341.90,203.17,476.41,1,-1,-1,-1
69,276,1341.37,455.72,80.53,213.28,1,-1,-1,-1
69,278,665.98,279.68,264.06,546.93,1,-1,-1,-1
69,279,1718.02,267.45,203.00,568.43,1,-1,-1,-1
69,275,407.62,434.37,115.68,272.83,1,-1,-1,-1
69,280,238.98,475.94,93.33,236.53,1,-1,-1,-1
70,274,1506.46,341.15,199.93,484.71,1,-1,-1,-1
70,276,1341.35,455.69,80.90,213.34,1,-1,-1,-1
70,278,684.39,277.77,256.85,544.15,1,-1,-1,-1
70,279,1713.14,263.42,207.85,574.28,1,-1,-1,-1
70,275,408.62,432.32,120.68,275.43,1,-1,-1,-1
70,280,243.98,475.02,94.25,240.83,1,-1,-1,-1
71,274,1507.50,340.91,199.26,485.91,1,-1,-1,-1
71,276,1341.17,455.70,81.10,213.38,1,-1,-1,-1
71,278,702.11,278.79,249.84,545.02,1,-1,-1,-1
71,279,1709.87,267.26,209.62,569.11,1,-1,-1,-1
71,275,410.68,433.52,120.23,270.12,1,-1,-1,-1
71,280,246.53,474.16,93.05,243.31,1,-1,-1,-1
72,274,1508.11,341.01,199.50,490.01,1,-1,-1,-1
72,276,1339.73,456.66,81.91,212.48,1,-1,-1,-1
72,278,715.27,282.82,241.65,537.91,1,-1,-1,-1
72,279,1709.32,266.20,209.04,568.08,1,-1,-1,-1
72,275,412.81,434.37,119.94,271.51,1,-1,-1,-1
72,280,248.42,473.70,92.98,244.15,1,-1,-1,-1
73,274,1502.79,342.56,200.09,490.43,1,-1,-1,-1
73,276,1339.27,457.00,82.08,212.06,1,-1,-1,-1
73,278,738.49,278.42,224.01,541.54,1,-1,-1,-1
73,279,1706.25,267.27,210.00,567.17,1,-1,-1,-1
73,275,414.17,436.21,118.03,270.59,1,-1,-1,-1
73,280,250.11,472.56,91.03,242.98,1,-1,-1,-1
74,274,1497.94,340.59,198.83,496.35,1,-1,-1,-1
74,276,1339.03,457.05,82.29,212.05,1,-1,-1,-1
74,278,756.05,275.10,212.23,544.46,1,-1,-1,-1
74,279,1704.21,266.24,208.74,570.89,1,-1,-1,-1
74,275,415.61,436.20,117.35,272.98,1,-1,-1,-1
74,280,251.22,471.93,91.51,242.31,1,-1,-1,-1
75,274,1488.21,338.60,206.15,495.03,1,-1,-1,-1
75,276,1339.20,457.19,82.30,211.78,1,-1,-1,-1
75,278,773.28,273.78,203.79,539.42,1,-1,-1,-1
75,279,1698.99,263.18,212.17,576.28,1,-1,-1,-1
75,275,415.00,433.85,119.20,274.69,1,-1,-1,-1
75,280,252.01,473.33,93.12,240.19,1,-1,-1,-1
76,274,1482.97,335.09,212.51,499.03,1,-1,-1,-1
76,276,1339.20,457.08,82.43,212.02,1,-1,-1,-1
76,278,783.70,276.48,202.26,534.22,1,-1,-1,-1
76,279,1695.16,263.22,213.78,576.73,1,-1,-1,-1
76,275,416.28,430.79,119.15,277.85,1,-1,-1,-1
76,280,253.84,471.57,94.53,241.98,1,-1,-1,-1
77,274,1473.71,335.09,219.53,497.90,1,-1,-1,-1
77,276,1338.93,457.34,82.52,211.72,1,-1,-1,-1
77,278,794.99,279.43,207.30,531.17,1,-1,-1,-1
77,279,1693.07,263.95,211.07,579.36,1,-1,-1,-1
77,275,416.64,429.83,118.89,278.45,1,-1,-1,-1
77,280,256.19,471.62,93.28,240.66,1,-1,-1,-1
78,274,1465.51,332.99,227.60,497.03,1,-1,-1,-1
78,276,1339.73,456.34,81.95,212.72,1,-1,-1,-1
78,278,803.81,287.17,220.98,523.33,1,-1,-1,-1
78,279,1691.33,265.23,211.41,580.25,1,-1,-1,-1
78,275,417.05,429.66,118.04,279.45,1,-1,-1,-1
78,280,256.77,468.35,95.92,242.54,1,-1,-1,-1
79,274,1459.70,329.49,226.30,501.44,1,-1,-1,-1
79,276,1338.46,457.45,83.19,210.93,1,-1,-1,-1
79,278,811.17,289.75,239.75,515.64,1,-1,-1,-1
79,279,1688.68,262.22,212.74,586.82,1,-1,-1,-1
79,275,418.65,427.96,116.45,281.86,1,-1,-1,-1
79,280,256.04,466.72,99.27,244.44,1,-1,-1,-1
80,274,1453.55,326.16,229.56,509.48,1,-1,-1,-1
80,276,1338.43,457.26,82.87,211.05,1,-1,-1,-1
80,278,817.90,302.23,253.71,492.99,1,-1,-1,-1
80,279,1686.45,266.66,211.52,583.78,1,-1,-1,-1
80,275,423.08,427.63,114.46,282.89,1,-1,-1,-1
80,280,258.11,467.41,103.48,243.76,1,-1,-1,-1
81,274,1446.57,318.77,234.43,522.28,1,-1,-1,-1
81,276,1338.32,456.97,83.33,210.64,1,-1,-1,-1
81,278,821.76,298.10,265.48,498.70,1,-1,-1,-1
81,279,1682.66,263.90,212.49,591.87,1,-1,-1,-1
81,275,426.21,426.63,114.04,283.27,1,-1,-1,-1
81,280,262.97,467.31,104.76,244.09,1,-1,-1,-1
82,274,1437.09,315.45,241.95,528.22,1,-1,-1,-1
82,276,1338.01,457.02,83.64,210.88,1,-1,-1,-1
82,278,834.55,295.82,261.68,499.18,1,-1,-1,-1
82,279,1680.50,261.39,211.97,595.60,1,-1,-1,-1
82,275,428.26,424.57,113.30,286.99,1,-1,-1,-1
82,280,268.19,464.92,106.73,248.02,1,-1,-1,-1
83,274,1430.71,315.38,245.80,525.99,1,-1,-1,-1
83,276,1339.10,455.74,82.50,212.63,1,-1,-1,-1
83,278,856.66,297.69,244.10,498.95,1,-1,-1,-1
83,279,1677.66,263.30,213.16,598.76,1,-1,-1,-1
83,275,433.84,425.05,108.71,287.19,1,-1,-1,-1
83,280,274.61,461.92,111.61,250.28,1,-1,-1,-1
84,274,1424.09,316.00,249.05,528.63,1,-1,-1,-1
84,276,1339.54,455.01,81.79,213.88,1,-1,-1,-1
84,278,874.27,296.75,232.91,500.19,1,-1,-1,-1
84,279,1677.07,257.85,211.99,604.04,1,-1,-1,-1
84,275,438.50,427.91,105.02,284.86,1,-1,-1,-1
84,280,278.90,461.93,113.95,251.10,1,-1,-1,-1
85,274,1418.34,325.61,253.77,513.41,1,-1,-1,-1
85,276,1339.69,454.87,81.38,214.35,1,-1,-1,-1
85,278,900.44,300.12,209.77,492.43,1,-1,-1,-1
85,279,1676.30,257.58,208.58,605.03,1,-1,-1,-1
85,275,441.85,428.68,105.80,284.34,1,-1,-1,-1
85,280,285.86,460.89,110.63,252.24,1,-1,-1,-1
86,274,1410.95,328.23,252.48,509.17,1,-1,-1,-1
86,276,1339.50,454.72,81.42,214.84,1,-1,-1,-1
86,278,923.62,298.15,192.60,494.63,1,-1,-1,-1
86,279,1671.74,252.83,213.07,608.02,1,-1,-1,-1
86,275,443.38,427.79,111.17,282.86,1,-1,-1,-1
86,280,290.41,461.43,107.91,253.62,1,-1,-1,-1
87,274,1403.52,330.02,256.03,511.07,1,-1,-1,-1
87,276,1339.33,454.94,81.58,215.09,1,-1,-1,-1
87,278,935.46,294.54,190.52,495.75,1,-1,-1,-1
87,279,1669.37,249.37,216.70,607.47,1,-1,-1,-1
87,275,446.20,424.64,113.30,288.96,1,-1,-1,-1
87,280,297.04,462.29,104.01,251.94,1,-1,-1,-1
88,274,1399.46,333.87,253.45,509.41,1,-1,-1,-1
88,276,1340.01,454.85,81.85,214.92,1,-1,-1,-1
88,278,941.26,297.20,198.93,486.05,1,-1,-1,-1
88,279,1668.33,248.61,217.13,609.30,1,-1,-1,-1
88,275,446.59,424.77,119.06,286.28,1,-1,-1,-1
88,280,302.77,460.26,99.87,252.14,1,-1,-1,-1
89,274,1396.07,332.59,254.29,517.92,1,-1,-1,-1
89,276,1340.22,455.77,81.67,212.86,1,-1,-1,-1
89,278,945.07,300.33,205.69,478.99,1,-1,-1,-1
89,279,1665.63,243.19,221.77,618.02,1,-1,-1,-1
89,275,447.09,425.52,124.57,285.26,1,-1,-1,-1
89,280,306.37,460.24,100.58,252.97,1,-1,-1,-1
90,274,1388.32,324.84,250.43,538.83,1,-1,-1,-1
90,276,1340.18,456.16,80.48,210.76,1,-1,-1,-1
90,278,952.58,301.42,213.89,476.46,1,-1,-1,-1
90,279,1660.27,240.56,226.12,621.46,1,-1,-1,-1
90,275,450.78,422.70,123.99,291.08,1,-1,-1,-1
90,280,309.65,458.98,101.65,254.13,1,-1,-1,-1
91,274,1383.17,324.90,251.32,544.33,1,-1,-1,-1
91,276,1339.20,454.86,80.57,212.09,1,-1,-1,-1
91,278,954.38,305.95,230.40,473.84,1,-1,-1,-1
91,279,1655.64,239.63,228.92,626.37,1,-1,-1,-1
91,275,452.45,422.55,122.21,293.56,1,-1,-1,-1
91,280,310.98,459.30,102.73,253.81,1,-1,-1,-1
92,274,1380.44,321.25,248.77,551.89,1,-1,-1,-1
92,278,956.74,311.33,236.40,464.82,1,-1,-1,-1
92,279,1652.02,244.27,229.22,622.30,1,-1,-1,-1
92,275,454.95,424.02,116.75,293.83,1,-1,-1,-1
92,280,311.52,460.44,102.74,254.13,1,-1,-1,-1
93,274,1379.79,321.87,245.08,552.77,1,-1,-1,-1
93,278,964.39,312.44,240.91,463.28,1,-1,-1,-1
93,279,1638.78,243.22,239.19,633.53,1,-1,-1,-1
93,275,458.20,424.56,111.82,295.08,1,-1,-1,-1
93,280,314.88,462.68,99.69,254.76,1,-1,-1,-1
94,274,1376.81,321.47,240.70,547.49,1,-1,-1,-1
94,278,973.04,315.36,240.22,461.99,1,-1,-1,-1
94,279,1633.86,242.19,243.71,638.43,1,-1,-1,-1
94,275,460.14,424.67,111.12,296.46,1,-1,-1,-1
94,280,316.71,465.54,99.18,249.61,1,-1,-1,-1
95,274,1372.95,320.13,239.88,549.18,1,-1,-1,-1
95,278,985.74,318.04,232.99,453.29,1,-1,-1,-1
95,279,1628.93,240.49,244.66,640.02,1,-1,-1,-1
95,275,462.82,423.51,110.16,297.23,1,-1,-1,-1
95,280,315.78,459.36,102.55,255.68,1,-1,-1,-1
96,274,1369.43,316.18,236.49,558.01,1,-1,-1,-1
96,278,1005.61,317.49,223.65,451.73,1,-1,-1,-1
96,279,1617.53,245.92,251.20,641.31,1,-1,-1,-1
96,275,461.27,422.30,114.24,297.00,1,-1,-1,-1
96,280,316.59,456.63,105.38,257.70,1,-1,-1,-1
97,274,1366.67,326.75,234.84,544.76,1,-1,-1,-1
97,278,1017.14,316.48,219.59,448.76,1,-1,-1,-1
97,279,1614.13,233.93,249.04,660.48,1,-1,-1,-1
97,275,458.47,418.41,121.56,299.85,1,-1,-1,-1
97,280,319.24,457.62,103.90,258.14,1,-1,-1,-1
98,274,1364.92,316.64,229.08,563.67,1,-1,-1,-1
98,278,1034.55,314.91,210.58,444.78,1,-1,-1,-1
98,279,1608.59,231.64,247.83,656.64,1,-1,-1,-1
98,275,458.08,416.90,125.95,303.23,1,-1,-1,-1
98,280,320.19,460.14,103.45,255.09,1,-1,-1,-1
99,274,1364.84,309.04,219.38,575.91,1,-1,-1,-1
99,278,1045.54,312.64,204.34,445.41,1,-1,-1,-1
99,279,1606.00,228.69,244.34,655.03,1,-1,-1,-1
99,275,458.19,417.44,128.17,304.49,1,-1,-1,-1
99,280,320.98,455.60,102.81,261.52,1,-1,-1,-1
100,274,1359.10,312.22,225.65,577.69,1,-1,-1,-1
100,278,1060.03,311.18,192.17,446.64,1,-1,-1,-1
100,279,1600.91,223.99,247.65,668.39,1,-1,-1,-1
100,275,459.56,418.53,126.64,300.13,1,-1,-1,-1
100,280,322.39,458.09,101.03,258.41,1,-1,-1,-1
101,274,1355.79,313.06,224.40,573.92,1,-1,-1,-1
101,278,1075.12,310.89,185.51,447.10,1,-1,-1,-1
101,279,1591.36,227.47,250.87,667.17,1,-1,-1,-1
101,275,458.21,418.71,128.71,297.36,1,-1,-1,-1
101,280,324.02,450.38,102.05,266.56,1,-1,-1,-1
102,274,1351.42,313.65,224.57,572.62,1,-1,-1,-1
102,278,1083.48,311.58,185.14,443.22,1,-1,-1,-1
102,279,1585.84,220.88,252.15,675.08,1,-1,-1,-1
102,275,458.33,418.31,127.46,296.42,1,-1,-1,-1
102,280,326.38,443.89,102.33,273.42,1,-1,-1,-1
103,274,1348.38,315.86,222.73,577.92,1,-1,-1,-1
103,278,1091.85,312.66,187.88,441.12,1,-1,-1,-1
103,279,1582.38,217.59,244.16,675.64,1,-1,-1,-1
103,275,458.27,417.59,128.49,298.56,1,-1,-1,-1
103,280,328.19,443.14,101.24,274.77,1,-1,-1,-1
104,274,1335.89,309.15,229.74,589.37,1,-1,-1,-1
104,278,1097.44,316.10,191.64,441.99,1,-1,-1,-1
104,279,1577.23,225.66,241.48,672.72,1,-1,-1,-1
104,275,458.15,416.61,128.76,300.17,1,-1,-1,-1
104,280,329.29,446.84,99.47,269.74,1,-1,-1,-1
105,274,1334.38,309.73,227.67,587.58,1,-1,-1,-1
105,278,1104.65,322.18,191.63,434.25,1,-1,-1,-1
105,279,1573.98,227.47,242.61,681.36,1,-1,-1,-1
105,275,457.81,418.02,128.52,305.87,1,-1,-1,-1
105,280,329.47,448.53,99.28,268.56,1,-1,-1,-1
106,274,1325.90,311.27,237.92,593.19,1,-1,-1,-1
106,278,1109.01,323.38,201.32,431.07,1,-1,-1,-1
106,279,1570.45,227.10,239.70,686.06,1,-1,-1,-1
106,275,458.24,417.12,129.76,306.95,1,-1,-1,-1
106,280,332.72,447.54,98.75,271.42,1,-1,-1,-1
107,274,1318.94,315.06,242.25,587.23,1,-1,-1,-1
107,278,1120.12,327.35,193.92,423.03,1,-1,-1,-1
107,279,1567.36,225.78,236.86,689.96,1,-1,-1,-1
107,275,458.89,418.70,128.38,301.71,1,-1,-1,-1
107,280,335.72,448.77,96.91,270.16,1,-1,-1,-1
108,274,1312.11,305.95,237.72,596.11,1,-1,-1,-1
108,278,1129.40,333.67,190.17,418.28,1,-1,-1,-1
108,279,1562.34,222.85,234.08,688.31,1,-1,-1,-1
108,275,460.56,419.57,126.40,299.61,1,-1,-1,-1
108,280,340.84,451.56,93.87,266.68,1,-1,-1,-1
109,274,1300.69,304.54,245.12,603.32,1,-1,-1,-1
109,278,1135.98,333.76,190.45,408.41,1,-1,-1,-1
109,279,1559.29,222.79,232.47,690.22,1,-1,-1,-1
109,275,460.58,416.20,127.83,305.92,1,-1,-1,-1
109,280,343.10,452.32,93.17,267.26,1,-1,-1,-1
110,274,1296.69,302.40,245.16,607.03,1,-1,-1,-1
110,278,1145.53,330.66,185.67,409.58,1,-1,-1,-1
110,279,1551.24,222.67,234.26,696.37,1,-1,-1,-1
110,275,462.19,418.73,125.26,301.88,1,-1,-1,-1
110,280,344.30,450.21,95.48,271.60,1,-1,-1,-1
111,274,1291.13,298.80,246.99,609.32,1,-1,-1,-1
111,278,1152.98,328.00,181.66,409.09,1,-1,-1,-1
111,279,1548.07,214.50,235.98,708.39,1,-1,-1,-1
111,275,461.75,418.22,124.67,304.21,1,-1,-1,-1
111,280,345.83,450.70,94.25,271.66,1,-1,-1,-1
112,274,1286.47,298.22,241.36,608.61,1,-1,-1,-1
112,278,1157.31,324.44,181.08,414.80,1,-1,-1,-1
112,279,1539.57,216.31,238.76,721.31,1,-1,-1,-1
112,275,461.52,415.58,123.02,307.41,1,-1,-1,-1
112,280,348.07,448.30,91.58,273.59,1,-1,-1,-1
113,274,1281.17,297.95,242.94,612.99,1,-1,-1,-1
113,278,1165.81,326.16,174.59,410.20,1,-1,-1,-1
113,279,1533.05,217.20,234.23,720.75,1,-1,-1,-1
113,275,458.30,411.80,123.54,311.35,1,-1,-1,-1
113,280,348.50,446.06,93.56,275.21,1,-1,-1,-1
114,274,1267.75,294.92,258.19,623.18,1,-1,-1,-1
114,278,1180.75,333.16,150.41,395.55,1,-1,-1,-1
114,279,1527.38,211.41,238.35,736.57,1,-1,-1,-1
114,275,459.51,407.79,120.97,315.92,1,-1,-1,-1
114,280,348.62,442.57,93.84,278.37,1,-1,-1,-1
115,274,1258.50,284.18,255.32,632.63,1,-1,-1,-1
115,279,1520.47,212.01,241.41,736.23,1,-1,-1,-1
115,275,457.45,408.56,120.87,319.32,1,-1,-1,-1
115,280,349.21,441.45,93.17,280.78,1,-1,-1,-1
116,274,1251.56,296.61,257.98,624.82,1,-1,-1,-1
116,279,1511.22,208.70,241.89,738.49,1,-1,-1,-1
116,275,458.02,406.38,117.58,316.91,1,-1,-1,-1
116,280,348.58,438.34,95.05,285.86,1,-1,-1,-1
117,274,1242.67,292.40,260.61,625.14,1,-1,-1,-1
117,279,1507.10,215.43,241.71,732.00,1,-1,-1,-1
117,275,458.97,405.62,116.12,315.64,1,-1,-1,-1
117,280,347.44,440.10,94.93,286.49,1,-1,-1,-1
118,274,1227.95,283.62,262.78,645.71,1,-1,-1,-1
118,279,1500.38,203.32,249.06,747.75,1,-1,-1,-1
118,275,457.76,404.95,118.20,316.12,1,-1,-1,-1
118,280,345.99,439.43,96.07,289.96,1,-1,-1,-1
119,274,1212.33,299.67,275.46,635.36,1,-1,-1,-1
119,279,1492.49,201.15,249.61,753.55,1,-1,-1,-1
119,275,456.85,404.51,119.47,324.10,1,-1,-1,-1
119,280,344.89,439.89,97.17,290.70,1,-1,-1,-1
120,274,1204.51,289.72,273.85,646.60,1,-1,-1,-1
120,279,1488.14,188.58,254.57,767.52,1,-1,-1,-1
120,275,455.08,405.40,123.40,317.85,1,-1,-1,-1
120,280,345.06,440.88,97.06,291.29,1,-1,-1,-1
121,274,1190.26,292.47,279.20,649.09,1,-1,-1,-1
121,279,1481.17,180.49,259.99,778.74,1,-1,-1,-1
121,275,454.41,404.40,123.60,322.60,1,-1,-1,-1
121,280,345.17,440.94,96.86,292.48,1,-1,-1,-1
122,274,1172.41,289.95,290.34,659.80,1,-1,-1,-1
122,279,1469.98,183.32,260.16,771.58,1,-1,-1,-1
122,275,453.34,405.49,123.75,323.33,1,-1,-1,-1
122,280,341.90,439.47,97.31,296.19,1,-1,-1,-1
123,274,1159.42,283.33,295.99,667.28,1,-1,-1,-1
123,279,1460.74,181.46,267.98,772.45,1,-1,-1,-1
123,275,453.01,406.54,120.99,322.94,1,-1,-1,-1
123,280,338.40,438.03,99.14,298.83,1,-1,-1,-1
124,274,1146.22,280.80,302.98,674.59,1,-1,-1,-1
124,279,1458.40,177.11,268.29,782.07,1,-1,-1,-1
124,275,451.61,406.75,119.63,322.76,1,-1,-1,-1
124,280,336.87,437.30,100.92,300.06,1,-1,-1,-1
125,274,1139.53,275.85,302.91,684.78,1,-1,-1,-1
125,279,1454.13,173.93,270.47,786.80,1,-1,-1,-1
125,275,450.33,407.26,120.06,323.51,1,-1,-1,-1
125,280,332.47,433.45,106.74,303.27,1,-1,-1,-1
126,274,1134.86,272.50,297.72,692.97,1,-1,-1,-1
126,279,1439.41,155.13,283.40,808.42,1,-1,-1,-1
126,275,450.87,408.67,118.29,319.57,1,-1,-1,-1
126,280,332.12,433.86,108.66,302.69,1,-1,-1,-1
127,274,1130.00,268.61,290.57,693.75,1,-1,-1,-1
127,279,1428.69,167.66,289.79,797.08,1,-1,-1,-1
127,275,450.97,409.16,117.64,320.02,1,-1,-1,-1
127,280,330.85,434.72,110.42,301.86,1,-1,-1,-1
128,274,1123.62,266.92,291.03,701.28,1,-1,-1,-1
128,279,1421.58,164.18,283.81,808.63,1,-1,-1,-1
128,275,452.13,406.76,117.15,324.89,1,-1,-1,-1
128,280,326.50,430.47,114.57,304.93,1,-1,-1,-1
129,274,1117.42,259.55,286.46,714.76,1,-1,-1,-1
129,279,1411.26,180.00,290.22,794.78,1,-1,-1,-1
129,275,452.59,403.89,117.78,328.16,1,-1,-1,-1
129,280,325.53,431.46,114.34,305.60,1,-1,-1,-1
130,274,1121.77,261.14,271.84,718.94,1,-1,-1,-1
130,279,1402.72,183.30,293.58,793.47,1,-1,-1,-1
130,275,451.75,400.67,119.09,330.62,1,-1,-1,-1
130,280,322.63,429.59,116.90,308.09,1,-1,-1,-1
131,274,1117.45,268.86,264.69,711.36,1,-1,-1,-1
131,279,1396.55,175.93,292.68,802.69,1,-1,-1,-1
131,275,453.71,400.32,115.69,334.44,1,-1,-1,-1
131,280,318.18,429.25,120.76,309.68,1,-1,-1,-1
132,274,1116.44,280.83,257.17,703.42,1,-1,-1,-1
132,279,1383.99,169.52,296.63,817.57,1,-1,-1,-1
132,275,453.94,398.10,114.75,338.68,1,-1,-1,-1
132,280,316.48,429.47,123.11,307.61,1,-1,-1,-1
133,274,1099.07,281.37,272.58,708.06,1,-1,-1,-1
133,279,1375.17,172.33,295.58,821.32,1,-1,-1,-1
133,275,451.45,396.23,117.62,338.95,1,-1,-1,-1
133,280,317.12,428.59,123.98,312.52,1,-1,-1,-1
134,274,1092.45,278.81,278.38,708.98,1,-1,-1,-1
134,279,1369.16,170.47,291.79,812.83,1,-1,-1,-1
134,275,449.12,393.70,122.97,339.09,1,-1,-1,-1
134,280,317.19,431.41,122.50,307.48,1,-1,-1,-1
135,274,1078.09,279.15,286.63,716.07,1,-1,-1,-1
135,279,1362.11,165.47,290.22,822.25,1,-1,-1,-1
135,275,449.00,392.44,125.63,339.36,1,-1,-1,-1
135,280,318.33,430.41,121.92,308.74,1,-1,-1,-1
136,274,1064.38,275.57,290.34,726.47,1,-1,-1,-1
136,279,1350.05,161.26,298.08,823.99,1,-1,-1,-1
136,275,447.36,393.06,130.58,338.96,1,-1,-1,-1
136,280,322.24,426.08,120.57,317.17,1,-1,-1,-1
137,274,1051.21,262.01,294.74,749.25,1,-1,-1,-1
137,279,1341.49,153.96,300.16,835.06,1,-1,-1,-1
137,275,447.32,392.85,132.53,339.90,1,-1,-1,-1
137,280,324.28,423.87,119.17,320.65,1,-1,-1,-1
138,274,1040.46,246.09,293.69,774.37,1,-1,-1,-1
138,279,1330.54,142.53,304.27,852.47,1,-1,-1,-1
138,275,445.32,390.40,134.71,349.39,1,-1,-1,-1
138,280,322.89,421.84,120.74,324.63,1,-1,-1,-1
139,274,1025.70,239.09,304.68,781.43,1,-1,-1,-1
139,279,1317.78,143.43,310.27,853.49,1,-1,-1,-1
139,275,445.15,394.09,133.78,345.60,1,-1,-1,-1
139,280,321.59,421.37,122.46,324.30,1,-1,-1,-1
139,281,3.43,286.09,187.08,664.60,1,-1,-1,-1
140,274,1011.91,237.84,306.21,784.59,1,-1,-1,-1
140,279,1304.88,138.03,316.30,874.38,1,-1,-1,-1
140,275,444.83,396.60,132.30,343.52,1,-1,-1,-1
140,280,321.29,421.56,123.46,324.16,1,-1,-1,-1
140,281,7.69,272.90,203.10,667.37,1,-1,-1,-1
141,274,991.62,240.81,326.22,781.93,1,-1,-1,-1
141,279,1298.94,134.01,315.75,869.26,1,-1,-1,-1
141,275,446.50,398.39,128.78,343.28,1,-1,-1,-1
141,280,322.43,421.36,122.35,324.70,1,-1,-1,-1
141,281,7.27,270.29,210.30,659.67,1,-1,-1,-1
142,274,979.19,236.30,328.89,783.21,1,-1,-1,-1
142,279,1293.94,129.87,312.03,872.53,1,-1,-1,-1
142,275,444.71,398.46,131.13,343.11,1,-1,-1,-1
142,280,320.71,420.92,123.48,325.72,1,-1,-1,-1
142,281,6.70,269.85,219.32,673.43,1,-1,-1,-1
143,274,973.80,223.75,339.15,813.51,1,-1,-1,-1
143,279,1287.34,128.53,308.73,879.82,1,-1,-1,-1
143,275,443.58,398.22,131.10,345.50,1,-1,-1,-1
143,280,322.21,420.65,121.49,327.09,1,-1,-1,-1
143,281,3.32,268.86,221.09,693.21,1,-1,-1,-1
144,274,961.81,227.05,339.37,818.50,1,-1,-1,-1
144,279,1279.63,129.37,304.64,893.65,1,-1,-1,-1
144,275,442.99,397.93,131.61,348.74,1,-1,-1,-1
144,280,322.37,419.44,120.97,331.23,1,-1,-1,-1
144,281,1.54,268.06,230.94,691.55,1,-1,-1,-1
145,274,945.61,217.39,347.93,835.20,1,-1,-1,-1
145,279,1266.71,134.19,308.03,892.58,1,-1,-1,-1
145,275,440.54,397.73,134.62,345.59,1,-1,-1,-1
145,280,320.72,419.05,122.69,333.92,1,-1,-1,-1
145,281,5.13,267.30,237.76,688.99,1,-1,-1,-1
146,274,930.97,224.43,353.20,828.53,1,-1,-1,-1
146,279,1255.65,126.68,319.71,908.51,1,-1,-1,-1
146,275,441.87,395.69,136.28,349.61,1,-1,-1,-1
146,280,319.51,421.43,122.16,333.95,1,-1,-1,-1
146,281,17.68,269.99,236.57,680.14,1,-1,-1,-1
147,274,926.12,217.41,344.56,842.95,1,-1,-1,-1
147,279,1247.06,136.82,321.65,906.29,1,-1,-1,-1
147,275,442.32,390.97,138.75,358.76,1,-1,-1,-1
147,280,314.97,417.69,126.06,337.29,1,-1,-1,-1
147,281,35.10,277.48,234.55,660.98,1,-1,-1,-1
148,274,913.47,221.42,349.87,843.59,1,-1,-1,-1
148,279,1235.49,129.17,327.13,940.30,1,-1,-1,-1
148,275,441.90,389.28,142.16,363.38,1,-1,-1,-1
148,280,308.78,417.60,129.95,341.21,1,-1,-1,-1
148,281,52.54,285.84,247.13,642.80,1,-1,-1,-1
149,274,909.33,215.71,342.16,851.67,1,-1,-1,-1
149,279,1230.97,119.32,326.82,950.28,1,-1,-1,-1
149,275,440.92,389.70,144.19,365.02,1,-1,-1,-1
149,280,306.42,415.06,130.23,341.33,1,-1,-1,-1
149,281,65.15,285.20,268.86,644.15,1,-1,-1,-1
150,274,895.24,219.16,346.55,846.79,1,-1,-1,-1
150,279,1228.34,122.42,323.02,956.89,1,-1,-1,-1
150,275,440.20,389.01,146.99,367.53,1,-1,-1,-1
150,280,303.49,413.96,129.80,343.91,1,-1,-1,-1
150,281,67.55,280.25,311.10,654.21,1,-1,-1,-1
151,274,888.13,222.39,343.60,854.89,1,-1,-1,-1
151,279,1217.63,125.62,322.99,957.12,1,-1,-1,-1
151,275,441.56,386.77,144.90,369.20,1,-1,-1,-1
151,280,303.86,410.84,128.48,347.92,1,-1,-1,-1
151,281,77.17,284.60,338.27,637.60,1,-1,-1,-1
152,274,874.87,225.09,345.64,852.29,1,-1,-1,-1
152,279,1206.44,125.61,328.58,950.99,1,-1,-1,-1
152,275,445.54,385.41,141.42,370.71,1,-1,-1,-1
152,281,83.06,294.71,355.59,622.77,1,-1,-1,-1
153,274,861.00,217.21,347.69,863.95,1,-1,-1,-1
153,279,1202.12,102.78,329.04,964.85,1,-1,-1,-1
153,275,448.16,383.33,142.20,372.90,1,-1,-1,-1
153,281,102.99,300.06,364.07,610.93,1,-1,-1,-1
154,274,849.28,211.15,354.30,871.31,1,-1,-1,-1
154,279,1191.76,91.52,339.39,985.98,1,-1,-1,-1
154,275,447.72,381.87,145.15,373.16,1,-1,-1,-1
154,281,123.63,298.93,361.19,612.85,1,-1,-1,-1
155,274,825.11,206.28,369.62,876.73,1,-1,-1,-1
155,279,1180.25,83.80,349.81,996.32,1,-1,-1,-1
155,275,447.46,380.67,147.06,376.68,1,-1,-1,-1
155,281,140.06,296.18,347.10,615.81,1,-1,-1,-1
156,274,800.30,198.14,383.49,884.85,1,-1,-1,-1
156,279,1168.06,72.41,354.75,1003.60,1,-1,-1,-1
156,275,448.52,386.29,147.13,374.28,1,-1,-1,-1
156,281,147.38,293.44,345.67,615.13,1,-1,-1,-1
157,274,793.51,189.23,372.70,893.59,1,-1,-1,-1
157,279,1158.23,74.83,355.53,1005.54,1,-1,-1,-1
157,275,450.54,381.20,149.19,384.51,1,-1,-1,-1
157,281,179.21,296.40,309.62,612.58,1,-1,-1,-1
157,282,1465.75,364.97,136.93,320.80,1,-1,-1,-1
158,274,785.89,196.77,365.32,885.84,1,-1,-1,-1
158,279,1144.51,75.83,363.22,1006.08,1,-1,-1,-1
158,275,450.33,384.62,150.09,384.13,1,-1,-1,-1
158,281,227.80,293.86,263.99,617.81,1,-1,-1,-1
158,282,1465.11,368.99,144.57,310.59,1,-1,-1,-1
159,274,780.60,199.26,358.55,883.12,1,-1,-1,-1
159,279,1131.84,58.59,372.91,1020.29,1,-1,-1,-1
159,275,455.00,385.43,148.56,382.24,1,-1,-1,-1
159,281,260.83,292.96,227.14,611.65,1,-1,-1,-1
159,282,1473.36,371.27,140.03,306.91,1,-1,-1,-1
160,274,775.79,185.80,349.20,896.37,1,-1,-1,-1
160,279,1126.63,75.49,371.49,1005.58,1,-1,-1,-1
160,275,459.14,378.46,146.50,389.79,1,-1,-1,-1
160,281,288.62,295.02,206.74,600.06,1,-1,-1,-1
160,282,1478.94,369.26,136.34,308.78,1,-1,-1,-1
161,274,764.74,188.53,349.83,893.41,1,-1,-1,-1
161,279,1112.42,68.32,374.59,1013.40,1,-1,-1,-1
161,275,469.47,381.33,142.51,388.90,1,-1,-1,-1
161,281,319.72,294.63,199.38,598.52,1,-1,-1,-1
161,282,1481.66,369.14,138.50,303.02,1,-1,-1,-1
162,274,757.04,180.45,342.57,901.42,1,-1,-1,-1
162,279,1103.40,47.94,382.31,1034.03,1,-1,-1,-1
162,275,475.61,381.68,132.54,398.91,1,-1,-1,-1
162,281,336.58,296.17,204.19,598.98,1,-1,-1,-1
162,282,1490.72,369.53,133.36,305.09,1,-1,-1,-1
163,274,741.27,180.41,347.18,901.59,1,-1,-1,-1
163,279,1093.09,32.71,385.37,1049.52,1,-1,-1,-1
163,275,481.93,373.85,135.93,420.24,1,-1,-1,-1
163,281,351.94,298.59,209.15,595.25,1,-1,-1,-1
163,282,1496.73,368.01,132.95,309.82,1,-1,-1,-1
164,274,733.48,183.51,338.50,898.24,1,-1,-1,-1
164,279,1075.79,31.69,391.96,1050.33,1,-1,-1,-1
164,281,363.58,304.39,223.17,584.39,1,-1,-1,-1
164,282,1501.41,369.63,131.23,308.19,1,-1,-1,-1
165,274,703.63,180.99,364.88,900.72,1,-1,-1,-1
165,279,1062.36,30.65,396.23,1051.28,1,-1,-1,-1
165,281,377.62,305.80,245.06,584.68,1,-1,-1,-1
165,282,1502.35,372.35,132.71,304.52,1,-1,-1,-1
166,274,686.50,174.99,366.80,906.59,1,-1,-1,-1
166,279,1050.44,35.92,394.81,1045.88,1,-1,-1,-1
166,281,390.62,305.82,266.72,588.21,1,-1,-1,-1
166,282,1501.10,372.00,139.43,305.96,1,-1,-1,-1
167,274,664.08,171.16,374.52,910.29,1,-1,-1,-1
167,279,1037.07,38.13,401.69,1043.51,1,-1,-1,-1
167,281,406.21,312.74,268.15,580.06,1,-1,-1,-1
167,282,1501.68,374.02,141.78,302.44,1,-1,-1,-1
168,274,645.27,162.45,376.49,919.04,1,-1,-1,-1
168,279,1019.83,34.75,405.63,1046.88,1,-1,-1,-1
168,281,423.14,312.39,260.18,572.86,1,-1,-1,-1
168,282,1502.18,376.54,143.08,301.32,1,-1,-1,-1
169,274,625.59,162.40,384.39,918.94,1,-1,-1,-1
169,279,1004.69,29.42,412.20,1052.06,1,-1,-1,-1
169,281,445.46,307.03,241.97,569.23,1,-1,-1,-1
169,282,1503.27,378.36,143.40,300.02,1,-1,-1,-1
169,283,1379.37,450.74,85.66,232.73,1,-1,-1,-1
170,274,604.82,156.48,389.43,924.97,1,-1,-1,-1
170,279,998.39,21.03,405.77,1060.53,1,-1,-1,-1
170,281,466.81,309.66,207.34,569.38,1,-1,-1,-1
170,282,1505.03,381.68,143.83,296.42,1,-1,-1,-1
170,283,1377.11,448.71,90.48,233.76,1,-1,-1,-1
171,274,566.46,148.48,409.09,932.89,1,-1,-1,-1
171,279,980.59,17.02,413.29,1064.45,1,-1,-1,-1
171,282,1510.26,382.19,143.79,296.19,1,-1,-1,-1
171,283,1380.81,445.38,91.65,236.09,1,-1,-1,-1
172,274,558.65,151.95,402.83,929.38,1,-1,-1,-1
172,279,965.67,12.82,417.40,1068.57,1,-1,-1,-1
172,282,1516.92,384.88,139.34,289.07,1,-1,-1,-1
172,283,1381.98,442.55,94.75,241.32,1,-1,-1,-1
173,274,551.66,145.68,394.57,935.68,1,-1,-1,-1
173,279,946.99,5.30,426.29,1076.12,1,-1,-1,-1
173,282,1523.62,381.28,136.07,292.21,1,-1,-1,-1
173,283,1383.39,443.37,94.53,239.52,1,-1,-1,-1
173,284,1336.63,536.58,63.85,155.97,1,-1,-1,-1
173,275,381.63,384.33,239.40,478.10,1,-1,-1,-1
174,274,527.21,132.66,410.86,948.75,1,-1,-1,-1
174,279,936.19,1.00,420.21,1080.46,1,-1,-1,-1
174,282,1531.02,382.52,130.36,287.61,1,-1,-1,-1
174,283,1384.68,443.96,94.10,237.18,1,-1,-1,-1
174,284,1335.05,537.99,67.86,150.97,1,-1,-1,-1
174,275,397.17,397.07,200.16,461.56,1,-1,-1,-1
175,274,509.44,131.40,420.84,949.90,1,-1,-1,-1
175,279,928.45,-0.57,417.17,1081.92,1,-1,-1,-1
175,282,1537.31,381.10,126.55,285.14,1,-1,-1,-1
175,283,1385.98,440.33,94.90,241.14,1,-1,-1,-1
175,284,1333.32,539.07,71.24,149.47,1,-1,-1,-1
175,275,374.50,395.98,164.40,442.41,1,-1,-1,-1
176,274,488.99,135.73,423.44,945.42,1,-1,-1,-1
176,279,917.18,-0.86,410.87,1082.07,1,-1,-1,-1
176,282,1541.61,380.68,127.28,285.64,1,-1,-1,-1
176,283,1384.78,438.70,98.03,242.55,1,-1,-1,-1
176,284,1332.90,540.13,72.01,148.61,1,-1,-1,-1
176,275,361.66,399.93,151.93,414.93,1,-1,-1,-1
177,274,466.24,126.95,440.96,954.24,1,-1,-1,-1
177,279,908.44,-0.80,409.99,1082.04,1,-1,-1,-1
177,282,1544.00,380.02,129.00,285.79,1,-1,-1,-1
177,283,1387.03,438.02,97.76,243.45,1,-1,-1,-1
177,284,1334.72,541.21,72.07,147.42,1,-1,-1,-1
177,275,359.46,401.22,147.81,406.39,1,-1,-1,-1
178,274,441.44,126.93,452.37,954.14,1,-1,-1,-1
178,279,897.52,-0.81,409.45,1081.93,1,-1,-1,-1
178,282,1547.27,379.52,129.22,288.11,1,-1,-1,-1
178,283,1389.54,438.68,96.06,239.92,1,-1,-1,-1
178,284,1336.18,540.75,71.87,147.47,1,-1,-1,-1
178,275,365.76,398.91,144.65,407.28,1,-1,-1,-1
179,274,406.96,136.58,484.84,944.44,1,-1,-1,-1
179,279,884.82,-0.66,410.70,1081.72,1,-1,-1,-1
179,282,1550.53,380.20,130.79,286.30,1,-1,-1,-1
179,283,1388.51,437.40,100.37,244.45,1,-1,-1,-1
179,284,1338.91,540.78,71.04,147.41,1,-1,-1,-1
179,275,380.37,389.48,134.70,423.14,1,-1,-1,-1
180,274,381.03,144.31,493.12,936.75,1,-1,-1,-1
180,279,874.84,13.72,407.20,1067.39,1,-1,-1,-1
180,282,1552.59,382.71,131.58,284.01,1,-1,-1,-1
180,283,1389.86,438.09,99.71,247.30,1,-1,-1,-1
180,284,1340.64,540.14,70.60,147.59,1,-1,-1,-1
181,274,355.55,139.45,510.68,941.71,1,-1,-1,-1
181,279,859.72,11.45,409.92,1069.73,1,-1,-1,-1
181,282,1557.10,383.10,131.07,283.08,1,-1,-1,-1
181,283,1393.10,441.24,97.04,244.38,1,-1,-1,-1
181,284,1341.91,538.19,70.42,149.13,1,-1,-1,-1
182,274,327.16,125.08,527.86,956.08,1,-1,-1,-1
182,279,848.72,4.18,410.11,1076.99,1,-1,-1,-1
182,282,1561.38,384.25,130.55,276.48,1,-1,-1,-1
182,283,1393.36,440.72,97.83,246.28,1,-1,-1,-1
182,284,1342.75,536.50,70.19,150.26,1,-1,-1,-1
183,274,305.44,128.48,516.23,952.67,1,-1,-1,-1
183,279,837.42,1.51,411.47,1079.65,1,-1,-1,-1
183,282,1565.73,387.75,129.37,274.57,1,-1,-1,-1
183,283,1394.19,440.29,97.77,246.88,1,-1,-1,-1
183,284,1344.15,534.61,69.95,154.18,1,-1,-1,-1
184,274,280.22,127.91,513.77,953.27,1,-1,-1,-1
184,279,815.06,1.63,427.08,1079.57,1,-1,-1,-1
184,282,1571.70,391.10,125.54,270.86,1,-1,-1,-1
184,283,1395.56,439.23,96.86,246.21,1,-1,-1,-1
184,284,1347.42,535.64,68.83,153.78,1,-1,-1,-1
184,281,703.54,307.33,171.27,532.65,1,-1,-1,-1
185,274,275.75,116.47,507.66,964.63,1,-1,-1,-1
185,279,801.14,5.38,432.63,1075.72,1,-1,-1,-1
185,282,1574.94,387.96,125.81,272.56,1,-1,-1,-1
185,283,1396.80,438.78,97.16,247.91,1,-1,-1,-1
185,284,1350.33,537.06,67.87,151.16,1,-1,-1,-1
185,285,1.05,181.63,316.09,857.92,1,-1,-1,-1
185,281,718.63,304.55,167.82,523.59,1,-1,-1,-1
186,274,243.14,110.49,520.40,970.74,1,-1,-1,-1
186,279,783.43,2.03,440.45,1079.17,1,-1,-1,-1
186,282,1579.61,386.86,127.43,273.77,1,-1,-1,-1
186,283,1397.54,438.28,98.16,247.38,1,-1,-1,-1
186,284,1353.27,539.49,67.73,148.38,1,-1,-1,-1
186,285,2.03,178.82,343.26,865.86,1,-1,-1,-1
187,274,210.26,107.39,529.78,973.81,1,-1,-1,-1
187,279,768.07,0.93,443.92,1080.28,1,-1,-1,-1
187,282,1583.89,386.50,126.62,274.12,1,-1,-1,-1
187,283,1398.18,436.58,98.54,248.90,1,-1,-1,-1
187,284,1354.91,539.95,68.38,147.67,1,-1,-1,-1
187,285,5.44,186.33,329.19,861.32,1,-1,-1,-1
188,274,169.27,99.88,522.02,981.28,1,-1,-1,-1
188,279,749.05,0.52,449.47,1080.64,1,-1,-1,-1
188,282,1588.68,386.66,124.29,273.90,1,-1,-1,-1
188,283,1399.38,434.31,97.70,251.22,1,-1,-1,-1
188,284,1356.08,539.05,69.43,148.55,1,-1,-1,-1
188,285,21.26,202.58,271.03,800.00,1,-1,-1,-1
189,274,108.00,98.42,532.73,982.67,1,-1,-1,-1
189,279,730.85,0.44,461.78,1080.65,1,-1,-1,-1
189,282,1590.55,386.72,126.09,275.23,1,-1,-1,-1
189,283,1400.13,434.86,99.26,251.86,1,-1,-1,-1
189,284,1360.10,538.90,67.24,149.88,1,-1,-1,-1
190,274,67.57,102.48,516.46,978.51,1,-1,-1,-1
190,279,705.82,0.59,476.20,1080.40,1,-1,-1,-1
190,282,1593.49,390.03,124.43,271.81,1,-1,-1,-1
190,283,1400.99,437.39,98.57,247.41,1,-1,-1,-1
190,284,1362.26,539.54,67.25,150.30,1,-1,-1,-1
191,274,20.94,91.64,515.44,989.38,1,-1,-1,-1
191,279,680.91,0.64,483.90,1080.32,1,-1,-1,-1
191,282,1596.05,393.83,123.39,266.63,1,-1,-1,-1
191,283,1400.96,435.99,99.65,248.34,1,-1,-1,-1
191,284,1366.20,539.78,67.07,151.59,1,-1,-1,-1
192,274,-2.23,89.31,510.41,991.44,1,-1,-1,-1
192,279,654.77,0.80,489.81,1079.92,1,-1,-1,-1
192,282,1598.26,396.31,122.28,263.00,1,-1,-1,-1
192,283,1403.62,438.03,98.26,246.16,1,-1,-1,-1
192,284,1368.75,539.60,68.16,153.74,1,-1,-1,-1
193,274,-9.50,98.90,489.21,982.03,1,-1,-1,-1
193,279,637.57,0.99,490.28,1079.90,1,-1,-1,-1
193,282,1598.49,395.88,126.92,262.76,1,-1,-1,-1
193,283,1402.86,437.48,102.64,246.09,1,-1,-1,-1
193,284,1371.19,539.48,69.31,155.10,1,-1,-1,-1
193,286,478.45,396.02,139.14,418.70,1,-1,-1,-1
194,274,-11.65,86.60,440.19,994.42,1,-1,-1,-1
194,279,613.88,0.80,489.04,1080.15,1,-1,-1,-1
194,282,1602.19,395.50,129.20,261.73,1,-1,-1,-1
194,283,1403.76,436.12,103.52,250.95,1,-1,-1,-1
194,284,1373.65,537.05,69.71,156.89,1,-1,-1,-1
194,286,485.94,391.84,143.93,430.19,1,-1,-1,-1
195,274,-10.51,69.43,416.07,1011.60,1,-1,-1,-1
195,279,588.84,0.75,497.48,1080.22,1,-1,-1,-1
195,282,1605.55,395.13,128.89,263.33,1,-1,-1,-1
195,283,1405.81,435.16,104.21,249.68,1,-1,-1,-1
195,284,1375.26,534.95,69.78,159.19,1,-1,-1,-1
195,286,495.07,389.08,145.20,431.42,1,-1,-1,-1
196,274,-5.46,78.08,396.64,1003.09,1,-1,-1,-1
196,279,558.01,0.83,518.44,1080.28,1,-1,-1,-1
196,282,1612.06,398.59,120.73,255.44,1,-1,-1,-1
196,283,1405.66,435.12,105.43,255.72,1,-1,-1,-1
196,284,1378.36,534.99,70.59,159.99,1,-1,-1,-1
196,286,509.79,383.56,138.67,443.96,1,-1,-1,-1
197,274,3.87,92.89,386.30,988.36,1,-1,-1,-1
197,279,532.48,0.82,525.39,1080.29,1,-1,-1,-1
197,282,1611.66,399.41,123.07,253.26,1,-1,-1,-1
197,283,1406.81,438.15,106.42,248.49,1,-1,-1,-1
197,284,1381.49,537.55,71.42,156.93,1,-1,-1,-1
197,287,1477.21,423.52,101.86,242.73,1,-1,-1,-1
197,275,230.09,194.59,323.73,783.12,1,-1,-1,-1
198,274,0.46,93.03,359.57,988.25,1,-1,-1,-1
198,279,505.42,0.85,533.93,1080.33,1,-1,-1,-1
198,282,1614.65,395.72,123.85,254.60,1,-1,-1,-1
198,283,1407.80,437.14,106.63,249.36,1,-1,-1,-1
198,284,1386.73,536.88,69.24,156.85,1,-1,-1,-1
198,287,1480.02,422.51,102.38,244.70,1,-1,-1,-1
198,275,224.95,201.44,337.41,784.12,1,-1,-1,-1
199,274,3.42,91.74,292.38,989.55,1,-1,-1,-1
199,279,474.80,0.78,545.95,1080.45,1,-1,-1,-1
199,282,1618.09,394.09,120.28,258.11,1,-1,-1,-1
199,283,1409.17,436.46,108.53,251.70,1,-1,-1,-1
199,284,1390.86,537.12,68.26,155.84,1,-1,-1,-1
199,287,1491.64,423.15,92.16,240.66,1,-1,-1,-1
199,275,239.65,211.62,339.37,779.87,1,-1,-1,-1
199,281,924.09,319.58,172.93,486.70,1,-1,-1,-1
200,274,6.64,91.30,225.03,989.80,1,-1,-1,-1
200,279,445.20,1.98,558.12,1079.14,1,-1,-1,-1
200,282,1621.89,390.34,120.74,260.07,1,-1,-1,-1
200,283,1410.27,435.97,109.77,254.93,1,-1,-1,-1
200,284,1393.52,536.81,66.86,157.05,1,-1,-1,-1
200,287,1496.90,422.78,89.56,240.94,1,-1,-1,-1
200,275,260.04,203.62,329.26,811.66,1,-1,-1,-1
200,281,934.19,325.70,184.20,481.02,1,-1,-1,-1
201,279,401.76,1.35,593.69,1079.66,1,-1,-1,-1
201,282,1624.19,391.41,120.28,256.94,1,-1,-1,-1
201,283,1411.97,434.86,110.48,256.19,1,-1,-1,-1
201,284,1396.15,536.56,66.48,157.43,1,-1,-1,-1
201,287,1502.42,424.33,87.15,238.53,1,-1,-1,-1
201,275,281.61,216.52,292.29,778.42,1,-1,-1,-1
201,281,939.21,324.90,207.87,483.02,1,-1,-1,-1
202,279,379.93,0.97,597.26,1080.02,1,-1,-1,-1
202,282,1629.38,392.06,118.06,256.29,1,-1,-1,-1
202,283,1413.54,434.02,111.76,258.99,1,-1,-1,-1
202,284,1398.71,535.52,68.14,159.37,1,-1,-1,-1
202,287,1510.38,422.43,84.28,238.49,1,-1,-1,-1
202,281,945.70,332.04,220.68,474.54,1,-1,-1,-1
203,279,341.81,0.88,628.36,1080.13,1,-1,-1,-1
203,282,1635.13,394.86,116.51,255.15,1,-1,-1,-1
203,283,1416.98,435.57,109.16,257.72,1,-1,-1,-1
203,284,1401.56,536.47,68.37,159.95,1,-1,-1,-1
203,287,1517.27,423.31,81.77,238.59,1,-1,-1,-1
203,281,944.78,328.39,231.04,475.46,1,-1,-1,-1
204,279,298.88,0.80,643.87,1080.38,1,-1,-1,-1
204,282,1638.68,392.14,118.34,257.60,1,-1,-1,-1
204,283,1420.93,436.74,107.14,257.05,1,-1,-1,-1
204,284,1404.81,536.63,68.21,161.77,1,-1,-1,-1
204,287,1523.46,426.61,80.80,231.51,1,-1,-1,-1
204,281,955.93,328.76,225.94,475.11,1,-1,-1,-1
205,279,248.76,0.74,679.56,1080.33,1,-1,-1,-1
205,282,1641.37,393.82,118.81,255.73,1,-1,-1,-1
205,283,1424.42,436.25,105.41,256.86,1,-1,-1,-1
205,284,1407.18,536.47,68.40,161.63,1,-1,-1,-1
205,287,1525.82,426.23,85.82,232.02,1,-1,-1,-1
205,281,963.98,325.71,215.18,474.67,1,-1,-1,-1
206,279,218.33,0.97,657.31,1080.04,1,-1,-1,-1
206,282,1645.51,396.15,118.40,252.27,1,-1,-1,-1
206,283,1428.13,433.33,103.28,260.01,1,-1,-1,-1
206,284,1409.97,536.42,69.13,161.85,1,-1,-1,-1
206,287,1527.93,425.63,94.15,230.73,1,-1,-1,-1
206,281,974.57,333.61,206.90,472.08,1,-1,-1,-1
207,279,169.25,3.20,667.30,1077.96,1,-1,-1,-1
207,282,1646.37,396.42,120.48,252.79,1,-1,-1,-1
207,283,1429.55,433.42,105.12,257.76,1,-1,-1,-1
207,284,1411.82,535.59,70.47,164.12,1,-1,-1,-1
207,287,1530.24,424.85,101.90,230.37,1,-1,-1,-1
207,281,992.05,330.33,195.04,474.43,1,-1,-1,-1
208,279,124.96,2.15,677.34,1078.62,1,-1,-1,-1
208,282,1650.10,399.05,118.78,248.27,1,-1,-1,-1
208,283,1430.86,432.51,105.63,257.41,1,-1,-1,-1
208,284,1414.53,534.65,71.08,165.70,1,-1,-1,-1
208,287,1532.06,424.25,107.12,231.07,1,-1,-1,-1
208,281,1004.02,328.55,192.39,470.94,1,-1,-1,-1
208,288,868.39,400.27,192.79,390.26,1,-1,-1,-1
209,279,45.35,14.56,736.41,1066.51,1,-1,-1,-1
209,282,1654.16,400.05,117.21,245.42,1,-1,-1,-1
209,283,1435.74,431.11,102.91,260.13,1,-1,-1,-1
209,284,1417.47,535.65,69.12,166.24,1,-1,-1,-1
209,287,1537.64,422.39,110.13,234.33,1,-1,-1,-1
209,281,1022.89,327.76,184.05,470.90,1,-1,-1,-1
209,288,890.07,397.59,176.49,393.97,1,-1,-1,-1
210,279,5.85,25.38,721.88,1055.81,1,-1,-1,-1
210,282,1657.35,398.81,116.89,249.89,1,-1,-1,-1
210,283,1438.33,430.85,103.12,260.22,1,-1,-1,-1
210,284,1419.47,535.90,67.80,166.36,1,-1,-1,-1
210,287,1545.27,422.04,107.06,235.17,1,-1,-1,-1
210,281,1044.15,332.20,176.08,464.06,1,-1,-1,-1
210,288,907.29,407.84,157.94,377.95,1,-1,-1,-1
211,279,-4.24,23.56,653.90,1057.77,1,-1,-1,-1
211,282,1661.84,396.00,117.76,251.75,1,-1,-1,-1
211,283,1442.53,429.08,103.00,265.21,1,-1,-1,-1
211,284,1421.98,536.89,68.68,163.77,1,-1,-1,-1
211,287,1552.62,422.84,102.66,231.88,1,-1,-1,-1
211,281,1065.67,334.44,175.42,458.95,1,-1,-1,-1
211,288,923.49,402.38,140.73,381.85,1,-1,-1,-1
211,286,489.97,277.50,312.50,612.03,1,-1,-1,-1
212,279,-12.04,18.98,614.03,1062.26,1,-1,-1,-1
212,282,1666.75,398.59,113.51,246.99,1,-1,-1,-1
212,283,1444.32,430.14,104.84,265.90,1,-1,-1,-1
212,284,1424.86,536.21,67.20,164.43,1,-1,-1,-1
212,287,1557.00,423.44,101.95,233.67,1,-1,-1,-1
212,281,1075.05,336.91,185.34,451.11,1,-1,-1,-1
212,288,932.99,402.97,135.27,378.46,1,-1,-1,-1
212,286,494.30,251.29,318.75,659.22,1,-1,-1,-1
213,279,-13.31,21.88,568.10,1059.27,1,-1,-1,-1
213,282,1666.41,396.12,115.01,248.98,1,-1,-1,-1
213,283,1445.91,427.35,105.89,269.16,1,-1,-1,-1
213,284,1427.37,535.80,66.74,163.85,1,-1,-1,-1
213,287,1563.82,424.15,100.24,231.87,1,-1,-1,-1
213,281,1085.81,337.77,191.06,447.55,1,-1,-1,-1
213,288,939.60,402.43,135.84,377.05,1,-1,-1,-1
213,286,503.64,250.09,316.86,666.79,1,-1,-1,-1
214,279,-12.60,31.67,498.08,1049.63,1,-1,-1,-1
214,282,1670.41,396.53,116.88,251.19,1,-1,-1,-1
214,283,1449.99,429.15,105.67,265.46,1,-1,-1,-1
214,284,1430.93,536.63,66.88,164.83,1,-1,-1,-1
214,287,1574.15,421.84,99.02,232.38,1,-1,-1,-1
214,281,1095.78,337.67,199.90,446.04,1,-1,-1,-1
214,288,943.60,405.22,142.98,375.32,1,-1,-1,-1
214,286,515.41,258.95,317.50,655.88,1,-1,-1,-1
215,279,-9.90,52.39,430.38,1028.74,1,-1,-1,-1
215,282,1675.06,398.61,114.59,247.53,1,-1,-1,-1
215,283,1452.82,429.87,105.21,263.81,1,-1,-1,-1
215,284,1433.68,536.98,66.18,166.11,1,-1,-1,-1
215,287,1584.01,416.41,94.66,235.42,1,-1,-1,-1
215,281,1101.70,339.62,201.70,443.88,1,-1,-1,-1
215,288,943.81,408.07,153.38,373.03,1,-1,-1,-1
215,286,524.14,257.78,320.45,657.37,1,-1,-1,-1
216,279,-7.48,226.39,350.41,854.77,1,-1,-1,-1
216,282,1677.61,397.86,112.66,247.38,1,-1,-1,-1
216,283,1456.66,427.56,105.56,265.65,1,-1,-1,-1
216,284,1437.35,537.77,64.99,167.53,1,-1,-1,-1
216,287,1593.41,419.05,93.55,229.96,1,-1,-1,-1
216,281,1112.74,340.81,197.78,444.46,1,-1,-1,-1
216,288,958.13,409.87,151.59,371.25,1,-1,-1,-1
216,286,537.62,260.86,315.07,657.03,1,-1,-1,-1
217,279,4.56,92.30,354.05,988.91,1,-1,-1,-1
217,282,1681.93,401.91,112.62,242.13,1,-1,-1,-1
217,283,1460.35,427.71,103.31,268.31,1,-1,-1,-1
217,284,1440.30,537.63,65.69,168.19,1,-1,-1,-1
217,287,1598.46,418.05,96.24,229.28,1,-1,-1,-1
217,281,1118.90,343.20,191.42,445.85,1,-1,-1,-1
217,288,971.66,412.04,147.82,368.46,1,-1,-1,-1
217,286,539.57,255.46,322.21,656.16,1,-1,-1,-1
218,282,1687.34,403.24,109.50,240.88,1,-1,-1,-1
218,283,1463.85,427.80,101.72,271.44,1,-1,-1,-1
218,284,1443.05,537.18,67.41,169.06,1,-1,-1,-1
218,287,1601.08,417.04,103.56,232.03,1,-1,-1,-1
218,281,1124.79,342.76,190.72,443.05,1,-1,-1,-1
218,288,977.76,416.39,154.29,364.74,1,-1,-1,-1
218,286,555.10,268.92,313.37,637.51,1,-1,-1,-1
219,282,1687.71,401.57,113.27,246.41,1,-1,-1,-1
219,283,1468.14,430.82,99.48,270.57,1,-1,-1,-1
219,284,1446.46,537.82,66.83,169.51,1,-1,-1,-1
219,287,1605.41,419.66,111.79,230.65,1,-1,-1,-1
219,281,1133.89,346.37,187.97,439.63,1,-1,-1,-1
219,288,991.74,417.64,149.39,355.51,1,-1,-1,-1
219,286,606.90,265.33,261.29,635.68,1,-1,-1,-1
219,275,123.55,252.98,352.40,762.21,1,-1,-1,-1
220,282,1689.27,403.38,111.47,245.96,1,-1,-1,-1
220,283,1470.82,430.53,99.51,269.66,1,-1,-1,-1
220,284,1447.36,536.78,68.84,171.23,1,-1,-1,-1
220,287,1607.36,417.35,119.54,234.82,1,-1,-1,-1
220,281,1144.14,344.38,182.88,437.02,1,-1,-1,-1
220,288,1005.33,412.75,141.10,353.21,1,-1,-1,-1
220,286,638.02,266.09,236.56,629.37,1,-1,-1,-1
220,289,501.59,285.74,200.88,582.92,1,-1,-1,-1
220,275,133.07,271.28,364.83,743.86,1,-1,-1,-1
221,282,1690.95,404.05,109.72,242.03,1,-1,-1,-1
221,283,1474.42,429.68,101.26,269.74,1,-1,-1,-1
221,284,1451.07,537.69,67.95,170.28,1,-1,-1,-1
221,287,1610.91,420.64,124.79,231.72,1,-1,-1,-1
221,281,1154.19,341.72,170.93,431.85,1,-1,-1,-1
221,288,1020.72,412.53,133.20,353.17,1,-1,-1,-1
221,286,672.69,266.32,224.20,624.08,1,-1,-1,-1
221,289,509.36,293.06,221.59,582.63,1,-1,-1,-1
221,275,144.57,275.02,380.74,727.81,1,-1,-1,-1
222,283,1477.03,429.15,101.74,267.36,1,-1,-1,-1
222,284,1454.75,538.02,66.88,170.08,1,-1,-1,-1
222,287,1611.75,422.35,138.45,231.25,1,-1,-1,-1
222,281,1162.77,338.68,162.09,440.69,1,-1,-1,-1
222,288,1034.06,415.30,125.54,346.16,1,-1,-1,-1
222,286,689.00,265.58,239.04,615.90,1,-1,-1,-1
222,289,523.23,295.52,222.92,573.08,1,-1,-1,-1
222,275,160.91,293.24,378.95,691.43,1,-1,-1,-1
223,283,1479.18,428.49,105.03,266.96,1,-1,-1,-1
223,284,1458.76,538.21,67.13,170.45,1,-1,-1,-1
223,287,1616.50,423.40,140.25,229.74,1,-1,-1,-1
223,281,1165.47,340.31,156.68,436.02,1,-1,-1,-1
223,288,1043.15,416.76,126.93,340.99,1,-1,-1,-1
223,286,701.95,266.18,246.11,608.30,1,-1,-1,-1
223,289,528.28,292.53,239.18,584.19,1,-1,-1,-1
223,275,169.32,293.21,382.79,686.52,1,-1,-1,-1
223,282,1696.58,401.95,106.77,245.75,1,-1,-1,-1
224,283,1484.14,426.19,108.03,269.27,1,-1,-1,-1
224,284,1461.14,538.20,69.48,170.52,1,-1,-1,-1
224,287,1620.39,422.85,140.13,231.39,1,-1,-1,-1
224,281,1170.79,339.58,151.67,440.32,1,-1,-1,-1
224,288,1050.35,416.63,131.70,344.91,1,-1,-1,-1
224,286,715.30,274.04,249.19,606.97,1,-1,-1,-1
224,289,541.37,292.01,248.18,577.18,1,-1,-1,-1
224,275,181.82,284.05,389.55,694.27,1,-1,-1,-1
224,282,1699.84,402.31,105.10,243.00,1,-1,-1,-1
225,283,1487.31,424.43,110.08,270.44,1,-1,-1,-1
225,284,1463.00,537.02,72.37,171.38,1,-1,-1,-1
225,287,1629.97,420.60,129.61,232.40,1,-1,-1,-1
225,281,1174.56,341.76,153.17,436.21,1,-1,-1,-1
225,288,1057.67,414.91,132.17,342.76,1,-1,-1,-1
225,286,724.55,274.48,256.07,607.84,1,-1,-1,-1
225,289,556.58,297.96,238.50,565.43,1,-1,-1,-1
225,275,201.40,296.13,382.39,688.48,1,-1,-1,-1
225,282,1703.66,400.13,108.81,245.45,1,-1,-1,-1
226,283,1491.84,425.17,108.96,268.39,1,-1,-1,-1
226,284,1466.22,535.98,73.65,173.11,1,-1,-1,-1
226,287,1639.48,421.63,116.79,228.44,1,-1,-1,-1
226,281,1179.97,345.25,158.14,428.55,1,-1,-1,-1
226,288,1064.00,410.12,135.18,350.66,1,-1,-1,-1
226,286,742.09,274.88,256.30,606.28,1,-1,-1,-1
226,289,573.04,304.97,224.62,560.45,1,-1,-1,-1
226,275,234.26,297.14,355.57,684.44,1,-1,-1,-1
226,282,1705.28,397.76,113.17,249.28,1,-1,-1,-1
227,283,1493.20,424.99,111.86,271.22,1,-1,-1,-1
227,284,1469.16,535.12,74.22,175.16,1,-1,-1,-1
227,287,1648.58,420.72,104.93,229.46,1,-1,-1,-1
227,281,1187.04,342.66,154.31,426.19,1,-1,-1,-1
227,288,1068.73,409.81,140.12,351.85,1,-1,-1,-1
227,286,753.67,277.81,256.96,599.17,1,-1,-1,-1
227,289,585.71,302.42,213.85,559.85,1,-1,-1,-1
227,275,280.78,297.69,317.25,680.53,1,-1,-1,-1
227,282,1707.86,397.44,111.00,249.70,1,-1,-1,-1
228,283,1496.07,424.59,113.04,274.50,1,-1,-1,-1
228,284,1471.97,535.16,74.92,176.57,1,-1,-1,-1
228,287,1661.39,420.03,89.66,231.84,1,-1,-1,-1
228,281,1192.32,347.82,155.62,420.60,1,-1,-1,-1
228,288,1072.04,408.32,145.84,351.69,1,-1,-1,-1
228,286,765.07,279.21,257.38,595.22,1,-1,-1,-1
228,289,604.89,301.86,197.53,555.00,1,-1,-1,-1
228,275,323.54,296.03,283.46,682.33,1,-1,-1,-1
228,282,1712.40,397.20,106.19,244.04,1,-1,-1,-1
229,283,1499.30,422.93,115.83,278.86,1,-1,-1,-1
229,284,1476.89,535.57,74.53,176.22,1,-1,-1,-1
229,287,1670.65,418.25,86.02,229.24,1,-1,-1,-1
229,281,1197.70,346.74,152.84,425.25,1,-1,-1,-1
229,288,1083.32,409.18,141.16,349.53,1,-1,-1,-1
229,286,784.26,274.26,246.50,589.89,1,-1,-1,-1
229,289,627.14,296.93,179.23,554.09,1,-1,-1,-1
229,275,368.68,292.03,257.13,672.90,1,-1,-1,-1
229,282,1717.28,394.79,108.87,244.36,1,-1,-1,-1
230,283,1502.62,425.15,117.45,277.49,1,-1,-1,-1
230,284,1480.60,534.90,74.09,176.52,1,-1,-1,-1
230,287,1681.03,418.72,83.86,225.61,1,-1,-1,-1
230,281,1207.40,346.72,146.97,428.04,1,-1,-1,-1
230,288,1089.82,412.10,145.08,343.86,1,-1,-1,-1
230,286,794.15,274.66,241.25,587.56,1,-1,-1,-1
230,289,644.79,296.61,168.84,557.49,1,-1,-1,-1
230,275,402.28,289.58,241.46,676.31,1,-1,-1,-1
230,282,1723.45,394.65,108.78,244.89,1,-1,-1,-1
230,290,244.67,307.91,267.95,619.10,1,-1,-1,-1
231,283,1506.78,424.29,115.97,276.06,1,-1,-1,-1
231,284,1486.57,533.05,73.05,176.87,1,-1,-1,-1
231,287,1687.32,418.68,85.55,227.94,1,-1,-1,-1
231,281,1214.64,347.86,144.22,426.80,1,-1,-1,-1
231,288,1098.89,422.40,142.29,331.04,1,-1,-1,-1
231,286,815.34,272.29,225.08,580.59,1,-1,-1,-1
231,289,661.78,294.85,169.79,545.37,1,-1,-1,-1
231,275,426.55,294.37,232.20,661.75,1,-1,-1,-1
231,290,289.95,318.76,208.05,593.25,1,-1,-1,-1
232,283,1512.37,421.44,110.34,279.04,1,-1,-1,-1
232,284,1492.32,531.94,71.11,179.29,1,-1,-1,-1
232,287,1690.74,420.36,87.50,230.00,1,-1,-1,-1
232,281,1218.31,356.12,146.20,415.70,1,-1,-1,-1
232,288,1110.05,418.12,133.69,330.50,1,-1,-1,-1
232,286,832.89,271.05,215.82,578.64,1,-1,-1,-1
232,289,670.48,298.63,183.90,535.33,1,-1,-1,-1
232,275,432.75,294.10,251.17,666.00,1,-1,-1,-1
232,282,1734.82,410.31,100.56,221.86,1,-1,-1,-1
233,283,1514.67,419.41,106.87,282.93,1,-1,-1,-1
233,284,1494.94,529.44,73.10,183.17,1,-1,-1,-1
233,287,1694.59,419.71,88.08,230.04,1,-1,-1,-1
233,281,1227.79,358.92,143.64,407.83,1,-1,-1,-1
233,288,1120.54,419.23,124.54,325.20,1,-1,-1,-1
233,286,849.01,270.60,203.86,575.20,1,-1,-1,-1
233,289,678.33,296.09,193.26,539.96,1,-1,-1,-1
233,275,444.99,300.12,262.90,652.10,1,-1,-1,-1
233,282,1745.47,413.55,83.71,214.81,1,-1,-1,-1
234,283,1519.08,424.79,104.86,273.48,1,-1,-1,-1
234,284,1497.39,530.12,77.71,181.98,1,-1,-1,-1
234,287,1697.42,422.73,89.11,225.07,1,-1,-1,-1
234,281,1240.12,355.69,141.91,408.56,1,-1,-1,-1
234,288,1132.85,416.29,116.75,327.48,1,-1,-1,-1
234,286,868.08,271.94,188.90,574.96,1,-1,-1,-1
234,289,693.91,305.56,199.11,517.30,1,-1,-1,-1
234,275,461.75,305.87,272.37,644.61,1,-1,-1,-1
234,282,1760.56,420.08,69.13,210.72,1,-1,-1,-1
235,284,1499.92,530.03,84.20,182.18,1,-1,-1,-1
235,287,1703.10,422.57,89.80,226.17,1,-1,-1,-1
235,281,1253.45,355.09,141.55,404.98,1,-1,-1,-1
235,288,1143.68,414.55,112.56,325.47,1,-1,-1,-1
235,286,879.59,273.68,185.09,567.43,1,-1,-1,-1
235,289,704.22,308.35,209.81,517.17,1,-1,-1,-1
235,275,475.66,311.29,282.67,640.28,1,-1,-1,-1
235,282,1767.02,418.72,60.53,213.23,1,-1,-1,-1
236,284,1502.86,531.00,92.09,181.76,1,-1,-1,-1
236,287,1709.31,423.36,89.89,221.89,1,-1,-1,-1
236,281,1260.41,355.42,145.50,398.79,1,-1,-1,-1
236,288,1154.21,418.03,105.69,323.46,1,-1,-1,-1
236,286,889.28,282.05,200.81,563.97,1,-1,-1,-1
236,289,719.38,311.61,208.51,506.65,1,-1,-1,-1
236,275,488.96,314.89,275.61,635.65,1,-1,-1,-1
237,284,1506.56,530.71,94.38,182.69,1,-1,-1,-1
237,287,1712.39,424.96,91.14,219.16,1,-1,-1,-1
237,281,1262.73,360.15,153.98,391.52,1,-1,-1,-1
237,288,1158.68,415.21,106.73,334.83,1,-1,-1,-1
237,286,897.49,285.44,212.44,562.66,1,-1,-1,-1
237,289,723.37,308.44,198.43,509.65,1,-1,-1,-1
237,275,506.81,307.83,267.13,640.71,1,-1,-1,-1
238,284,1510.45,530.85,96.13,183.74,1,-1,-1,-1
238,287,1718.19,421.85,89.99,223.11,1,-1,-1,-1
238,281,1267.00,360.04,158.62,389.28,1,-1,-1,-1
238,288,1165.14,419.14,106.49,327.18,1,-1,-1,-1
238,286,907.21,286.01,229.08,567.87,1,-1,-1,-1
238,289,731.18,318.59,208.49,501.72,1,-1,-1,-1
238,275,526.77,310.12,252.11,631.07,1,-1,-1,-1
239,284,1516.47,532.91,99.75,181.68,1,-1,-1,-1
239,287,1728.13,421.77,85.31,221.30,1,-1,-1,-1
239,281,1275.82,356.91,161.85,394.61,1,-1,-1,-1
239,288,1170.82,420.07,110.32,316.94,1,-1,-1,-1
239,286,916.68,301.94,251.18,554.04,1,-1,-1,-1
239,289,739.31,318.92,203.07,496.06,1,-1,-1,-1
239,275,550.43,311.91,241.60,615.41,1,-1,-1,-1
240,284,1522.79,533.62,100.93,179.53,1,-1,-1,-1
240,287,1733.02,425.10,83.98,219.10,1,-1,-1,-1
240,281,1280.25,356.89,165.24,395.48,1,-1,-1,-1
240,288,1175.10,422.07,112.03,309.67,1,-1,-1,-1
240,286,924.95,296.04,249.09,561.54,1,-1,-1,-1
240,289,751.77,316.15,205.04,495.24,1,-1,-1,-1
240,275,574.77,302.76,232.12,612.06,1,-1,-1,-1
241,284,1533.63,531.96,98.17,178.17,1,-1,-1,-1
241,287,1738.64,421.68,87.91,222.23,1,-1,-1,-1
241,281,1283.98,358.06,166.52,393.84,1,-1,-1,-1
241,288,1179.91,421.24,115.27,314.58,1,-1,-1,-1
241,286,938.11,296.19,237.13,552.98,1,-1,-1,-1
241,275,607.67,304.60,212.21,612.77,1,-1,-1,-1
241,290,486.44,327.92,207.61,575.85,1,-1,-1,-1
242,284,1539.72,531.13,97.37,179.97,1,-1,-1,-1
242,287,1743.14,424.03,87.70,218.00,1,-1,-1,-1
242,281,1288.39,360.60,166.04,394.08,1,-1,-1,-1
242,288,1185.46,422.56,116.90,312.57,1,-1,-1,-1
242,286,949.29,295.89,229.36,551.81,1,-1,-1,-1
242,275,623.38,303.81,205.84,609.84,1,-1,-1,-1
242,290,500.11,328.10,200.74,564.74,1,-1,-1,-1
243,284,1546.04,530.40,94.66,181.18,1,-1,-1,-1
243,287,1749.55,423.04,85.58,220.00,1,-1,-1,-1
243,281,1293.20,361.35,166.79,391.47,1,-1,-1,-1
243,288,1191.21,423.20,112.60,310.84,1,-1,-1,-1
243,286,959.55,294.68,221.88,545.10,1,-1,-1,-1
243,275,632.80,309.63,217.05,601.11,1,-1,-1,-1
243,290,523.93,325.95,183.31,553.34,1,-1,-1,-1
244,284,1552.97,531.14,95.35,180.20,1,-1,-1,-1
244,287,1752.66,418.90,87.28,221.58,1,-1,-1,-1
244,281,1299.97,361.40,164.95,390.06,1,-1,-1,-1
244,288,1198.44,427.35,110.25,300.91,1,-1,-1,-1
244,286,969.39,288.68,217.09,548.55,1,-1,-1,-1
244,275,643.83,314.17,225.80,597.44,1,-1,-1,-1
244,290,553.58,327.64,162.99,541.88,1,-1,-1,-1
245,284,1560.03,531.02,93.86,178.94,1,-1,-1,-1
245,287,1758.55,419.80,86.64,221.78,1,-1,-1,-1
245,281,1304.98,360.92,157.99,387.04,1,-1,-1,-1
245,288,1204.92,421.32,104.63,301.97,1,-1,-1,-1
245,286,986.77,284.85,203.43,551.01,1,-1,-1,-1
245,275,653.49,316.12,233.89,596.63,1,-1,-1,-1
245,290,568.59,323.50,172.20,538.73,1,-1,-1,-1
246,284,1572.55,529.81,88.29,180.78,1,-1,-1,-1
246,287,1763.26,419.63,87.62,224.99,1,-1,-1,-1
246,281,1310.88,354.80,145.67,390.99,1,-1,-1,-1
246,288,1209.44,423.52,104.93,305.06,1,-1,-1,-1
246,286,1000.96,287.24,192.71,540.00,1,-1,-1,-1
246,275,661.12,321.34,249.67,589.96,1,-1,-1,-1
246,283,1539.79,419.10,86.91,278.50,1,-1,-1,-1
247,284,1579.01,531.29,87.08,179.68,1,-1,-1,-1
247,287,1766.69,420.44,86.41,221.57,1,-1,-1,-1
247,281,1316.25,360.48,137.18,382.50,1,-1,-1,-1
247,288,1215.27,425.42,103.86,303.08,1,-1,-1,-1
247,286,1013.64,289.48,191.59,537.40,1,-1,-1,-1
247,275,669.66,324.81,262.35,581.12,1,-1,-1,-1
247,283,1538.00,423.04,85.64,275.91,1,-1,-1,-1
248,284,1583.89,531.69,85.70,181.05,1,-1,-1,-1
248,287,1769.93,421.20,88.22,224.05,1,-1,-1,-1
248,281,1318.48,358.39,134.11,380.09,1,-1,-1,-1
248,288,1218.73,424.81,108.89,303.77,1,-1,-1,-1
248,286,1024.95,289.65,195.01,531.84,1,-1,-1,-1
248,275,669.28,326.96,280.33,572.57,1,-1,-1,-1
248,283,1540.48,428.50,87.37,271.08,1,-1,-1,-1
249,284,1592.09,533.53,81.34,180.46,1,-1,-1,-1
249,287,1772.48,421.55,94.19,220.01,1,-1,-1,-1
249,281,1324.73,360.02,129.87,378.27,1,-1,-1,-1
249,288,1224.86,429.45,112.49,298.36,1,-1,-1,-1
249,286,1038.24,295.94,206.36,519.30,1,-1,-1,-1
249,275,691.30,320.17,277.01,579.34,1,-1,-1,-1
249,283,1539.82,424.15,89.66,277.80,1,-1,-1,-1
250,284,1597.41,534.22,78.87,180.72,1,-1,-1,-1
250,287,1774.69,421.51,104.31,223.68,1,-1,-1,-1
250,281,1329.40,360.51,126.36,375.06,1,-1,-1,-1
250,288,1231.61,422.02,111.42,309.49,1,-1,-1,-1
250,286,1049.13,293.66,208.90,525.71,1,-1,-1,-1
250,275,712.16,321.52,271.08,574.51,1,-1,-1,-1
250,283,1542.25,421.82,88.17,280.35,1,-1,-1,-1
251,284,1601.86,533.47,80.13,181.15,1,-1,-1,-1
251,287,1777.16,418.20,109.65,223.72,1,-1,-1,-1
251,281,1332.45,360.47,126.72,373.42,1,-1,-1,-1
251,288,1242.91,420.20,101.95,307.76,1,-1,-1,-1
251,286,1057.76,293.32,214.84,519.41,1,-1,-1,-1
251,275,748.81,324.58,240.82,566.53,1,-1,-1,-1
251,283,1543.22,422.97,86.75,279.60,1,-1,-1,-1
252,284,1608.00,532.92,78.54,181.25,1,-1,-1,-1
252,287,1783.86,418.98,110.96,224.01,1,-1,-1,-1
252,281,1336.49,363.83,127.83,372.44,1,-1,-1,-1
252,286,1065.02,300.91,221.42,518.05,1,-1,-1,-1
252,275,780.40,321.95,220.70,564.09,1,-1,-1,-1
252,283,1543.96,421.23,86.12,281.88,1,-1,-1,-1
252,290,638.89,326.09,234.04,537.95,1,-1,-1,-1
253,284,1612.80,532.63,78.99,181.81,1,-1,-1,-1
253,287,1788.19,420.40,110.88,222.13,1,-1,-1,-1
253,281,1341.83,365.13,127.91,374.95,1,-1,-1,-1
253,286,1074.98,304.56,218.85,514.53,1,-1,-1,-1
253,275,802.42,322.30,206.69,556.75,1,-1,-1,-1
253,283,1544.66,422.94,85.37,279.49,1,-1,-1,-1
253,290,649.57,328.68,234.51,536.85,1,-1,-1,-1
254,284,1618.63,529.16,85.92,185.57,1,-1,-1,-1
254,287,1793.95,422.68,106.11,219.41,1,-1,-1,-1
254,281,1346.56,368.65,127.14,367.32,1,-1,-1,-1
254,286,1083.66,307.08,222.77,508.72,1,-1,-1,-1
254,275,825.39,318.45,199.44,559.67,1,-1,-1,-1
254,283,1545.14,421.88,85.25,280.46,1,-1,-1,-1
254,290,667.60,326.80,232.32,536.33,1,-1,-1,-1
255,284,1621.93,527.32,93.75,187.58,1,-1,-1,-1
255,287,1798.76,424.98,99.76,214.96,1,-1,-1,-1
255,281,1352.08,371.41,123.73,366.94,1,-1,-1,-1
255,286,1090.98,308.69,229.55,505.52,1,-1,-1,-1
255,275,840.26,320.60,201.34,559.82,1,-1,-1,-1
255,283,1544.84,423.39,85.24,281.30,1,-1,-1,-1
255,290,688.23,327.73,217.72,531.65,1,-1,-1,-1
256,284,1628.04,526.26,97.99,188.91,1,-1,-1,-1
256,287,1805.01,425.00,95.61,214.90,1,-1,-1,-1
256,281,1355.85,369.88,125.35,361.07,1,-1,-1,-1
256,286,1099.74,306.96,227.26,506.50,1,-1,-1,-1
256,275,851.40,325.05,210.59,557.08,1,-1,-1,-1
256,283,1544.13,423.93,86.65,280.73,1,-1,-1,-1
256,290,712.25,328.51,197.32,527.00,1,-1,-1,-1
257,284,1635.74,527.50,97.68,191.76,1,-1,-1,-1
257,287,1809.05,425.89,94.09,212.00,1,-1,-1,-1
257,281,1360.42,368.81,127.32,362.72,1,-1,-1,-1
257,286,1111.33,304.56,217.03,510.08,1,-1,-1,-1
257,275,861.92,327.71,216.03,560.02,1,-1,-1,-1
257,283,1544.20,423.90,86.85,281.31,1,-1,-1,-1
257,290,728.99,331.96,182.93,514.40,1,-1,-1,-1
258,284,1639.89,526.07,99.69,194.31,1,-1,-1,-1
258,287,1813.47,424.79,89.64,210.94,1,-1,-1,-1
258,281,1364.38,369.44,127.77,365.19,1,-1,-1,-1
258,286,1118.96,305.85,206.55,508.32,1,-1,-1,-1
258,275,870.67,320.64,227.36,565.72,1,-1,-1,-1
258,283,1543.90,423.34,87.01,282.70,1,-1,-1,-1
258,290,753.32,335.81,160.55,505.74,1,-1,-1,-1
259,284,1648.50,527.47,95.13,192.63,1,-1,-1,-1
259,287,1817.00,423.34,90.79,212.98,1,-1,-1,-1
259,281,1370.34,369.49,124.07,362.34,1,-1,-1,-1
259,286,1127.95,306.49,200.17,506.08,1,-1,-1,-1
259,275,887.59,322.95,223.72,560.08,1,-1,-1,-1
259,283,1544.11,422.57,87.61,283.53,1,-1,-1,-1
259,290,767.13,338.08,162.14,499.30,1,-1,-1,-1
260,284,1654.62,526.87,93.59,193.92,1,-1,-1,-1
260,287,1823.35,423.74,88.09,212.25,1,-1,-1,-1
260,281,1376.37,369.12,123.86,362.33,1,-1,-1,-1
260,286,1133.42,309.18,195.48,502.95,1,-1,-1,-1
260,275,896.18,325.58,223.68,556.30,1,-1,-1,-1
260,283,1543.37,420.86,89.70,285.95,1,-1,-1,-1
260,290,783.93,339.21,160.44,501.74,1,-1,-1,-1
261,284,1660.32,527.18,90.48,196.07,1,-1,-1,-1
261,287,1826.62,419.90,90.00,215.18,1,-1,-1,-1
261,281,1380.80,366.89,125.61,365.16,1,-1,-1,-1
261,286,1142.18,310.29,185.72,493.06,1,-1,-1,-1
261,275,915.77,325.49,217.25,550.02,1,-1,-1,-1
261,283,1543.72,420.15,90.35,286.57,1,-1,-1,-1
261,290,799.50,340.39,162.66,504.34,1,-1,-1,-1
262,284,1667.73,525.34,88.40,196.92,1,-1,-1,-1
262,287,1827.80,416.90,91.69,220.78,1,-1,-1,-1
262,281,1387.32,368.09,125.02,359.98,1,-1,-1,-1
262,286,1149.70,309.11,182.62,493.52,1,-1,-1,-1
262,275,939.81,327.55,203.02,539.62,1,-1,-1,-1
262,283,1545.86,420.36,88.60,285.58,1,-1,-1,-1
262,290,811.48,345.76,172.53,501.02,1,-1,-1,-1
263,284,1674.13,522.86,87.10,197.65,1,-1,-1,-1
263,287,1829.27,419.55,91.50,220.60,1,-1,-1,-1
263,281,1392.95,365.14,123.65,364.24,1,-1,-1,-1
263,286,1157.68,311.17,180.42,492.85,1,-1,-1,-1
263,275,958.21,334.73,195.38,522.86,1,-1,-1,-1
263,283,1546.40,420.24,88.67,284.12,1,-1,-1,-1
263,290,820.31,348.83,181.83,494.53,1,-1,-1,-1
264,284,1680.04,522.54,87.55,197.96,1,-1,-1,-1
264,287,1830.08,421.80,90.89,215.90,1,-1,-1,-1
264,281,1396.02,366.82,129.35,359.99,1,-1,-1,-1
264,286,1167.10,312.65,181.48,487.99,1,-1,-1,-1
264,275,977.75,335.80,189.80,520.99,1,-1,-1,-1
264,283,1545.36,417.10,90.21,290.63,1,-1,-1,-1
264,290,825.77,356.32,193.83,484.18,1,-1,-1,-1
265,284,1685.17,523.06,88.07,197.70,1,-1,-1,-1
265,287,1831.58,421.63,89.49,215.22,1,-1,-1,-1
265,281,1398.97,368.16,132.51,357.46,1,-1,-1,-1
265,286,1174.67,315.55,183.93,484.92,1,-1,-1,-1
265,275,991.48,327.64,186.91,524.41,1,-1,-1,-1
265,283,1545.31,416.49,92.70,288.32,1,-1,-1,-1
265,290,833.29,349.79,196.49,489.81,1,-1,-1,-1
266,284,1687.94,523.29,91.44,198.57,1,-1,-1,-1
266,287,1834.29,422.71,87.70,213.26,1,-1,-1,-1
266,281,1405.28,371.45,131.56,350.20,1,-1,-1,-1
266,286,1185.27,318.84,183.64,480.58,1,-1,-1,-1
266,275,992.17,330.60,195.00,522.61,1,-1,-1,-1
266,283,1548.16,417.88,92.65,288.00,1,-1,-1,-1
266,290,839.59,355.27,194.58,482.65,1,-1,-1,-1
267,284,1692.25,524.30,92.70,198.61,1,-1,-1,-1
267,287,1837.61,424.04,84.56,213.94,1,-1,-1,-1
267,281,1408.20,373.72,133.61,348.01,1,-1,-1,-1
267,286,1195.05,323.72,180.39,470.07,1,-1,-1,-1
267,275,1006.54,331.27,203.97,518.37,1,-1,-1,-1
267,283,1549.21,417.01,92.48,288.72,1,-1,-1,-1
267,290,855.45,355.05,186.20,491.15,1,-1,-1,-1
268,284,1695.86,526.44,92.91,196.74,1,-1,-1,-1
268,287,1839.65,421.63,82.42,219.22,1,-1,-1,-1
268,281,1413.75,375.57,133.21,344.98,1,-1,-1,-1
268,286,1201.08,325.86,178.73,466.86,1,-1,-1,-1
268,275,1018.28,333.42,209.84,515.97,1,-1,-1,-1
268,283,1548.50,419.23,92.73,281.89,1,-1,-1,-1
268,290,870.96,354.52,181.98,479.15,1,-1,-1,-1
269,284,1701.47,528.07,93.11,197.93,1,-1,-1,-1
269,287,1843.35,425.46,78.70,214.60,1,-1,-1,-1
269,281,1418.74,379.10,129.68,341.96,1,-1,-1,-1
269,286,1207.52,324.17,174.83,466.65,1,-1,-1,-1
269,275,1030.74,335.38,217.34,510.31,1,-1,-1,-1
269,283,1548.43,422.31,92.82,281.09,1,-1,-1,-1
269,290,882.23,354.57,173.06,471.80,1,-1,-1,-1
270,284,1705.99,529.77,93.24,197.49,1,-1,-1,-1
270,287,1846.14,426.52,75.75,213.11,1,-1,-1,-1
270,281,1422.52,380.97,127.00,339.01,1,-1,-1,-1
270,286,1210.04,321.95,173.00,463.07,1,-1,-1,-1
270,275,1038.75,339.24,217.81,504.69,1,-1,-1,-1
270,283,1549.01,423.24,93.04,281.84,1,-1,-1,-1
270,290,895.66,352.82,166.07,469.83,1,-1,-1,-1
271,284,1709.84,530.39,93.53,195.59,1,-1,-1,-1
271,287,1847.93,422.63,73.78,215.16,1,-1,-1,-1
271,281,1424.96,380.45,126.33,336.82,1,-1,-1,-1
271,286,1218.46,321.48,170.99,463.62,1,-1,-1,-1
271,275,1045.91,341.18,220.95,495.35,1,-1,-1,-1
271,283,1547.92,420.50,93.90,284.12,1,-1,-1,-1
271,290,910.00,349.88,160.29,468.24,1,-1,-1,-1
272,284,1711.90,527.00,99.55,197.13,1,-1,-1,-1
272,287,1847.03,420.02,74.64,216.23,1,-1,-1,-1
272,281,1429.63,376.88,120.30,339.33,1,-1,-1,-1
272,286,1225.80,321.07,174.01,462.86,1,-1,-1,-1
272,275,1055.23,339.09,223.53,501.35,1,-1,-1,-1
272,283,1549.54,423.18,96.37,282.77,1,-1,-1,-1
272,290,924.81,346.41,161.72,477.22,1,-1,-1,-1
273,284,1714.39,526.66,105.24,197.88,1,-1,-1,-1
273,287,1850.05,421.95,71.49,212.92,1,-1,-1,-1
273,281,1434.82,373.48,113.16,341.11,1,-1,-1,-1
273,286,1232.14,318.04,179.00,465.79,1,-1,-1,-1
273,275,1072.80,336.25,215.05,502.26,1,-1,-1,-1
273,283,1551.58,426.00,99.11,283.04,1,-1,-1,-1
273,290,935.43,347.63,167.44,472.56,1,-1,-1,-1
274,284,1719.09,528.72,102.87,199.03,1,-1,-1,-1
274,287,1852.62,423.75,69.04,212.55,1,-1,-1,-1
274,281,1442.20,374.85,109.68,343.00,1,-1,-1,-1
274,286,1237.49,316.77,185.23,465.30,1,-1,-1,-1
274,275,1086.19,338.56,205.97,499.05,1,-1,-1,-1
274,283,1553.44,426.26,102.25,280.78,1,-1,-1,-1
274,290,943.03,353.19,177.22,466.52,1,-1,-1,-1
275,284,1723.96,530.51,101.15,198.90,1,-1,-1,-1
275,287,1853.01,423.14,68.41,214.06,1,-1,-1,-1
275,281,1449.40,375.85,105.83,338.17,1,-1,-1,-1
275,286,1248.79,318.83,185.42,457.77,1,-1,-1,-1
275,275,1102.71,334.10,193.44,501.97,1,-1,-1,-1
275,283,1554.92,427.36,101.92,278.38,1,-1,-1,-1
275,290,955.77,354.29,181.46,463.15,1,-1,-1,-1
276,284,1726.91,532.04,101.65,199.83,1,-1,-1,-1
276,287,1856.27,422.65,65.06,213.77,1,-1,-1,-1
276,281,1453.50,374.69,103.23,340.78,1,-1,-1,-1
276,286,1255.75,320.94,187.86,456.76,1,-1,-1,-1
276,275,1118.25,339.45,185.17,496.99,1,-1,-1,-1
276,283,1559.54,426.30,97.43,278.48,1,-1,-1,-1
276,290,963.83,355.80,185.19,460.20,1,-1,-1,-1
277,284,1729.01,529.38,101.02,204.19,1,-1,-1,-1
277,287,1859.37,422.06,61.91,215.14,1,-1,-1,-1
277,281,1457.08,375.83,106.09,333.54,1,-1,-1,-1
277,286,1258.90,320.10,197.17,461.41,1,-1,-1,-1
277,275,1136.37,336.19,181.49,494.37,1,-1,-1,-1
277,283,1560.57,430.38,103.79,276.17,1,-1,-1,-1
277,290,969.28,357.79,189.78,455.88,1,-1,-1,-1
278,284,1729.32,526.99,100.16,206.79,1,-1,-1,-1
278,287,1861.27,422.76,59.91,216.77,1,-1,-1,-1
278,281,1459.06,377.66,109.36,328.48,1,-1,-1,-1
278,286,1268.27,319.72,190.27,462.67,1,-1,-1,-1
278,275,1143.33,337.69,182.92,492.47,1,-1,-1,-1
278,283,1559.01,430.64,110.78,280.42,1,-1,-1,-1
278,290,983.02,363.46,181.31,447.35,1,-1,-1,-1
279,284,1728.25,525.94,100.74,208.42,1,-1,-1,-1
279,287,1864.01,424.09,57.15,215.08,1,-1,-1,-1
279,281,1460.79,380.40,113.01,325.08,1,-1,-1,-1
279,286,1278.22,326.43,186.05,448.20,1,-1,-1,-1
279,275,1157.42,332.71,175.81,491.67,1,-1,-1,-1
279,283,1560.57,429.32,113.34,281.31,1,-1,-1,-1
279,290,987.38,359.95,182.41,449.13,1,-1,-1,-1
280,284,1726.74,526.69,100.35,207.41,1,-1,-1,-1
280,287,1864.94,424.29,56.13,213.42,1,-1,-1,-1
280,281,1465.44,382.32,114.16,320.07,1,-1,-1,-1
280,286,1279.01,329.51,191.39,445.07,1,-1,-1,-1
280,275,1159.68,328.86,183.71,499.47,1,-1,-1,-1
280,283,1561.36,431.42,115.08,278.38,1,-1,-1,-1
280,290,995.98,356.64,174.72,451.25,1,-1,-1,-1
281,284,1724.38,526.35,101.44,205.60,1,-1,-1,-1
281,287,1867.84,421.52,53.32,215.40,1,-1,-1,-1
281,281,1470.18,384.03,113.65,319.12,1,-1,-1,-1
281,286,1285.58,329.08,191.67,439.24,1,-1,-1,-1
281,275,1165.46,333.71,193.96,495.15,1,-1,-1,-1
281,283,1567.17,439.38,114.41,268.73,1,-1,-1,-1
281,290,1001.12,355.13,169.80,448.59,1,-1,-1,-1
282,284,1721.01,525.98,104.41,208.05,1,-1,-1,-1
282,287,1870.69,419.92,50.39,214.16,1,-1,-1,-1
282,281,1472.25,384.66,113.33,320.45,1,-1,-1,-1
282,286,1302.13,333.60,175.90,433.74,1,-1,-1,-1
282,275,1180.18,340.60,194.94,488.29,1,-1,-1,-1
282,283,1570.68,448.28,115.32,257.64,1,-1,-1,-1
282,290,1016.36,354.85,159.01,441.21,1,-1,-1,-1
283,284,1718.49,524.59,107.46,210.46,1,-1,-1,-1
283,287,1871.70,418.71,49.40,214.35,1,-1,-1,-1
283,281,1476.18,385.56,112.82,317.38,1,-1,-1,-1
283,275,1189.72,343.35,196.30,486.13,1,-1,-1,-1
283,283,1571.58,453.44,114.96,252.95,1,-1,-1,-1
283,290,1026.25,356.57,154.21,436.16,1,-1,-1,-1
284,284,1715.78,522.94,107.30,212.73,1,-1,-1,-1
284,287,1872.60,418.20,48.43,215.22,1,-1,-1,-1
284,281,1479.50,387.72,114.87,313.30,1,-1,-1,-1
284,275,1201.22,346.64,193.10,478.88,1,-1,-1,-1
284,283,1574.22,457.76,113.97,247.23,1,-1,-1,-1
284,290,1036.22,358.77,153.98,433.59,1,-1,-1,-1
285,284,1711.97,524.08,110.15,211.92,1,-1,-1,-1
285,287,1874.45,416.62,46.59,217.93,1,-1,-1,-1
285,281,1483.47,385.59,114.74,316.55,1,-1,-1,-1
285,275,1211.10,347.83,189.97,478.80,1,-1,-1,-1
285,283,1576.06,460.43,116.70,243.22,1,-1,-1,-1
285,290,1041.09,361.84,160.66,429.90,1,-1,-1,-1
286,284,1708.82,524.83,110.09,212.42,1,-1,-1,-1
286,287,1875.29,412.78,45.74,223.22,1,-1,-1,-1
286,281,1488.33,383.21,117.05,320.54,1,-1,-1,-1
286,275,1219.94,347.24,190.19,476.60,1,-1,-1,-1
286,283,1578.41,467.66,117.69,235.67,1,-1,-1,-1
286,290,1050.95,361.10,162.13,429.32,1,-1,-1,-1
287,284,1705.16,524.51,113.11,212.17,1,-1,-1,-1
287,287,1875.02,414.20,45.93,219.25,1,-1,-1,-1
287,281,1497.30,381.96,112.69,319.43,1,-1,-1,-1
287,275,1233.31,349.65,189.57,466.20,1,-1,-1,-1
287,283,1578.20,471.74,119.08,234.06,1,-1,-1,-1
287,290,1059.13,362.41,164.07,429.73,1,-1,-1,-1
288,284,1700.50,523.84,117.01,212.64,1,-1,-1,-1
288,281,1502.11,381.90,111.46,321.79,1,-1,-1,-1
288,275,1242.71,349.18,188.43,464.30,1,-1,-1,-1
288,283,1581.29,478.65,117.03,226.60,1,-1,-1,-1
288,290,1061.67,360.16,174.19,433.26,1,-1,-1,-1
289,284,1697.69,524.38,117.75,211.34,1,-1,-1,-1
289,281,1507.09,381.46,113.66,322.62,1,-1,-1,-1
289,275,1253.34,347.15,186.46,464.50,1,-1,-1,-1
289,283,1584.48,483.53,114.18,219.26,1,-1,-1,-1
289,290,1068.49,367.42,175.36,425.25,1,-1,-1,-1
290,284,1697.22,525.26,115.32,208.97,1,-1,-1,-1
290,281,1511.83,381.24,113.83,323.57,1,-1,-1,-1
290,275,1264.58,344.78,185.09,462.04,1,-1,-1,-1
290,283,1585.88,492.36,114.07,210.91,1,-1,-1,-1
290,290,1072.58,362.55,175.86,430.06,1,-1,-1,-1
291,284,1697.72,523.19,114.12,211.04,1,-1,-1,-1
291,281,1516.32,384.30,110.47,317.73,1,-1,-1,-1
291,275,1275.58,346.58,185.35,461.63,1,-1,-1,-1
291,283,1586.11,495.41,115.08,206.74,1,-1,-1,-1
291,290,1076.61,360.92,171.50,433.42,1,-1,-1,-1
292,284,1697.41,521.95,112.98,216.11,1,-1,-1,-1
292,281,1522.33,384.30,112.87,315.49,1,-1,-1,-1
292,275,1288.74,349.00,181.62,458.42,1,-1,-1,-1
292,283,1591.46,498.20,112.75,206.07,1,-1,-1,-1
292,290,1079.05,369.62,166.54,426.46,1,-1,-1,-1
293,284,1696.99,524.77,113.05,212.43,1,-1,-1,-1
293,281,1527.11,383.52,114.69,313.27,1,-1,-1,-1
293,275,1295.81,351.33,183.87,452.62,1,-1,-1,-1
293,283,1593.03,500.56,112.17,206.39,1,-1,-1,-1
293,290,1080.47,367.51,161.81,427.70,1,-1,-1,-1
294,284,1692.58,524.34,115.29,213.73,1,-1,-1,-1
294,281,1534.15,390.12,126.21,306.28,1,-1,-1,-1
294,275,1302.41,354.44,186.30,442.46,1,-1,-1,-1
294,283,1593.41,506.09,112.87,201.87,1,-1,-1,-1
294,290,1089.07,367.06,151.67,422.89,1,-1,-1,-1
294,287,1881.92,424.55,39.26,188.47,1,-1,-1,-1
295,284,1693.79,523.58,114.24,210.32,1,-1,-1,-1
295,281,1542.41,397.61,118.96,288.59,1,-1,-1,-1
295,275,1309.80,360.93,186.21,435.19,1,-1,-1,-1
295,283,1588.50,504.77,119.22,203.30,1,-1,-1,-1
295,290,1091.90,366.35,149.54,416.36,1,-1,-1,-1
295,287,1881.89,424.86,39.24,190.47,1,-1,-1,-1
296,284,1694.20,524.74,111.56,208.61,1,-1,-1,-1
296,281,1549.43,398.43,112.11,290.15,1,-1,-1,-1
296,275,1317.79,362.38,187.65,433.56,1,-1,-1,-1
296,283,1589.24,509.10,120.42,195.83,1,-1,-1,-1
296,290,1095.86,369.11,151.21,411.74,1,-1,-1,-1
296,287,1881.91,425.55,39.30,191.33,1,-1,-1,-1
297,284,1693.44,522.94,109.71,212.34,1,-1,-1,-1
297,275,1330.34,359.19,184.57,435.48,1,-1,-1,-1
297,283,1588.48,514.90,121.24,188.71,1,-1,-1,-1
297,290,1107.95,369.87,140.65,405.89,1,-1,-1,-1
297,287,1881.47,425.40,39.59,195.12,1,-1,-1,-1
297,292,1225.35,355.61,138.45,401.51,1,-1,-1,-1
298,284,1691.67,523.11,109.56,212.09,1,-1,-1,-1
298,275,1340.07,357.01,181.80,435.08,1,-1,-1,-1
298,283,1588.70,516.29,121.13,188.41,1,-1,-1,-1
298,290,1112.49,369.77,140.85,405.23,1,-1,-1,-1
298,287,1881.57,424.78,39.52,197.91,1,-1,-1,-1
298,292,1234.02,351.57,136.61,404.15,1,-1,-1,-1
299,284,1695.13,523.50,103.52,212.30,1,-1,-1,-1
299,275,1351.62,358.19,178.18,431.19,1,-1,-1,-1
299,283,1588.26,515.97,121.97,188.97,1,-1,-1,-1
299,290,1119.91,368.95,139.70,407.42,1,-1,-1,-1
299,287,1881.89,423.25,39.10,197.34,1,-1,-1,-1
299,292,1238.67,356.31,142.10,393.83,1,-1,-1,-1
300,284,1696.95,523.48,101.78,210.01,1,-1,-1,-1
300,275,1355.53,357.02,180.61,434.67,1,-1,-1,-1
300,283,1591.06,513.80,118.79,190.45,1,-1,-1,-1
300,290,1126.63,370.23,139.57,406.56,1,-1,-1,-1
300,287,1881.77,422.55,39.28,196.42,1,-1,-1,-1
300,292,1242.06,356.61,145.53,391.28,1,-1,-1,-1
301,284,1697.22,523.16,99.76,210.79,1,-1,-1,-1
301,275,1361.50,353.79,177.63,439.90,1,-1,-1,-1
301,283,1593.30,516.91,116.34,184.90,1,-1,-1,-1
301,290,1133.35,372.31,140.34,400.80,1,-1,-1,-1
301,287,1881.98,423.22,39.10,195.56,1,-1,-1,-1
301,292,1254.33,351.93,133.39,394.27,1,-1,-1,-1
302,284,1697.51,524.35,99.05,207.84,1,-1,-1,-1
302,275,1366.80,352.69,176.72,438.36,1,-1,-1,-1
302,283,1592.03,512.68,116.40,189.02,1,-1,-1,-1
302,290,1139.66,373.19,145.09,395.98,1,-1,-1,-1
302,287,1881.16,425.86,39.84,189.87,1,-1,-1,-1
302,292,1257.64,357.26,119.27,384.57,1,-1,-1,-1
303,284,1697.92,525.17,99.38,206.72,1,-1,-1,-1
303,275,1371.57,351.35,175.30,434.14,1,-1,-1,-1
303,283,1592.41,508.80,115.57,192.63,1,-1,-1,-1
303,290,1142.61,371.91,151.24,400.31,1,-1,-1,-1
303,287,1881.55,427.94,39.59,187.03,1,-1,-1,-1
303,292,1260.87,365.12,104.29,375.26,1,-1,-1,-1
304,284,1698.27,526.17,99.53,206.25,1,-1,-1,-1
304,275,1375.88,351.63,174.60,428.41,1,-1,-1,-1
304,283,1590.80,506.73,118.31,194.71,1,-1,-1,-1
304,290,1152.52,369.74,150.53,398.01,1,-1,-1,-1
304,287,1881.54,429.87,39.57,187.43,1,-1,-1,-1
304,292,1272.34,361.70,104.71,378.35,1,-1,-1,-1
305,284,1699.76,525.67,98.82,207.81,1,-1,-1,-1
305,275,1377.93,352.59,176.92,427.75,1,-1,-1,-1
305,283,1590.55,508.34,119.86,197.99,1,-1,-1,-1
305,290,1156.30,372.81,147.09,397.22,1,-1,-1,-1
305,287,1881.24,430.87,39.90,190.36,1,-1,-1,-1
305,292,1275.60,357.48,107.74,386.70,1,-1,-1,-1
306,284,1701.32,524.60,98.79,208.15,1,-1,-1,-1
306,275,1381.36,355.52,174.76,424.32,1,-1,-1,-1
306,283,1589.84,502.01,119.25,202.61,1,-1,-1,-1
306,290,1158.78,371.67,143.92,397.53,1,-1,-1,-1
306,287,1881.52,431.34,39.63,193.60,1,-1,-1,-1
306,292,1278.11,353.40,113.13,390.86,1,-1,-1,-1
307,284,1698.44,523.10,100.26,209.81,1,-1,-1,-1
307,275,1386.80,359.63,172.36,422.80,1,-1,-1,-1
307,283,1586.99,499.81,121.97,204.39,1,-1,-1,-1
307,290,1164.93,372.29,141.28,392.95,1,-1,-1,-1
307,287,1881.96,431.91,39.19,194.98,1,-1,-1,-1
307,292,1284.42,354.02,113.34,388.99,1,-1,-1,-1
308,284,1697.82,523.03,98.32,211.02,1,-1,-1,-1
308,275,1390.24,365.52,171.17,419.77,1,-1,-1,-1
308,283,1588.86,496.51,118.35,211.09,1,-1,-1,-1
308,290,1167.25,374.70,135.19,392.41,1,-1,-1,-1
308,287,1882.98,432.86,38.17,192.93,1,-1,-1,-1
308,292,1290.51,356.07,112.58,386.62,1,-1,-1,-1
309,284,1695.88,524.26,98.32,209.09,1,-1,-1,-1
309,275,1394.93,363.09,173.67,421.23,1,-1,-1,-1
309,283,1585.77,490.72,120.75,216.79,1,-1,-1,-1
309,290,1171.01,376.82,135.38,386.88,1,-1,-1,-1
309,287,1883.91,432.54,37.11,195.80,1,-1,-1,-1
309,292,1291.92,359.37,114.16,381.28,1,-1,-1,-1
310,284,1694.79,524.25,98.55,209.03,1,-1,-1,-1
310,275,1400.37,363.38,172.46,416.70,1,-1,-1,-1
310,283,1586.03,491.08,118.30,215.91,1,-1,-1,-1
310,290,1175.01,377.45,134.03,384.63,1,-1,-1,-1
310,292,1296.13,359.17,112.46,384.23,1,-1,-1,-1
311,284,1695.32,524.74,97.72,207.54,1,-1,-1,-1
311,275,1410.48,368.75,168.30,406.06,1,-1,-1,-1
311,283,1585.73,484.36,116.74,223.76,1,-1,-1,-1
311,290,1176.62,377.89,134.32,377.74,1,-1,-1,-1
311,292,1298.16,362.11,112.81,378.64,1,-1,-1,-1
312,284,1694.72,524.09,97.49,207.97,1,-1,-1,-1
312,275,1413.67,366.86,167.30,407.94,1,-1,-1,-1
312,283,1586.21,480.45,116.48,226.68,1,-1,-1,-1
312,290,1176.49,377.04,138.21,380.21,1,-1,-1,-1
312,292,1299.59,359.89,116.57,375.38,1,-1,-1,-1
313,284,1694.07,525.34,98.15,206.88,1,-1,-1,-1
313,275,1414.66,365.36,165.22,408.39,1,-1,-1,-1
313,283,1587.30,476.04,111.01,231.19,1,-1,-1,-1
313,290,1178.40,381.05,142.82,377.15,1,-1,-1,-1
313,292,1303.40,357.34,117.58,377.42,1,-1,-1,-1
314,284,1690.70,523.28,101.58,209.60,1,-1,-1,-1
314,275,1418.41,361.03,162.69,414.50,1,-1,-1,-1
314,283,1586.94,473.42,109.62,233.57,1,-1,-1,-1
314,290,1179.66,380.80,148.51,374.63,1,-1,-1,-1
314,292,1305.96,364.74,115.15,371.73,1,-1,-1,-1
315,284,1690.62,525.34,99.35,208.11,1,-1,-1,-1
315,275,1418.65,361.76,163.06,411.83,1,-1,-1,-1
315,283,1587.08,472.21,107.66,234.09,1,-1,-1,-1
315,290,1182.69,383.78,148.02,369.91,1,-1,-1,-1
315,292,1307.48,365.31,116.56,371.18,1,-1,-1,-1
316,284,1690.34,526.32,99.33,206.80,1,-1,-1,-1
316,275,1413.16,360.83,168.16,410.53,1,-1,-1,-1
316,283,1586.24,467.51,109.05,238.51,1,-1,-1,-1
316,290,1185.15,384.73,147.00,370.03,1,-1,-1,-1
316,292,1309.90,365.89,119.59,368.69,1,-1,-1,-1
317,284,1688.78,526.15,100.59,205.14,1,-1,-1,-1
317,275,1420.80,363.59,165.31,407.93,1,-1,-1,-1
317,283,1585.30,462.00,110.60,246.38,1,-1,-1,-1
317,290,1189.37,383.18,147.86,369.26,1,-1,-1,-1
317,292,1310.78,369.20,122.85,360.20,1,-1,-1,-1
318,284,1686.10,524.53,101.87,208.40,1,-1,-1,-1
318,275,1423.27,369.75,164.16,398.42,1,-1,-1,-1
318,283,1584.33,460.97,109.02,250.59,1,-1,-1,-1
318,290,1192.68,381.24,148.70,372.63,1,-1,-1,-1
318,292,1310.82,365.05,124.94,363.51,1,-1,-1,-1
319,284,1684.24,524.18,102.59,207.87,1,-1,-1,-1
319,275,1428.81,365.19,163.93,402.20,1,-1,-1,-1
319,283,1581.92,454.06,109.89,254.99,1,-1,-1,-1
319,290,1196.99,383.37,149.64,369.04,1,-1,-1,-1
319,292,1313.91,363.93,126.95,363.59,1,-1,-1,-1
320,284,1680.59,521.99,103.05,212.16,1,-1,-1,-1
320,275,1433.84,374.54,165.65,394.12,1,-1,-1,-1
320,283,1584.20,451.46,105.45,256.33,1,-1,-1,-1
320,290,1200.65,385.72,149.18,366.23,1,-1,-1,-1
320,292,1318.10,365.60,123.83,365.49,1,-1,-1,-1
321,284,1679.19,524.05,105.00,210.63,1,-1,-1,-1
321,275,1440.87,369.35,163.22,396.96,1,-1,-1,-1
321,283,1586.60,448.42,103.04,261.10,1,-1,-1,-1
321,290,1206.32,386.90,147.34,367.64,1,-1,-1,-1
321,292,1317.67,368.72,124.32,356.73,1,-1,-1,-1
322,284,1675.59,523.66,106.64,214.11,1,-1,-1,-1
322,275,1450.30,366.62,157.60,399.85,1,-1,-1,-1
322,283,1585.14,450.26,105.23,256.53,1,-1,-1,-1
322,290,1212.52,385.28,147.43,369.41,1,-1,-1,-1
323,284,1672.73,525.77,110.52,211.41,1,-1,-1,-1
323,275,1453.87,365.72,155.71,398.30,1,-1,-1,-1
323,283,1585.64,440.48,103.00,265.45,1,-1,-1,-1
323,290,1218.38,385.51,146.33,367.56,1,-1,-1,-1
324,284,1669.93,526.08,112.11,210.07,1,-1,-1,-1
324,275,1447.90,366.79,164.39,395.44,1,-1,-1,-1
324,283,1586.78,436.45,101.86,273.97,1,-1,-1,-1
324,290,1227.25,385.15,143.34,363.57,1,-1,-1,-1
325,284,1668.37,525.88,112.96,209.04,1,-1,-1,-1
325,275,1443.93,365.74,168.47,387.33,1,-1,-1,-1
325,283,1587.44,432.94,102.34,277.76,1,-1,-1,-1
325,290,1230.82,383.61,144.81,360.88,1,-1,-1,-1
326,284,1668.27,526.42,113.78,205.16,1,-1,-1,-1
326,275,1441.49,365.88,172.28,383.78,1,-1,-1,-1
326,283,1589.64,428.28,104.75,281.20,1,-1,-1,-1
326,290,1236.05,382.62,143.25,359.16,1,-1,-1,-1
327,284,1667.85,523.85,111.60,208.44,1,-1,-1,-1
327,275,1442.08,372.44,172.66,379.03,1,-1,-1,-1
327,283,1592.76,422.02,102.06,281.25,1,-1,-1,-1
327,290,1241.25,382.56,139.97,358.00,1,-1,-1,-1
328,284,1668.06,523.28,109.04,209.78,1,-1,-1,-1
328,275,1443.28,374.06,170.16,379.19,1,-1,-1,-1
328,283,1593.73,419.26,99.75,287.17,1,-1,-1,-1
328,290,1243.84,382.97,140.58,357.34,1,-1,-1,-1
328,293,1163.83,402.86,127.85,319.48,1,-1,-1,-1
329,284,1668.83,526.00,107.24,205.06,1,-1,-1,-1
329,275,1446.74,373.47,164.08,378.72,1,-1,-1,-1
329,283,1595.83,413.37,97.70,295.21,1,-1,-1,-1
329,290,1247.82,383.95,138.83,356.45,1,-1,-1,-1
329,293,1157.43,401.50,134.65,322.53,1,-1,-1,-1
330,284,1671.07,525.96,103.97,203.34,1,-1,-1,-1
330,275,1449.39,372.79,159.63,378.46,1,-1,-1,-1
330,283,1598.50,409.05,96.11,300.73,1,-1,-1,-1
330,290,1251.74,383.95,140.26,355.54,1,-1,-1,-1
330,293,1152.19,401.06,140.94,321.06,1,-1,-1,-1
331,284,1671.76,526.57,102.48,203.79,1,-1,-1,-1
331,275,1449.74,379.43,156.39,373.61,1,-1,-1,-1
331,283,1601.79,408.37,92.47,297.58,1,-1,-1,-1
331,290,1256.87,386.09,140.54,352.68,1,-1,-1,-1
331,293,1149.96,400.62,145.06,321.70,1,-1,-1,-1
332,284,1674.18,527.60,98.08,204.49,1,-1,-1,-1
332,275,1450.75,383.41,151.77,369.01,1,-1,-1,-1
332,283,1603.61,406.89,95.33,302.05,1,-1,-1,-1
332,290,1263.32,392.84,139.90,349.34,1,-1,-1,-1
332,293,1148.41,399.30,146.38,322.17,1,-1,-1,-1
333,284,1676.40,527.53,93.93,205.85,1,-1,-1,-1
333,275,1450.26,384.09,150.30,366.72,1,-1,-1,-1
333,283,1604.51,406.01,100.53,301.71,1,-1,-1,-1
333,290,1268.36,388.48,138.99,351.62,1,-1,-1,-1
333,293,1149.21,393.39,144.01,335.21,1,-1,-1,-1
333,294,1705.34,402.39,99.95,264.12,1,-1,-1,-1
334,284,1677.80,528.74,92.61,206.30,1,-1,-1,-1
334,275,1449.66,381.14,147.74,367.62,1,-1,-1,-1
334,283,1608.97,404.76,107.32,292.79,1,-1,-1,-1
334,290,1271.91,394.58,140.66,336.02,1,-1,-1,-1
334,293,1148.97,391.14,142.60,342.00,1,-1,-1,-1
334,294,1711.43,398.53,98.65,266.04,1,-1,-1,-1
335,284,1680.05,530.41,89.55,204.92,1,-1,-1,-1
335,275,1449.27,381.47,147.27,365.03,1,-1,-1,-1
335,283,1608.71,405.37,111.22,288.24,1,-1,-1,-1
335,290,1278.97,396.01,137.61,336.46,1,-1,-1,-1
335,293,1147.89,391.26,142.05,344.11,1,-1,-1,-1
335,294,1720.68,400.74,84.36,262.28,1,-1,-1,-1
336,284,1681.52,530.06,87.81,204.20,1,-1,-1,-1
336,275,1448.59,381.66,148.97,363.20,1,-1,-1,-1
336,283,1610.90,404.34,114.94,294.43,1,-1,-1,-1
336,290,1283.68,397.00,135.73,336.76,1,-1,-1,-1
336,293,1145.32,397.14,144.75,329.53,1,-1,-1,-1
336,294,1724.27,404.66,87.98,260.58,1,-1,-1,-1
337,284,1683.32,527.07,84.39,205.92,1,-1,-1,-1
337,275,1447.18,378.77,147.92,365.07,1,-1,-1,-1
337,283,1612.29,399.18,125.62,302.34,1,-1,-1,-1
337,290,1290.33,398.40,133.24,332.30,1,-1,-1,-1
337,293,1143.32,399.41,144.43,326.91,1,-1,-1,-1
337,294,1727.46,403.68,91.58,261.32,1,-1,-1,-1
338,284,1684.74,528.53,82.60,203.99,1,-1,-1,-1
338,275,1446.60,382.21,147.83,362.44,1,-1,-1,-1
338,283,1614.49,397.85,128.43,306.19,1,-1,-1,-1
338,290,1295.34,397.56,133.21,335.39,1,-1,-1,-1
338,293,1141.65,401.47,145.62,323.70,1,-1,-1,-1
338,294,1729.31,405.85,88.56,256.66,1,-1,-1,-1
339,284,1683.73,526.24,84.49,205.67,1,-1,-1,-1
339,275,1445.83,383.42,147.04,362.67,1,-1,-1,-1
339,283,1616.16,400.76,139.39,306.17,1,-1,-1,-1
339,290,1301.06,395.42,134.03,336.64,1,-1,-1,-1
339,293,1142.59,395.53,145.30,339.65,1,-1,-1,-1
339,294,1732.95,403.03,88.17,267.46,1,-1,-1,-1
340,284,1682.59,526.26,86.87,205.03,1,-1,-1,-1
340,275,1445.58,381.75,147.23,361.80,1,-1,-1,-1
340,283,1615.64,403.52,142.58,306.75,1,-1,-1,-1
340,290,1303.88,395.33,133.62,336.67,1,-1,-1,-1
340,293,1143.52,392.72,144.83,345.97,1,-1,-1,-1
340,294,1737.23,402.13,94.32,264.50,1,-1,-1,-1
341,284,1681.52,529.48,87.98,200.79,1,-1,-1,-1
341,275,1446.02,381.21,145.45,360.81,1,-1,-1,-1
341,290,1310.02,398.11,128.61,333.05,1,-1,-1,-1
341,293,1142.85,396.96,144.78,334.23,1,-1,-1,-1
341,294,1738.84,402.71,103.65,262.42,1,-1,-1,-1
342,284,1679.78,526.13,89.36,203.67,1,-1,-1,-1
342,275,1446.84,383.20,147.08,359.85,1,-1,-1,-1
342,290,1313.96,396.09,131.19,331.35,1,-1,-1,-1
342,293,1141.78,390.65,145.58,346.81,1,-1,-1,-1
342,294,1742.47,405.38,110.77,254.36,1,-1,-1,-1
343,284,1675.81,520.47,92.02,208.51,1,-1,-1,-1
343,275,1449.10,387.78,147.26,350.79,1,-1,-1,-1
343,290,1317.29,392.19,134.48,334.05,1,-1,-1,-1
343,293,1140.59,386.93,146.40,353.14,1,-1,-1,-1
343,294,1748.32,404.40,110.30,256.02,1,-1,-1,-1
344,284,1674.20,511.72,96.82,215.27,1,-1,-1,-1
344,275,1452.46,389.87,145.57,346.06,1,-1,-1,-1
344,290,1319.76,392.03,136.72,332.02,1,-1,-1,-1
344,293,1138.79,384.47,145.69,357.02,1,-1,-1,-1
344,294,1750.91,403.82,104.12,256.20,1,-1,-1,-1
345,284,1677.53,518.73,93.44,208.16,1,-1,-1,-1
345,275,1454.12,390.08,143.45,345.17,1,-1,-1,-1
345,290,1326.51,398.31,135.96,320.97,1,-1,-1,-1
345,293,1138.46,382.29,145.61,361.06,1,-1,-1,-1
345,294,1754.09,403.67,99.62,258.80,1,-1,-1,-1
346,284,1677.85,519.67,91.06,208.67,1,-1,-1,-1
346,275,1454.82,389.51,145.16,345.82,1,-1,-1,-1
346,290,1331.00,397.45,135.74,325.36,1,-1,-1,-1
346,293,1136.03,384.13,145.68,362.46,1,-1,-1,-1
346,294,1753.18,401.12,101.22,261.83,1,-1,-1,-1
347,284,1678.20,523.71,89.26,206.40,1,-1,-1,-1
347,275,1457.77,393.97,145.04,337.97,1,-1,-1,-1
347,290,1335.77,398.50,134.49,324.95,1,-1,-1,-1
347,293,1133.50,383.20,149.16,364.39,1,-1,-1,-1
347,294,1755.44,399.60,99.10,263.83,1,-1,-1,-1
348,284,1675.81,526.60,91.86,205.34,1,-1,-1,-1
348,275,1460.52,392.54,145.88,339.86,1,-1,-1,-1
348,290,1341.18,399.96,132.29,322.92,1,-1,-1,-1
348,293,1128.23,386.70,153.19,363.83,1,-1,-1,-1
348,294,1754.62,403.21,101.60,260.55,1,-1,-1,-1
349,284,1676.91,528.37,89.72,202.61,1,-1,-1,-1
349,275,1463.25,393.32,145.85,339.30,1,-1,-1,-1
349,290,1346.84,402.62,130.57,320.48,1,-1,-1,-1
349,293,1127.47,385.51,153.17,366.00,1,-1,-1,-1
349,294,1756.23,402.31,100.65,260.01,1,-1,-1,-1
350,284,1677.75,529.22,89.51,202.41,1,-1,-1,-1
350,275,1463.94,394.43,145.61,333.95,1,-1,-1,-1
350,290,1353.85,406.05,129.04,320.92,1,-1,-1,-1
350,293,1127.79,384.37,151.56,369.73,1,-1,-1,-1
350,294,1760.38,405.01,100.74,256.79,1,-1,-1,-1
350,283,1690.92,398.20,118.33,291.03,1,-1,-1,-1
351,284,1677.89,526.76,88.62,205.19,1,-1,-1,-1
351,275,1466.04,395.57,144.44,330.87,1,-1,-1,-1
351,290,1359.06,407.57,129.20,321.19,1,-1,-1,-1
351,293,1126.67,383.11,150.81,372.29,1,-1,-1,-1
351,294,1764.39,405.14,94.33,252.57,1,-1,-1,-1
351,283,1698.07,399.17,113.82,293.50,1,-1,-1,-1
352,284,1677.98,525.97,89.76,205.07,1,-1,-1,-1
352,275,1468.13,394.14,146.66,326.90,1,-1,-1,-1
352,290,1363.36,407.36,129.01,315.59,1,-1,-1,-1
352,293,1124.53,386.31,151.74,365.26,1,-1,-1,-1
353,284,1675.64,528.85,90.65,201.90,1,-1,-1,-1
353,275,1472.38,393.67,143.34,328.44,1,-1,-1,-1
353,290,1367.73,410.66,127.88,305.16,1,-1,-1,-1
353,293,1120.60,380.25,156.14,375.21,1,-1,-1,-1
353,283,1699.92,393.00,113.58,315.97,1,-1,-1,-1
354,284,1673.93,530.15,90.99,201.91,1,-1,-1,-1
354,275,1477.08,393.62,139.08,326.24,1,-1,-1,-1
354,290,1373.05,409.02,127.55,300.27,1,-1,-1,-1
354,293,1119.45,380.84,153.74,370.50,1,-1,-1,-1
354,283,1702.08,390.89,111.30,320.03,1,-1,-1,-1
355,284,1674.69,527.35,91.86,206.19,1,-1,-1,-1
355,275,1482.16,393.92,138.73,323.35,1,-1,-1,-1
355,290,1376.73,407.32,128.06,299.17,1,-1,-1,-1
355,293,1114.79,374.84,158.78,381.11,1,-1,-1,-1
355,283,1709.31,385.51,108.92,334.88,1,-1,-1,-1
356,284,1674.92,525.66,93.10,208.11,1,-1,-1,-1
356,275,1486.03,396.00,136.56,321.59,1,-1,-1,-1
356,290,1379.89,406.11,127.66,301.51,1,-1,-1,-1
356,293,1112.31,372.95,159.39,383.09,1,-1,-1,-1
356,283,1712.47,386.07,108.05,331.23,1,-1,-1,-1
357,284,1676.97,526.66,92.01,207.73,1,-1,-1,-1
357,275,1489.39,391.15,134.26,327.52,1,-1,-1,-1
357,290,1386.79,411.76,126.89,301.90,1,-1,-1,-1
357,293,1109.97,370.64,160.32,387.32,1,-1,-1,-1
357,283,1716.93,386.44,108.10,331.70,1,-1,-1,-1
358,284,1680.20,525.74,91.10,209.73,1,-1,-1,-1
358,275,1491.41,398.28,134.24,315.87,1,-1,-1,-1
358,290,1391.21,413.22,128.67,302.49,1,-1,-1,-1
358,293,1107.44,370.43,161.28,388.59,1,-1,-1,-1
358,283,1720.16,388.83,109.39,327.14,1,-1,-1,-1
359,284,1683.21,525.94,91.50,209.81,1,-1,-1,-1
359,275,1492.47,398.88,133.35,319.67,1,-1,-1,-1
359,290,1394.49,408.77,129.48,307.56,1,-1,-1,-1
359,293,1105.37,369.98,160.89,389.76,1,-1,-1,-1
359,283,1723.48,387.24,108.03,327.44,1,-1,-1,-1
360,284,1688.49,526.50,94.44,210.78,1,-1,-1,-1
360,275,1496.99,399.10,133.23,322.22,1,-1,-1,-1
360,290,1399.59,407.83,129.90,310.60,1,-1,-1,-1
360,293,1102.93,368.38,161.87,394.04,1,-1,-1,-1
360,283,1727.36,387.41,107.15,324.43,1,-1,-1,-1
361,284,1692.24,527.70,101.08,210.31,1,-1,-1,-1
361,275,1500.03,398.37,133.87,322.66,1,-1,-1,-1
361,290,1404.84,408.52,127.60,308.77,1,-1,-1,-1
361,293,1101.80,368.95,162.18,394.02,1,-1,-1,-1
361,283,1731.15,387.46,105.89,315.68,1,-1,-1,-1
362,284,1699.40,523.29,102.59,212.77,1,-1,-1,-1
362,275,1507.07,398.54,131.96,317.74,1,-1,-1,-1
362,290,1409.17,408.05,128.01,307.52,1,-1,-1,-1
362,293,1100.32,369.57,162.75,394.01,1,-1,-1,-1
362,283,1738.73,389.35,105.04,319.87,1,-1,-1,-1
363,284,1705.40,521.35,104.94,214.72,1,-1,-1,-1
363,275,1510.52,397.64,134.20,314.90,1,-1,-1,-1
363,290,1415.32,411.78,126.50,296.77,1,-1,-1,-1
363,293,1099.40,370.63,163.64,394.21,1,-1,-1,-1
364,284,1711.39,520.29,104.64,217.00,1,-1,-1,-1
364,275,1515.99,396.02,133.39,313.16,1,-1,-1,-1
364,290,1419.56,410.34,128.39,297.43,1,-1,-1,-1
364,293,1098.74,371.06,164.46,395.59,1,-1,-1,-1
365,284,1717.96,519.70,106.24,218.45,1,-1,-1,-1
365,275,1521.07,397.71,133.04,315.39,1,-1,-1,-1
365,290,1423.18,408.18,129.30,303.66,1,-1,-1,-1
365,293,1097.97,368.78,163.36,401.46,1,-1,-1,-1
366,284,1724.56,519.36,108.95,219.62,1,-1,-1,-1
366,275,1527.00,399.12,131.64,311.75,1,-1,-1,-1
366,290,1427.26,408.07,128.18,300.93,1,-1,-1,-1
366,293,1096.96,367.38,164.66,404.45,1,-1,-1,-1
366,295,1.55,210.10,187.00,782.71,1,-1,-1,-1
367,284,1727.54,520.02,117.92,222.33,1,-1,-1,-1
367,275,1535.02,401.42,129.55,312.90,1,-1,-1,-1
367,290,1427.48,408.21,127.50,299.19,1,-1,-1,-1
367,293,1098.67,360.64,161.33,413.32,1,-1,-1,-1
367,295,1.37,211.07,193.46,793.19,1,-1,-1,-1
368,284,1738.31,523.98,113.66,219.34,1,-1,-1,-1
368,275,1538.62,407.64,131.60,307.57,1,-1,-1,-1
368,290,1427.76,406.54,125.12,299.85,1,-1,-1,-1
368,293,1097.42,357.78,160.88,418.35,1,-1,-1,-1
368,295,6.00,236.05,189.41,765.20,1,-1,-1,-1
369,284,1746.40,522.64,112.34,220.97,1,-1,-1,-1
369,275,1543.11,408.05,130.89,307.26,1,-1,-1,-1
369,290,1432.48,406.00,125.68,297.53,1,-1,-1,-1
369,293,1095.36,356.61,161.53,419.61,1,-1,-1,-1
369,295,12.72,243.29,232.54,751.79,1,-1,-1,-1
370,284,1755.19,520.39,113.24,223.71,1,-1,-1,-1
370,275,1546.12,407.39,132.11,301.19,1,-1,-1,-1
370,290,1439.52,407.44,125.57,294.21,1,-1,-1,-1
370,293,1091.92,359.23,161.44,424.47,1,-1,-1,-1
370,295,20.41,248.57,274.61,744.16,1,-1,-1,-1
371,284,1764.25,521.00,111.99,219.89,1,-1,-1,-1
371,275,1552.70,402.75,133.00,306.12,1,-1,-1,-1
371,290,1445.96,409.86,122.78,292.03,1,-1,-1,-1
371,293,1088.15,359.37,162.16,428.35,1,-1,-1,-1
371,295,31.00,251.65,321.26,737.35,1,-1,-1,-1
372,284,1775.78,521.42,108.03,222.01,1,-1,-1,-1
372,275,1559.54,404.04,129.84,306.70,1,-1,-1,-1
372,290,1453.19,409.87,121.66,292.39,1,-1,-1,-1
372,293,1083.53,357.28,163.20,430.29,1,-1,-1,-1
372,295,34.64,253.84,375.46,731.52,1,-1,-1,-1
373,284,1788.53,521.14,101.54,222.04,1,-1,-1,-1
373,275,1567.02,405.61,129.19,302.78,1,-1,-1,-1
373,290,1454.51,408.31,122.61,296.74,1,-1,-1,-1
373,293,1079.51,357.83,163.20,430.42,1,-1,-1,-1
373,295,43.35,261.20,400.04,717.94,1,-1,-1,-1
374,284,1798.50,517.04,102.38,227.41,1,-1,-1,-1
374,275,1572.33,407.67,129.86,300.72,1,-1,-1,-1
374,290,1459.31,410.91,122.29,290.65,1,-1,-1,-1
374,293,1074.94,359.23,165.68,430.74,1,-1,-1,-1
374,295,44.65,270.52,423.10,706.29,1,-1,-1,-1
374,296,1691.45,427.19,103.39,235.06,1,-1,-1,-1
375,284,1808.37,519.99,100.64,222.28,1,-1,-1,-1
375,275,1579.23,407.00,129.48,300.39,1,-1,-1,-1
375,290,1464.24,413.88,121.80,288.13,1,-1,-1,-1
375,293,1070.88,360.16,166.20,431.42,1,-1,-1,-1
375,295,57.11,270.15,430.29,693.06,1,-1,-1,-1
375,296,1694.74,425.79,96.03,234.43,1,-1,-1,-1
376,284,1818.06,522.41,97.87,218.53,1,-1,-1,-1
376,275,1585.46,406.57,128.11,298.49,1,-1,-1,-1
376,290,1468.06,414.82,122.32,286.95,1,-1,-1,-1
376,293,1067.76,359.34,167.59,433.95,1,-1,-1,-1
376,295,72.56,273.60,429.10,675.38,1,-1,-1,-1
376,296,1702.14,422.98,88.55,236.16,1,-1,-1,-1
377,284,1821.92,527.11,99.61,221.22,1,-1,-1,-1
377,275,1590.60,404.59,128.39,293.41,1,-1,-1,-1
377,290,1472.81,415.54,121.45,280.46,1,-1,-1,-1
377,293,1060.06,360.22,171.16,434.51,1,-1,-1,-1
377,295,116.13,277.66,393.94,669.30,1,-1,-1,-1
378,284,1824.21,523.36,99.27,224.68,1,-1,-1,-1
378,275,1596.97,404.94,126.80,293.81,1,-1,-1,-1
378,290,1477.20,415.22,120.95,279.87,1,-1,-1,-1
378,293,1054.17,363.31,169.17,434.94,1,-1,-1,-1
378,295,161.84,277.90,348.66,670.40,1,-1,-1,-1
379,284,1832.82,524.58,91.10,221.64,1,-1,-1,-1
379,275,1600.20,403.62,125.75,292.63,1,-1,-1,-1
379,290,1479.93,414.10,120.84,279.99,1,-1,-1,-1
379,293,1049.15,360.82,170.13,436.48,1,-1,-1,-1
379,295,204.19,280.97,301.30,660.74,1,-1,-1,-1
380,284,1845.16,528.09,78.78,224.12,1,-1,-1,-1
380,275,1604.72,407.42,125.01,290.42,1,-1,-1,-1
380,290,1483.82,412.71,119.05,279.47,1,-1,-1,-1
380,293,1041.83,356.51,172.03,442.85,1,-1,-1,-1
380,295,248.43,271.96,259.12,658.33,1,-1,-1,-1
381,284,1856.87,530.36,66.25,221.71,1,-1,-1,-1
381,275,1605.15,407.84,128.64,291.54,1,-1,-1,-1
381,290,1488.54,411.50,117.01,278.15,1,-1,-1,-1
381,293,1036.23,349.54,177.58,450.62,1,-1,-1,-1
381,295,288.31,278.78,220.51,649.20,1,-1,-1,-1
382,275,1608.89,408.68,128.46,291.46,1,-1,-1,-1
382,290,1492.13,410.15,119.26,278.96,1,-1,-1,-1
382,293,1030.76,342.99,179.98,459.78,1,-1,-1,-1
382,295,321.81,280.02,209.29,641.65,1,-1,-1,-1
382,283,1840.07,369.62,81.02,362.60,1,-1,-1,-1
383,275,1611.80,408.22,129.28,291.34,1,-1,-1,-1
383,290,1494.00,409.49,122.64,281.97,1,-1,-1,-1
383,293,1024.23,339.60,183.27,465.61,1,-1,-1,-1
383,295,339.60,284.67,207.70,633.67,1,-1,-1,-1
383,283,1842.46,366.65,79.34,371.28,1,-1,-1,-1
384,275,1616.80,409.98,127.90,288.16,1,-1,-1,-1
384,290,1500.43,409.48,120.02,279.30,1,-1,-1,-1
384,293,1022.72,344.43,180.36,464.86,1,-1,-1,-1
384,295,349.15,284.60,222.41,631.32,1,-1,-1,-1
384,283,1847.80,368.01,74.48,368.90,1,-1,-1,-1
385,275,1621.00,410.12,126.89,287.21,1,-1,-1,-1
385,290,1505.21,412.43,117.65,274.46,1,-1,-1,-1
385,293,1016.95,346.10,179.77,465.38,1,-1,-1,-1
385,295,368.22,292.53,237.80,622.62,1,-1,-1,-1
385,283,1852.90,375.15,69.25,362.38,1,-1,-1,-1
385,297,1788.74,451.60,66.90,192.89,1,-1,-1,-1
386,275,1624.75,409.12,125.25,288.29,1,-1,-1,-1
386,290,1510.93,415.24,115.03,270.27,1,-1,-1,-1
386,293,1008.52,347.73,188.60,465.32,1,-1,-1,-1
386,295,376.92,294.37,251.69,614.05,1,-1,-1,-1
386,283,1857.76,369.11,64.12,367.15,1,-1,-1,-1
386,297,1791.67,449.99,65.82,192.08,1,-1,-1,-1
387,275,1630.77,405.07,124.07,290.67,1,-1,-1,-1
387,290,1514.74,418.01,112.95,268.45,1,-1,-1,-1
387,293,1004.64,347.68,187.76,472.29,1,-1,-1,-1
387,295,385.70,295.67,266.44,610.56,1,-1,-1,-1
387,297,1794.79,449.28,65.08,190.55,1,-1,-1,-1
388,275,1635.97,408.21,124.57,287.48,1,-1,-1,-1
388,290,1515.97,418.05,113.15,269.49,1,-1,-1,-1
388,293,998.73,343.47,193.02,480.25,1,-1,-1,-1
388,295,388.49,299.28,281.36,607.32,1,-1,-1,-1
388,297,1798.50,449.25,64.04,190.39,1,-1,-1,-1
389,275,1639.14,406.13,126.04,288.71,1,-1,-1,-1
389,290,1518.54,416.57,114.99,273.14,1,-1,-1,-1
389,293,993.81,346.65,192.26,476.92,1,-1,-1,-1
389,295,395.87,300.84,295.44,606.77,1,-1,-1,-1
389,297,1800.94,449.26,64.85,190.16,1,-1,-1,-1
389,298,1159.61,459.70,64.94,192.47,1,-1,-1,-1
390,275,1641.74,406.27,127.99,289.25,1,-1,-1,-1
390,290,1521.73,415.39,115.96,273.48,1,-1,-1,-1
390,293,982.30,346.53,201.37,481.19,1,-1,-1,-1
390,295,419.66,298.04,281.32,612.72,1,-1,-1,-1
390,297,1804.37,451.97,64.65,186.07,1,-1,-1,-1
390,298,1162.73,460.47,65.31,190.05,1,-1,-1,-1
391,275,1644.51,412.02,126.14,282.78,1,-1,-1,-1
391,290,1525.22,415.45,115.07,271.98,1,-1,-1,-1
391,293,977.37,341.43,203.11,488.78,1,-1,-1,-1
391,295,441.86,302.48,266.20,604.43,1,-1,-1,-1
391,297,1806.90,453.24,64.30,183.32,1,-1,-1,-1
391,298,1167.43,459.61,64.57,191.81,1,-1,-1,-1
392,275,1648.43,412.34,124.85,283.05,1,-1,-1,-1
392,290,1529.82,415.87,114.42,268.67,1,-1,-1,-1
392,293,965.67,336.31,211.25,491.60,1,-1,-1,-1
392,295,477.48,300.87,236.79,589.99,1,-1,-1,-1
392,297,1809.16,454.52,64.34,182.49,1,-1,-1,-1
392,298,1171.88,454.77,64.63,198.04,1,-1,-1,-1
393,275,1650.82,413.87,123.52,280.99,1,-1,-1,-1
393,290,1534.74,416.74,113.80,264.59,1,-1,-1,-1
393,293,958.54,331.18,212.90,500.52,1,-1,-1,-1
393,295,500.79,298.02,218.17,585.23,1,-1,-1,-1
393,297,1810.76,453.62,63.75,184.65,1,-1,-1,-1
393,298,1176.10,453.18,64.08,199.57,1,-1,-1,-1
394,275,1654.08,411.99,123.37,285.65,1,-1,-1,-1
394,290,1540.02,412.95,113.26,266.58,1,-1,-1,-1
394,293,951.97,328.09,214.21,502.49,1,-1,-1,-1
394,295,525.33,297.10,200.37,577.34,1,-1,-1,-1
394,297,1811.49,452.37,64.37,186.43,1,-1,-1,-1
394,298,1181.20,454.22,63.05,197.42,1,-1,-1,-1
395,275,1658.91,412.44,122.45,280.55,1,-1,-1,-1
395,290,1544.74,412.84,112.60,268.82,1,-1,-1,-1
395,293,943.53,327.85,212.06,502.61,1,-1,-1,-1
395,295,549.88,304.49,183.49,563.26,1,-1,-1,-1
395,297,1812.96,453.41,63.99,184.77,1,-1,-1,-1
395,298,1185.16,453.17,61.64,198.42,1,-1,-1,-1
396,275,1661.14,411.77,122.59,280.17,1,-1,-1,-1
396,290,1549.51,414.03,113.10,268.84,1,-1,-1,-1
396,293,939.24,327.40,209.22,501.75,1,-1,-1,-1
396,295,567.03,306.18,185.71,555.32,1,-1,-1,-1
396,297,1814.93,453.51,62.79,184.91,1,-1,-1,-1
396,298,1189.68,456.21,61.02,196.35,1,-1,-1,-1
397,275,1665.28,414.04,122.12,276.47,1,-1,-1,-1
397,290,1553.92,416.35,113.36,265.49,1,-1,-1,-1
397,293,928.87,324.35,213.71,510.41,1,-1,-1,-1
397,295,580.55,307.61,208.08,551.95,1,-1,-1,-1
397,297,1820.00,453.68,59.58,185.38,1,-1,-1,-1
397,298,1193.25,455.21,62.06,196.49,1,-1,-1,-1
398,275,1670.84,414.18,121.17,278.73,1,-1,-1,-1
398,290,1557.37,417.39,111.49,263.66,1,-1,-1,-1
398,293,918.84,318.65,217.12,521.97,1,-1,-1,-1
398,295,591.40,315.36,225.07,539.25,1,-1,-1,-1
398,297,1823.24,454.09,57.45,184.38,1,-1,-1,-1
398,298,1196.79,455.17,63.40,194.84,1,-1,-1,-1
399,275,1676.98,411.71,120.90,280.66,1,-1,-1,-1
399,290,1559.37,418.11,112.40,263.41,1,-1,-1,-1
399,293,908.91,323.12,222.14,521.38,1,-1,-1,-1
399,295,596.84,324.16,247.71,527.57,1,-1,-1,-1
399,297,1823.90,454.92,58.36,183.96,1,-1,-1,-1
399,298,1200.90,455.73,64.44,193.93,1,-1,-1,-1
400,275,1683.80,411.00,120.82,278.38,1,-1,-1,-1
400,290,1564.57,418.41,110.31,263.82,1,-1,-1,-1
400,293,900.80,323.68,222.32,526.02,1,-1,-1,-1
400,295,608.41,328.07,252.43,522.33,1,-1,-1,-1
400,297,1825.64,454.52,60.45,184.36,1,-1,-1,-1
400,298,1204.36,454.32,64.50,195.67,1,-1,-1,-1
401,275,1688.90,411.48,122.26,276.41,1,-1,-1,-1
401,290,1567.68,418.14,111.26,264.33,1,-1,-1,-1
401,293,893.86,324.88,223.19,530.44,1,-1,-1,-1
401,295,614.09,328.58,251.01,522.38,1,-1,-1,-1
401,297,1828.23,455.52,59.32,182.00,1,-1,-1,-1
401,298,1207.90,454.63,64.65,195.51,1,-1,-1,-1
402,275,1692.07,411.57,122.42,275.05,1,-1,-1,-1
402,290,1572.96,420.18,108.59,256.36,1,-1,-1,-1
402,293,884.06,321.90,228.96,534.90,1,-1,-1,-1
402,295,623.71,326.62,246.74,522.84,1,-1,-1,-1
402,297,1829.55,455.93,59.92,182.73,1,-1,-1,-1
402,298,1212.86,453.82,63.52,195.58,1,-1,-1,-1
403,275,1693.41,411.23,122.09,274.90,1,-1,-1,-1
403,290,1576.57,419.56,107.66,253.89,1,-1,-1,-1
403,293,878.55,314.75,226.54,541.35,1,-1,-1,-1
403,295,631.46,329.56,243.01,515.50,1,-1,-1,-1
403,297,1829.88,457.42,60.61,180.97,1,-1,-1,-1
403,298,1216.56,452.89,63.89,196.12,1,-1,-1,-1
404,275,1693.14,413.53,123.63,270.23,1,-1,-1,-1
404,290,1579.02,418.36,106.54,253.84,1,-1,-1,-1
404,293,869.86,314.86,228.32,544.25,1,-1,-1,-1
404,295,646.82,326.32,231.82,519.72,1,-1,-1,-1
404,297,1830.32,455.34,61.87,183.18,1,-1,-1,-1
404,298,1220.52,452.27,63.10,197.31,1,-1,-1,-1
405,275,1696.43,411.66,121.26,271.33,1,-1,-1,-1
405,290,1583.13,416.57,105.49,255.82,1,-1,-1,-1
405,293,859.19,310.44,233.58,545.25,1,-1,-1,-1
405,295,663.29,325.70,220.25,519.57,1,-1,-1,-1
405,297,1833.75,453.11,62.42,182.06,1,-1,-1,-1
405,298,1224.97,452.52,61.87,195.78,1,-1,-1,-1
406,275,1697.53,413.46,122.47,269.24,1,-1,-1,-1
406,290,1587.81,417.08,107.26,256.46,1,-1,-1,-1
406,293,854.65,302.45,226.86,551.39,1,-1,-1,-1
406,295,687.23,329.25,198.47,505.55,1,-1,-1,-1
406,297,1837.94,454.24,60.33,178.57,1,-1,-1,-1
406,298,1228.65,452.68,61.15,194.77,1,-1,-1,-1
407,275,1700.19,413.95,121.73,271.09,1,-1,-1,-1
407,290,1591.58,416.15,109.91,257.40,1,-1,-1,-1
407,293,847.81,301.78,223.50,551.88,1,-1,-1,-1
407,295,716.72,325.41,169.29,507.40,1,-1,-1,-1
407,297,1840.23,454.67,60.45,177.07,1,-1,-1,-1
407,298,1234.00,452.90,61.69,194.52,1,-1,-1,-1
408,275,1704.65,415.47,116.88,267.91,1,-1,-1,-1
408,290,1595.76,416.82,110.13,256.99,1,-1,-1,-1
408,293,834.31,305.43,227.16,561.45,1,-1,-1,-1
408,295,740.76,321.62,150.50,503.20,1,-1,-1,-1
408,297,1842.54,454.79,59.57,177.02,1,-1,-1,-1
408,298,1236.90,452.47,62.49,196.16,1,-1,-1,-1
409,275,1706.78,415.44,118.96,267.69,1,-1,-1,-1
409,290,1601.15,420.26,108.70,252.10,1,-1,-1,-1
409,293,828.63,302.20,230.29,567.38,1,-1,-1,-1
409,297,1844.58,449.78,59.25,183.54,1,-1,-1,-1
409,298,1239.03,452.20,63.07,196.31,1,-1,-1,-1
410,275,1710.34,412.40,120.46,267.78,1,-1,-1,-1
410,290,1608.03,422.41,105.18,250.14,1,-1,-1,-1
410,293,813.61,306.17,238.06,568.06,1,-1,-1,-1
410,297,1845.42,442.28,58.94,193.77,1,-1,-1,-1
410,298,1242.94,452.69,64.15,197.09,1,-1,-1,-1
411,275,1711.10,412.00,123.33,266.59,1,-1,-1,-1
411,290,1610.83,423.00,103.45,248.27,1,-1,-1,-1
411,293,804.88,306.49,237.75,573.74,1,-1,-1,-1
411,298,1247.56,453.93,62.83,196.33,1,-1,-1,-1
412,275,1715.71,411.03,120.02,266.30,1,-1,-1,-1
412,290,1615.81,423.50,102.84,246.67,1,-1,-1,-1
412,293,790.32,306.45,242.20,571.41,1,-1,-1,-1
412,298,1250.46,453.19,64.45,198.08,1,-1,-1,-1
413,275,1719.97,410.73,119.40,269.28,1,-1,-1,-1
413,290,1620.27,421.13,102.44,250.86,1,-1,-1,-1
413,293,781.39,296.40,241.02,588.31,1,-1,-1,-1
413,298,1254.48,453.05,63.41,198.59,1,-1,-1,-1
414,275,1722.78,411.36,118.98,269.24,1,-1,-1,-1
414,290,1624.50,418.92,101.84,253.51,1,-1,-1,-1
414,293,773.73,290.04,238.17,593.61,1,-1,-1,-1
414,298,1258.90,454.51,62.21,196.15,1,-1,-1,-1
415,275,1725.46,413.45,121.22,267.39,1,-1,-1,-1
415,290,1627.81,418.08,101.45,252.43,1,-1,-1,-1
415,293,766.41,287.73,234.38,604.53,1,-1,-1,-1
415,298,1262.90,453.88,63.09,195.67,1,-1,-1,-1
416,275,1730.13,418.73,116.62,258.20,1,-1,-1,-1
416,290,1632.88,419.07,101.35,250.50,1,-1,-1,-1
416,293,755.86,288.59,241.69,602.72,1,-1,-1,-1
416,298,1265.54,454.18,64.42,194.89,1,-1,-1,-1
417,275,1731.95,419.50,117.93,258.32,1,-1,-1,-1
417,290,1636.81,418.70,101.86,250.59,1,-1,-1,-1
417,293,742.76,282.59,249.67,615.50,1,-1,-1,-1
417,298,1268.84,455.08,64.46,194.86,1,-1,-1,-1
418,275,1736.01,420.75,116.49,255.93,1,-1,-1,-1
418,290,1638.29,415.84,101.48,255.06,1,-1,-1,-1
418,293,730.85,277.27,250.01,623.79,1,-1,-1,-1
418,298,1273.69,455.01,63.61,195.37,1,-1,-1,-1
419,275,1738.29,420.07,119.36,256.51,1,-1,-1,-1
419,290,1643.02,417.82,100.49,251.24,1,-1,-1,-1
419,293,723.97,276.60,250.64,622.72,1,-1,-1,-1
419,298,1279.02,453.81,62.82,195.91,1,-1,-1,-1
420,275,1744.11,420.44,116.61,256.89,1,-1,-1,-1
420,290,1647.75,420.63,101.93,246.04,1,-1,-1,-1
420,293,710.62,281.31,256.17,618.67,1,-1,-1,-1
420,298,1283.15,452.54,63.92,197.36,1,-1,-1,-1
421,275,1748.87,419.90,115.22,257.99,1,-1,-1,-1
421,290,1652.78,422.64,101.35,243.96,1,-1,-1,-1
421,293,704.87,276.01,253.59,626.57,1,-1,-1,-1
421,298,1286.19,450.96,64.26,200.01,1,-1,-1,-1
421,295,913.11,353.06,118.60,426.35,1,-1,-1,-1
422,275,1751.59,418.39,118.93,252.90,1,-1,-1,-1
422,290,1656.31,423.75,101.35,242.45,1,-1,-1,-1
422,293,687.82,270.09,258.95,644.58,1,-1,-1,-1
422,298,1291.18,450.41,62.88,200.62,1,-1,-1,-1
422,295,915.12,346.26,135.60,436.11,1,-1,-1,-1
423,275,1755.10,419.19,118.00,249.80,1,-1,-1,-1
423,290,1658.84,420.67,99.31,247.84,1,-1,-1,-1
423,293,673.85,264.92,261.77,659.45,1,-1,-1,-1
423,298,1295.22,450.41,62.61,201.42,1,-1,-1,-1
423,295,919.08,341.97,143.19,445.62,1,-1,-1,-1
424,275,1758.72,416.70,115.45,249.84,1,-1,-1,-1
424,290,1663.53,421.97,97.34,248.68,1,-1,-1,-1
424,293,661.67,277.22,266.60,654.73,1,-1,-1,-1
424,298,1298.75,451.54,62.17,200.99,1,-1,-1,-1
424,295,923.34,344.43,154.39,445.28,1,-1,-1,-1
425,275,1762.57,416.89,116.55,250.58,1,-1,-1,-1
425,290,1670.43,426.82,95.61,241.23,1,-1,-1,-1
425,293,650.36,276.64,266.65,660.74,1,-1,-1,-1
425,298,1303.26,453.75,62.07,196.91,1,-1,-1,-1
425,295,929.89,350.35,164.05,439.01,1,-1,-1,-1
426,275,1764.12,418.54,117.64,244.72,1,-1,-1,-1
426,290,1673.34,424.36,97.02,242.68,1,-1,-1,-1
426,293,637.67,275.27,274.39,660.49,1,-1,-1,-1
426,298,1305.13,452.53,64.24,196.21,1,-1,-1,-1
426,295,938.08,353.93,167.89,434.27,1,-1,-1,-1
427,275,1767.79,418.44,118.13,246.36,1,-1,-1,-1
427,290,1676.31,424.58,96.71,240.44,1,-1,-1,-1
427,293,627.45,269.80,276.31,662.97,1,-1,-1,-1
427,298,1311.53,453.17,62.31,195.41,1,-1,-1,-1
427,295,940.68,361.16,174.19,427.08,1,-1,-1,-1
428,275,1772.89,419.02,114.88,247.05,1,-1,-1,-1
428,290,1680.51,423.40,97.34,240.19,1,-1,-1,-1
428,293,611.17,264.10,276.34,677.66,1,-1,-1,-1
428,298,1315.10,453.02,63.21,195.47,1,-1,-1,-1
428,295,946.13,361.66,176.98,425.64,1,-1,-1,-1
429,275,1777.99,421.15,113.64,247.32,1,-1,-1,-1
429,290,1684.58,420.50,97.59,243.09,1,-1,-1,-1
429,293,599.67,259.72,281.10,687.16,1,-1,-1,-1
429,298,1318.05,452.51,63.74,195.95,1,-1,-1,-1
429,295,960.10,365.17,168.76,418.67,1,-1,-1,-1
429,299,1156.28,474.65,62.81,169.69,1,-1,-1,-1
430,275,1779.76,421.86,114.61,246.90,1,-1,-1,-1
430,290,1687.40,423.88,98.97,237.63,1,-1,-1,-1
430,293,588.74,250.75,273.54,699.23,1,-1,-1,-1
430,298,1321.80,451.24,65.13,195.63,1,-1,-1,-1
430,295,969.08,363.19,168.99,414.50,1,-1,-1,-1
430,299,1160.75,473.38,63.52,169.26,1,-1,-1,-1
431,275,1782.19,421.86,117.02,245.95,1,-1,-1,-1
431,290,1691.81,424.19,96.85,233.60,1,-1,-1,-1
431,293,571.90,243.99,277.00,710.52,1,-1,-1,-1
431,298,1326.34,451.05,65.58,196.08,1,-1,-1,-1
431,295,982.73,361.28,160.82,414.38,1,-1,-1,-1
431,299,1165.90,473.87,64.75,167.45,1,-1,-1,-1
432,275,1788.06,424.44,114.05,242.64,1,-1,-1,-1
432,290,1699.25,424.10,95.50,235.83,1,-1,-1,-1
432,293,557.62,238.99,281.82,714.32,1,-1,-1,-1
432,298,1329.56,450.84,65.81,198.12,1,-1,-1,-1
432,295,993.39,360.36,154.91,414.33,1,-1,-1,-1
432,299,1170.39,473.42,65.41,166.53,1,-1,-1,-1
433,275,1790.27,423.47,116.19,241.97,1,-1,-1,-1
433,290,1702.77,425.20,98.77,234.44,1,-1,-1,-1
433,293,547.59,234.21,273.39,725.34,1,-1,-1,-1
433,298,1332.99,449.03,67.15,199.41,1,-1,-1,-1
433,295,1006.30,358.97,149.16,415.82,1,-1,-1,-1
433,299,1172.48,473.14,67.69,168.83,1,-1,-1,-1
434,275,1792.38,422.66,116.19,242.48,1,-1,-1,-1
434,290,1706.35,425.44,97.34,233.41,1,-1,-1,-1
434,293,536.85,229.65,272.43,737.83,1,-1,-1,-1
434,298,1336.35,449.03,64.76,198.04,1,-1,-1,-1
434,295,1018.67,357.24,146.45,414.07,1,-1,-1,-1
434,299,1176.09,473.34,68.24,169.06,1,-1,-1,-1
435,275,1799.30,415.26,110.76,251.67,1,-1,-1,-1
435,290,1713.40,424.81,93.00,233.40,1,-1,-1,-1
435,293,519.03,234.37,275.27,733.56,1,-1,-1,-1
435,298,1341.07,449.45,63.88,197.12,1,-1,-1,-1
435,295,1032.36,356.29,141.77,412.85,1,-1,-1,-1
435,299,1182.26,472.89,65.85,168.33,1,-1,-1,-1
436,275,1806.26,415.24,106.94,253.14,1,-1,-1,-1
436,290,1717.25,422.96,92.59,235.23,1,-1,-1,-1
436,293,503.27,248.82,285.45,727.04,1,-1,-1,-1
436,298,1345.41,449.09,63.35,194.38,1,-1,-1,-1
436,295,1040.93,360.50,139.39,408.48,1,-1,-1,-1
436,299,1186.96,470.86,64.77,168.40,1,-1,-1,-1
437,275,1810.52,416.30,103.82,249.89,1,-1,-1,-1
437,290,1719.90,422.12,90.12,232.50,1,-1,-1,-1
437,293,489.91,245.35,275.94,736.40,1,-1,-1,-1
437,298,1349.26,449.15,63.22,195.28,1,-1,-1,-1
437,295,1043.61,364.73,144.86,402.60,1,-1,-1,-1
437,299,1190.24,468.02,67.64,171.76,1,-1,-1,-1
438,275,1810.09,415.12,109.47,249.90,1,-1,-1,-1
438,290,1726.88,421.38,88.87,235.29,1,-1,-1,-1
438,293,473.49,242.78,276.06,741.34,1,-1,-1,-1
438,298,1353.55,449.99,64.88,196.56,1,-1,-1,-1
438,295,1051.71,367.61,144.70,399.03,1,-1,-1,-1
438,299,1193.54,467.00,68.06,177.81,1,-1,-1,-1
439,275,1808.94,417.90,108.82,245.68,1,-1,-1,-1
439,290,1730.25,420.36,88.46,236.82,1,-1,-1,-1
439,293,454.95,238.97,283.99,749.67,1,-1,-1,-1
439,298,1357.08,451.36,65.12,195.79,1,-1,-1,-1
439,295,1056.81,365.75,147.68,398.96,1,-1,-1,-1
439,299,1199.08,467.89,65.41,177.03,1,-1,-1,-1
440,275,1825.48,409.39,95.30,258.26,1,-1,-1,-1
440,290,1733.76,421.83,90.82,235.57,1,-1,-1,-1
440,293,441.27,228.09,294.57,774.17,1,-1,-1,-1
440,298,1360.99,451.09,62.77,197.89,1,-1,-1,-1
440,295,1062.26,364.02,151.18,407.30,1,-1,-1,-1
440,299,1204.71,467.49,65.58,179.66,1,-1,-1,-1
441,275,1846.25,391.21,75.43,285.96,1,-1,-1,-1
441,290,1735.56,423.65,92.63,233.16,1,-1,-1,-1
441,293,422.28,229.55,295.19,785.44,1,-1,-1,-1
441,298,1364.17,452.36,64.74,196.69,1,-1,-1,-1
441,295,1067.72,370.09,154.20,394.60,1,-1,-1,-1
441,299,1209.59,467.35,65.10,179.68,1,-1,-1,-1
441,300,1.00,269.13,183.74,668.98,1,-1,-1,-1
442,275,1850.14,386.87,71.55,292.69,1,-1,-1,-1
442,290,1737.21,423.71,94.04,232.13,1,-1,-1,-1
442,293,405.13,227.60,301.43,790.22,1,-1,-1,-1
442,298,1365.65,451.54,66.17,197.01,1,-1,-1,-1
442,295,1073.78,374.27,156.23,392.28,1,-1,-1,-1
442,299,1213.13,468.73,63.91,176.06,1,-1,-1,-1
442,300,1.00,273.69,205.96,662.40,1,-1,-1,-1
443,275,1849.64,386.91,72.13,293.02,1,-1,-1,-1
443,290,1742.89,424.47,95.85,230.19,1,-1,-1,-1
443,293,394.74,207.38,295.73,803.01,1,-1,-1,-1
443,298,1370.20,451.27,66.01,196.75,1,-1,-1,-1
443,295,1088.52,372.81,149.24,386.25,1,-1,-1,-1
443,299,1214.57,470.72,66.15,172.45,1,-1,-1,-1
443,300,0.96,267.75,230.92,675.96,1,-1,-1,-1
444,275,1846.37,386.82,75.35,291.67,1,-1,-1,-1
444,290,1747.58,425.32,94.38,229.47,1,-1,-1,-1
444,293,382.98,218.55,289.96,800.70,1,-1,-1,-1
444,298,1375.00,451.01,63.97,193.86,1,-1,-1,-1
444,295,1100.94,374.40,138.92,382.35,1,-1,-1,-1
444,299,1219.34,469.33,66.25,175.42,1,-1,-1,-1
444,300,1.46,279.60,250.01,667.33,1,-1,-1,-1
445,275,1837.40,383.48,84.29,292.60,1,-1,-1,-1
445,290,1753.59,425.36,88.78,232.69,1,-1,-1,-1
445,293,355.12,222.30,304.84,800.37,1,-1,-1,-1
445,298,1381.26,453.71,62.78,191.19,1,-1,-1,-1
445,295,1113.74,369.86,134.61,383.06,1,-1,-1,-1
445,299,1225.14,471.13,64.04,172.30,1,-1,-1,-1
445,300,1.10,279.10,272.22,669.61,1,-1,-1,-1
446,275,1829.29,384.91,92.54,294.71,1,-1,-1,-1
446,290,1757.61,427.18,89.92,231.65,1,-1,-1,-1
446,293,325.65,217.97,320.90,809.41,1,-1,-1,-1
446,298,1385.21,454.12,62.43,192.25,1,-1,-1,-1
446,295,1127.58,372.57,125.28,375.85,1,-1,-1,-1
446,299,1228.81,469.78,64.07,173.40,1,-1,-1,-1
446,300,1.23,283.38,281.98,665.10,1,-1,-1,-1
447,275,1816.62,386.72,105.01,293.84,1,-1,-1,-1
447,290,1752.76,430.28,94.68,227.63,1,-1,-1,-1
447,293,298.80,206.40,341.50,820.20,1,-1,-1,-1
447,298,1387.82,451.80,62.94,195.31,1,-1,-1,-1
447,295,1134.60,367.88,125.14,377.03,1,-1,-1,-1
447,299,1231.07,473.49,60.01,161.63,1,-1,-1,-1
447,300,3.00,282.68,294.76,660.78,1,-1,-1,-1
448,275,1794.29,387.47,127.13,289.85,1,-1,-1,-1
448,290,1732.50,419.94,83.77,229.72,1,-1,-1,-1
448,293,268.44,206.48,370.24,832.77,1,-1,-1,-1
448,298,1391.28,452.48,63.07,194.36,1,-1,-1,-1
448,295,1144.15,372.64,125.28,373.84,1,-1,-1,-1
448,299,1242.96,474.23,53.21,163.30,1,-1,-1,-1
448,300,1.81,277.56,291.78,663.51,1,-1,-1,-1
449,275,1782.25,389.37,139.21,284.26,1,-1,-1,-1
449,290,1724.17,414.27,84.52,234.10,1,-1,-1,-1
449,293,238.83,210.89,388.42,834.92,1,-1,-1,-1
449,298,1395.26,452.49,64.39,194.87,1,-1,-1,-1
449,295,1149.72,376.03,132.02,370.50,1,-1,-1,-1
449,300,1.40,288.56,288.75,642.58,1,-1,-1,-1
450,275,1773.11,396.66,148.11,282.21,1,-1,-1,-1
450,290,1723.00,417.82,79.57,223.34,1,-1,-1,-1
450,293,219.65,203.12,377.12,847.83,1,-1,-1,-1
450,298,1400.53,452.12,62.79,194.21,1,-1,-1,-1
450,295,1154.53,374.01,141.29,372.72,1,-1,-1,-1
450,300,1.58,290.94,289.84,660.22,1,-1,-1,-1
451,275,1767.59,392.56,145.31,286.53,1,-1,-1,-1
451,290,1726.51,426.88,70.66,202.67,1,-1,-1,-1
451,293,209.52,188.88,372.85,862.32,1,-1,-1,-1
451,298,1404.07,450.90,63.34,194.80,1,-1,-1,-1
451,295,1158.72,379.84,151.62,365.29,1,-1,-1,-1
451,300,3.54,276.62,288.05,662.25,1,-1,-1,-1
452,275,1763.56,394.63,141.42,290.43,1,-1,-1,-1
452,293,193.46,188.84,369.01,862.61,1,-1,-1,-1
452,298,1407.94,450.34,63.02,195.55,1,-1,-1,-1
452,295,1162.96,381.97,160.65,364.13,1,-1,-1,-1
452,300,21.27,275.98,273.16,678.13,1,-1,-1,-1
453,275,1758.54,393.80,138.12,289.04,1,-1,-1,-1
453,293,172.25,182.21,374.76,875.85,1,-1,-1,-1
453,298,1413.12,449.46,63.49,193.92,1,-1,-1,-1
453,295,1169.50,381.96,165.44,365.33,1,-1,-1,-1
453,300,48.61,267.39,236.82,668.93,1,-1,-1,-1
454,275,1752.67,390.32,133.55,292.92,1,-1,-1,-1
454,293,165.82,179.12,358.08,885.94,1,-1,-1,-1
454,298,1416.21,450.13,63.73,195.35,1,-1,-1,-1
454,295,1179.22,381.79,161.31,364.79,1,-1,-1,-1
455,275,1745.51,387.76,127.31,295.04,1,-1,-1,-1
455,293,145.45,176.21,355.93,900.88,1,-1,-1,-1
455,298,1419.85,449.06,65.23,199.68,1,-1,-1,-1
455,295,1189.81,383.51,154.48,360.28,1,-1,-1,-1
456,275,1735.83,391.03,119.52,289.90,1,-1,-1,-1
456,293,121.45,174.76,358.90,906.68,1,-1,-1,-1
456,298,1422.88,449.88,65.01,196.43,1,-1,-1,-1
456,295,1199.99,384.86,147.35,353.74,1,-1,-1,-1
457,275,1726.95,391.44,116.11,285.23,1,-1,-1,-1
457,293,85.94,162.67,370.54,920.22,1,-1,-1,-1
457,298,1427.07,448.78,64.91,195.75,1,-1,-1,-1
457,295,1215.14,380.78,136.72,357.03,1,-1,-1,-1
457,301,1806.99,391.44,113.93,284.93,1,-1,-1,-1
458,275,1718.84,393.90,109.90,284.89,1,-1,-1,-1
458,293,50.40,159.81,374.06,923.57,1,-1,-1,-1
458,298,1431.02,448.93,64.54,195.20,1,-1,-1,-1
458,295,1227.44,379.33,129.29,357.19,1,-1,-1,-1
458,301,1796.81,390.02,120.75,288.92,1,-1,-1,-1
459,275,1709.17,394.78,110.24,285.89,1,-1,-1,-1
459,293,22.04,156.44,382.64,926.80,1,-1,-1,-1
459,298,1435.11,447.15,66.89,199.19,1,-1,-1,-1
459,295,1232.78,377.11,126.80,362.97,1,-1,-1,-1
459,301,1788.27,392.96,112.36,284.65,1,-1,-1,-1
460,275,1695.61,391.60,115.45,292.42,1,-1,-1,-1
460,293,6.47,153.51,379.84,929.70,1,-1,-1,-1
460,298,1438.88,447.42,66.10,195.69,1,-1,-1,-1
460,295,1239.70,375.03,129.42,356.72,1,-1,-1,-1
460,301,1783.48,394.71,101.67,283.76,1,-1,-1,-1
461,275,1680.76,395.91,130.75,282.84,1,-1,-1,-1
461,293,-2.30,153.21,368.43,929.83,1,-1,-1,-1
461,298,1441.86,447.14,66.69,198.67,1,-1,-1,-1
461,295,1247.91,373.51,130.26,359.25,1,-1,-1,-1
461,301,1767.69,396.09,106.48,276.42,1,-1,-1,-1
462,275,1670.98,401.26,139.25,281.95,1,-1,-1,-1
462,293,-7.07,142.67,355.62,940.14,1,-1,-1,-1
462,298,1445.62,447.83,66.98,199.52,1,-1,-1,-1
462,295,1258.70,377.91,128.84,358.13,1,-1,-1,-1
463,275,1658.27,404.90,149.14,278.94,1,-1,-1,-1
463,293,-8.07,148.59,336.47,934.12,1,-1,-1,-1
463,298,1450.44,450.36,65.71,197.22,1,-1,-1,-1
463,295,1268.21,383.97,123.21,345.60,1,-1,-1,-1
464,275,1648.39,403.60,149.31,279.65,1,-1,-1,-1
464,293,-7.31,141.35,311.19,941.06,1,-1,-1,-1
464,298,1455.58,450.41,66.46,198.56,1,-1,-1,-1
464,295,1272.98,378.87,126.76,347.25,1,-1,-1,-1
464,300,184.69,294.35,294.84,608.67,1,-1,-1,-1
464,301,1797.96,421.30,87.73,235.29,1,-1,-1,-1
465,275,1643.63,402.64,149.22,276.75,1,-1,-1,-1
465,293,-2.03,147.83,260.37,934.43,1,-1,-1,-1
465,298,1462.17,453.56,64.82,194.37,1,-1,-1,-1
465,295,1286.17,386.59,123.02,340.93,1,-1,-1,-1
465,300,203.38,303.48,282.19,587.48,1,-1,-1,-1
465,301,1805.16,425.34,80.81,228.59,1,-1,-1,-1
466,275,1639.40,405.96,144.56,277.42,1,-1,-1,-1
466,293,-3.01,122.89,240.10,959.26,1,-1,-1,-1
466,298,1466.89,457.74,63.06,189.25,1,-1,-1,-1
466,295,1293.03,391.96,124.68,333.44,1,-1,-1,-1
466,300,217.71,298.96,270.55,599.35,1,-1,-1,-1
466,301,1808.27,426.17,80.08,225.86,1,-1,-1,-1
467,275,1635.23,405.92,136.33,275.56,1,-1,-1,-1
467,293,7.90,144.44,218.77,937.66,1,-1,-1,-1
467,298,1467.84,459.03,64.90,187.35,1,-1,-1,-1
467,295,1296.63,389.70,125.40,332.98,1,-1,-1,-1
467,300,231.47,303.12,266.22,601.78,1,-1,-1,-1
467,301,1808.72,425.35,81.48,226.95,1,-1,-1,-1
468,275,1632.56,405.72,123.71,268.73,1,-1,-1,-1
468,298,1472.22,456.05,65.83,192.83,1,-1,-1,-1
468,295,1302.00,387.05,127.35,334.20,1,-1,-1,-1
468,300,256.83,302.27,243.64,602.89,1,-1,-1,-1
468,301,1812.25,424.72,77.66,229.06,1,-1,-1,-1
468,290,1702.88,394.65,135.50,282.27,1,-1,-1,-1
469,275,1629.63,404.29,110.53,270.86,1,-1,-1,-1
469,298,1474.81,453.49,70.24,196.30,1,-1,-1,-1
469,295,1307.94,384.38,124.66,337.18,1,-1,-1,-1
469,300,273.48,303.05,232.83,594.11,1,-1,-1,-1
469,301,1812.00,426.51,79.04,222.34,1,-1,-1,-1
469,290,1690.69,396.09,151.55,283.40,1,-1,-1,-1
470,275,1624.13,402.20,102.50,275.22,1,-1,-1,-1
470,298,1478.13,450.46,78.98,200.94,1,-1,-1,-1
470,295,1316.37,384.15,122.67,337.74,1,-1,-1,-1
470,300,297.75,303.09,212.89,586.95,1,-1,-1,-1
470,301,1815.47,428.47,75.23,217.46,1,-1,-1,-1
470,290,1684.81,395.41,157.84,285.15,1,-1,-1,-1
471,275,1615.74,408.31,97.94,269.74,1,-1,-1,-1
471,298,1481.83,450.19,84.89,200.51,1,-1,-1,-1
471,295,1323.33,383.82,124.08,335.53,1,-1,-1,-1
471,300,310.78,300.26,217.27,577.14,1,-1,-1,-1
471,301,1814.65,430.91,78.42,213.46,1,-1,-1,-1
471,290,1684.29,396.21,151.61,285.01,1,-1,-1,-1
472,275,1609.69,408.35,93.09,267.00,1,-1,-1,-1
472,298,1486.52,450.67,92.60,200.85,1,-1,-1,-1
472,295,1327.81,381.82,129.60,339.42,1,-1,-1,-1
472,300,320.80,305.01,219.77,580.52,1,-1,-1,-1
472,301,1819.08,430.46,75.89,211.85,1,-1,-1,-1
472,290,1674.37,397.58,152.25,279.32,1,-1,-1,-1
472,302,1151.73,464.02,60.51,187.93,1,-1,-1,-1
473,275,1602.07,412.96,94.98,265.44,1,-1,-1,-1
473,298,1491.08,447.68,100.62,205.24,1,-1,-1,-1
473,295,1335.46,382.56,129.00,337.36,1,-1,-1,-1
473,300,330.33,298.09,230.43,581.53,1,-1,-1,-1
473,301,1821.62,431.13,75.89,212.85,1,-1,-1,-1
473,290,1673.31,395.73,134.84,280.44,1,-1,-1,-1
473,302,1152.48,462.61,68.93,187.61,1,-1,-1,-1
474,275,1595.46,406.98,98.42,271.41,1,-1,-1,-1
474,298,1495.50,445.55,103.26,208.89,1,-1,-1,-1
474,295,1341.25,379.71,128.76,338.19,1,-1,-1,-1
474,300,335.92,300.57,245.11,577.49,1,-1,-1,-1
474,301,1822.39,432.37,76.00,210.85,1,-1,-1,-1
474,290,1668.35,398.83,125.27,278.41,1,-1,-1,-1
474,302,1153.17,460.73,75.66,189.52,1,-1,-1,-1
475,275,1581.51,410.31,107.78,272.56,1,-1,-1,-1
475,298,1500.17,445.47,105.32,211.70,1,-1,-1,-1
475,295,1349.68,380.36,130.53,335.12,1,-1,-1,-1
475,300,351.03,302.62,259.28,573.87,1,-1,-1,-1
475,301,1822.49,431.60,77.51,212.21,1,-1,-1,-1
475,290,1661.13,397.04,117.33,283.90,1,-1,-1,-1
475,302,1154.47,461.75,83.29,187.97,1,-1,-1,-1
476,275,1566.76,409.55,123.64,271.20,1,-1,-1,-1
476,298,1505.76,447.05,98.48,207.82,1,-1,-1,-1
476,295,1356.89,384.63,134.85,331.90,1,-1,-1,-1
476,300,361.40,303.05,269.42,573.05,1,-1,-1,-1
476,301,1822.83,429.23,78.69,214.66,1,-1,-1,-1
476,290,1652.27,396.55,112.67,282.17,1,-1,-1,-1
476,302,1157.80,462.53,86.79,186.82,1,-1,-1,-1
477,275,1557.46,407.48,131.60,269.27,1,-1,-1,-1
477,298,1517.42,444.34,82.33,209.73,1,-1,-1,-1
477,295,1364.23,386.99,135.61,328.70,1,-1,-1,-1
477,300,370.53,299.88,272.46,570.60,1,-1,-1,-1
477,301,1825.43,429.26,77.10,212.84,1,-1,-1,-1
477,290,1646.66,398.99,109.54,280.30,1,-1,-1,-1
477,302,1162.35,461.77,90.36,188.26,1,-1,-1,-1
478,275,1544.00,408.52,141.98,262.70,1,-1,-1,-1
478,295,1369.40,391.31,134.99,322.22,1,-1,-1,-1
478,300,376.08,301.80,276.25,568.56,1,-1,-1,-1
478,301,1828.13,428.22,74.13,212.81,1,-1,-1,-1
478,290,1635.49,402.37,114.60,277.98,1,-1,-1,-1
478,302,1167.10,461.67,92.48,187.55,1,-1,-1,-1
479,275,1540.88,411.30,135.71,263.78,1,-1,-1,-1
479,295,1372.49,392.02,135.05,320.79,1,-1,-1,-1
479,300,382.94,302.67,271.55,567.94,1,-1,-1,-1
479,301,1830.88,427.33,73.60,214.31,1,-1,-1,-1
479,290,1627.41,404.72,114.31,276.68,1,-1,-1,-1
479,302,1172.26,459.56,91.87,189.62,1,-1,-1,-1
480,275,1541.38,418.50,126.63,255.53,1,-1,-1,-1
480,295,1379.80,391.73,131.43,321.00,1,-1,-1,-1
480,300,393.03,309.02,260.72,558.46,1,-1,-1,-1
480,301,1832.38,429.65,75.98,211.16,1,-1,-1,-1
480,290,1617.50,404.44,116.38,276.94,1,-1,-1,-1
480,302,1180.28,458.47,88.85,189.36,1,-1,-1,-1
481,275,1539.85,419.87,117.50,250.55,1,-1,-1,-1
481,295,1385.86,391.22,130.08,322.00,1,-1,-1,-1
481,300,405.85,310.03,251.66,552.49,1,-1,-1,-1
481,301,1834.62,429.60,74.82,213.68,1,-1,-1,-1
481,290,1609.14,403.83,120.04,277.11,1,-1,-1,-1
481,302,1185.67,457.99,86.80,189.57,1,-1,-1,-1
482,275,1536.23,417.46,109.46,256.93,1,-1,-1,-1
482,295,1389.62,390.55,127.46,323.50,1,-1,-1,-1
482,300,406.48,310.51,251.82,554.23,1,-1,-1,-1
482,301,1836.16,430.97,74.08,210.96,1,-1,-1,-1
482,290,1601.28,410.74,124.56,270.81,1,-1,-1,-1
482,302,1190.78,458.46,84.91,190.72,1,-1,-1,-1
483,275,1532.34,413.89,101.68,261.09,1,-1,-1,-1
483,295,1397.58,389.67,119.67,324.07,1,-1,-1,-1
483,300,420.35,306.50,240.07,554.29,1,-1,-1,-1
483,301,1837.91,432.66,74.09,209.05,1,-1,-1,-1
483,290,1593.38,409.76,128.99,269.06,1,-1,-1,-1
483,302,1198.30,457.77,80.10,192.75,1,-1,-1,-1
484,275,1526.80,416.34,100.67,258.34,1,-1,-1,-1
484,295,1405.34,388.01,114.39,324.89,1,-1,-1,-1
484,300,427.78,308.28,234.06,548.47,1,-1,-1,-1
484,301,1838.15,434.45,73.79,204.04,1,-1,-1,-1
484,290,1587.87,407.84,127.44,269.37,1,-1,-1,-1
484,302,1203.16,457.43,78.29,192.35,1,-1,-1,-1
485,275,1518.41,413.18,101.31,261.58,1,-1,-1,-1
485,295,1412.58,390.72,109.83,319.23,1,-1,-1,-1
485,300,441.16,308.42,225.93,540.77,1,-1,-1,-1
485,301,1813.87,424.66,78.42,212.71,1,-1,-1,-1
485,290,1583.11,411.99,120.47,267.72,1,-1,-1,-1
485,302,1207.54,455.70,82.11,194.45,1,-1,-1,-1
486,275,1514.61,416.17,94.53,255.74,1,-1,-1,-1
486,295,1418.06,388.77,109.08,321.24,1,-1,-1,-1
486,300,453.22,314.77,222.96,539.46,1,-1,-1,-1
486,301,1803.60,422.44,79.93,213.76,1,-1,-1,-1
486,290,1576.35,411.57,117.52,267.68,1,-1,-1,-1
486,302,1209.88,454.57,86.75,195.61,1,-1,-1,-1
486,303,1.73,209.01,248.99,809.24,1,-1,-1,-1
487,275,1506.48,412.72,89.00,263.71,1,-1,-1,-1
487,295,1421.06,387.07,108.61,318.17,1,-1,-1,-1
487,300,463.05,318.32,208.20,533.13,1,-1,-1,-1
487,301,1799.47,422.56,81.16,213.78,1,-1,-1,-1
487,290,1571.73,413.47,113.82,263.22,1,-1,-1,-1
487,302,1214.08,457.61,87.14,194.29,1,-1,-1,-1
487,303,1.35,218.69,256.55,800.28,1,-1,-1,-1
488,275,1500.17,419.41,94.94,264.40,1,-1,-1,-1
488,295,1426.01,386.85,107.10,317.48,1,-1,-1,-1
488,300,479.92,320.82,192.89,528.97,1,-1,-1,-1
488,301,1799.44,424.32,81.63,212.37,1,-1,-1,-1
488,290,1562.29,410.40,109.50,268.45,1,-1,-1,-1
488,302,1219.42,457.97,89.97,195.05,1,-1,-1,-1
488,303,0.97,230.35,267.10,782.12,1,-1,-1,-1
489,295,1431.21,392.37,109.38,315.18,1,-1,-1,-1
489,300,489.33,310.74,191.93,540.20,1,-1,-1,-1
489,301,1799.69,424.30,81.99,212.03,1,-1,-1,-1
489,290,1556.58,405.39,104.86,272.87,1,-1,-1,-1
489,302,1223.84,457.54,90.22,193.45,1,-1,-1,-1
489,303,1.05,230.02,276.82,780.44,1,-1,-1,-1
490,295,1440.64,395.62,106.42,312.68,1,-1,-1,-1
490,300,505.13,309.05,180.86,536.28,1,-1,-1,-1
490,301,1801.70,421.82,82.13,212.15,1,-1,-1,-1
490,290,1554.72,409.50,101.54,266.78,1,-1,-1,-1
490,302,1229.45,456.12,92.29,197.30,1,-1,-1,-1
490,303,7.25,215.45,292.39,789.50,1,-1,-1,-1
491,295,1446.68,396.12,108.30,310.36,1,-1,-1,-1
491,300,510.66,313.96,179.57,527.65,1,-1,-1,-1
491,301,1804.33,422.01,81.23,210.60,1,-1,-1,-1
491,290,1548.40,409.93,105.15,265.91,1,-1,-1,-1
491,302,1233.33,455.42,94.44,200.34,1,-1,-1,-1
491,303,12.24,218.68,303.68,789.14,1,-1,-1,-1
492,295,1449.36,395.92,109.88,310.29,1,-1,-1,-1
492,300,523.00,314.98,175.33,520.64,1,-1,-1,-1
492,301,1807.51,423.15,79.23,207.78,1,-1,-1,-1
492,290,1542.14,412.85,107.19,263.55,1,-1,-1,-1
492,302,1238.55,456.46,93.35,198.14,1,-1,-1,-1
492,303,21.13,216.81,333.63,775.93,1,-1,-1,-1
493,295,1453.72,394.78,111.46,309.75,1,-1,-1,-1
493,300,531.88,323.20,174.62,523.88,1,-1,-1,-1
493,301,1811.07,421.61,78.54,209.62,1,-1,-1,-1
493,290,1535.07,420.48,108.21,251.80,1,-1,-1,-1
493,302,1247.19,454.67,88.42,199.18,1,-1,-1,-1
493,303,44.81,219.77,346.88,755.25,1,-1,-1,-1
494,295,1461.37,396.10,108.63,308.90,1,-1,-1,-1
494,300,535.51,326.72,182.00,520.09,1,-1,-1,-1
494,301,1813.19,421.10,80.01,210.57,1,-1,-1,-1
494,290,1528.80,423.24,106.82,249.59,1,-1,-1,-1
494,302,1253.68,452.60,85.22,199.47,1,-1,-1,-1
494,303,63.67,222.52,358.29,749.53,1,-1,-1,-1
495,295,1467.77,396.36,106.10,308.70,1,-1,-1,-1
495,300,542.75,328.80,184.93,516.33,1,-1,-1,-1
495,301,1815.46,421.43,80.29,210.29,1,-1,-1,-1
495,290,1535.18,433.49,101.77,231.57,1,-1,-1,-1
495,302,1262.00,449.43,83.54,200.35,1,-1,-1,-1
495,303,81.13,226.69,374.96,747.38,1,-1,-1,-1
496,295,1474.30,395.25,104.93,308.40,1,-1,-1,-1
496,300,552.96,332.02,184.52,515.54,1,-1,-1,-1
496,301,1817.28,420.92,82.57,211.05,1,-1,-1,-1
496,290,1541.94,437.62,98.42,226.20,1,-1,-1,-1
496,302,1269.20,448.67,82.12,199.80,1,-1,-1,-1
496,303,96.96,241.50,391.99,738.80,1,-1,-1,-1
497,295,1477.08,394.78,107.28,305.92,1,-1,-1,-1
497,300,562.11,322.91,186.52,517.92,1,-1,-1,-1
497,301,1818.85,421.02,83.56,211.73,1,-1,-1,-1
497,290,1545.10,436.22,100.50,230.35,1,-1,-1,-1
497,302,1273.47,449.96,79.72,197.90,1,-1,-1,-1
497,303,108.52,244.86,409.70,733.43,1,-1,-1,-1
497,275,1436.65,421.63,71.70,256.41,1,-1,-1,-1
498,295,1481.22,392.75,109.73,303.59,1,-1,-1,-1
498,300,567.64,329.17,187.42,508.94,1,-1,-1,-1
498,301,1819.68,421.85,81.29,210.43,1,-1,-1,-1
498,302,1279.35,448.70,82.86,200.50,1,-1,-1,-1
498,303,131.57,249.68,405.63,723.91,1,-1,-1,-1
498,275,1423.74,419.78,86.22,252.58,1,-1,-1,-1
498,298,1588.73,447.75,80.92,199.19,1,-1,-1,-1
499,295,1488.61,395.16,107.93,302.03,1,-1,-1,-1
499,300,572.84,331.07,187.38,507.77,1,-1,-1,-1
499,301,1820.70,422.54,78.81,208.61,1,-1,-1,-1
499,302,1282.60,449.50,85.06,200.08,1,-1,-1,-1
499,303,139.51,249.07,411.91,720.39,1,-1,-1,-1
499,275,1416.61,423.95,91.81,246.86,1,-1,-1,-1
499,298,1594.80,448.66,78.08,198.89,1,-1,-1,-1
500,295,1494.66,392.83,104.86,305.75,1,-1,-1,-1
500,300,583.59,332.52,183.39,507.10,1,-1,-1,-1
500,301,1822.28,422.03,77.56,207.01,1,-1,-1,-1
500,302,1286.07,450.12,91.48,197.85,1,-1,-1,-1
500,303,159.63,246.70,403.59,714.72,1,-1,-1,-1
500,275,1408.40,429.19,94.59,241.50,1,-1,-1,-1
500,298,1599.40,449.72,77.31,197.98,1,-1,-1,-1
501,295,1497.92,392.93,104.39,307.77,1,-1,-1,-1
501,300,591.31,333.44,180.72,505.22,1,-1,-1,-1
501,301,1823.15,422.11,76.76,206.02,1,-1,-1,-1
501,302,1289.52,453.22,94.53,194.47,1,-1,-1,-1
501,303,193.97,253.52,382.51,711.34,1,-1,-1,-1
501,275,1403.53,431.43,97.07,240.13,1,-1,-1,-1
501,298,1607.12,451.11,74.54,195.32,1,-1,-1,-1
502,295,1499.28,393.93,106.25,304.74,1,-1,-1,-1
502,300,598.45,331.98,178.52,502.35,1,-1,-1,-1
502,301,1824.12,423.30,76.48,204.75,1,-1,-1,-1
502,302,1291.98,453.24,97.32,197.26,1,-1,-1,-1
502,303,242.29,251.78,339.24,712.26,1,-1,-1,-1
502,275,1400.51,430.83,97.67,242.24,1,-1,-1,-1
502,298,1613.07,450.57,72.51,196.37,1,-1,-1,-1
503,295,1504.04,398.58,103.18,300.04,1,-1,-1,-1
503,300,606.14,329.77,175.48,499.40,1,-1,-1,-1
503,301,1826.00,423.79,75.25,205.23,1,-1,-1,-1
503,302,1297.01,452.80,96.49,197.65,1,-1,-1,-1
503,303,295.19,242.19,292.24,720.46,1,-1,-1,-1
503,275,1394.69,440.63,96.87,232.05,1,-1,-1,-1
503,298,1613.27,446.90,73.99,199.27,1,-1,-1,-1
504,295,1510.38,401.96,99.94,297.62,1,-1,-1,-1
504,300,612.60,328.53,175.21,498.37,1,-1,-1,-1
504,301,1827.14,424.87,75.26,204.04,1,-1,-1,-1
504,302,1299.85,453.33,93.62,199.63,1,-1,-1,-1
504,303,341.79,242.48,254.38,709.08,1,-1,-1,-1
504,275,1387.25,440.74,98.99,229.60,1,-1,-1,-1
504,298,1612.63,445.89,76.40,199.17,1,-1,-1,-1
505,295,1512.67,400.95,106.21,296.67,1,-1,-1,-1
505,300,620.20,327.03,174.74,494.08,1,-1,-1,-1
505,301,1828.34,424.55,75.56,203.30,1,-1,-1,-1
505,302,1305.89,452.18,93.08,199.94,1,-1,-1,-1
505,303,382.69,241.07,225.27,696.33,1,-1,-1,-1
505,275,1381.14,440.40,99.46,230.51,1,-1,-1,-1
505,298,1611.98,445.00,77.20,198.37,1,-1,-1,-1
506,295,1517.51,400.85,106.08,292.01,1,-1,-1,-1
506,300,627.13,326.54,173.25,491.51,1,-1,-1,-1
506,301,1828.59,424.68,77.07,203.15,1,-1,-1,-1
506,302,1311.21,451.58,91.58,198.63,1,-1,-1,-1
506,303,401.14,239.92,222.36,696.32,1,-1,-1,-1
506,275,1372.23,438.90,100.42,231.96,1,-1,-1,-1
506,298,1615.77,445.73,75.18,197.31,1,-1,-1,-1
507,295,1518.84,398.12,105.32,294.98,1,-1,-1,-1
507,300,633.28,329.64,178.91,492.22,1,-1,-1,-1
507,301,1827.67,425.59,79.81,204.31,1,-1,-1,-1
507,302,1322.99,457.26,74.69,189.97,1,-1,-1,-1
507,303,413.52,251.24,233.34,664.77,1,-1,-1,-1
507,275,1366.73,439.63,97.82,230.17,1,-1,-1,-1
507,298,1619.15,445.28,73.82,197.45,1,-1,-1,-1
507,304,1453.51,426.73,87.68,244.83,1,-1,-1,-1
508,295,1528.67,402.24,99.68,288.61,1,-1,-1,-1
508,300,637.85,329.30,189.32,490.92,1,-1,-1,-1
508,301,1828.22,426.89,80.99,202.87,1,-1,-1,-1
508,303,425.57,255.86,250.99,671.37,1,-1,-1,-1
508,275,1362.33,442.10,95.19,227.53,1,-1,-1,-1
508,298,1623.55,447.76,71.39,193.95,1,-1,-1,-1
508,304,1441.30,429.68,98.30,241.61,1,-1,-1,-1
509,295,1533.29,402.33,100.17,288.62,1,-1,-1,-1
509,300,643.08,327.92,196.15,491.92,1,-1,-1,-1
509,301,1829.47,425.13,79.99,204.31,1,-1,-1,-1
509,303,421.85,261.37,294.71,656.46,1,-1,-1,-1
509,275,1359.30,437.64,89.36,230.60,1,-1,-1,-1
509,298,1628.53,448.31,70.70,193.70,1,-1,-1,-1
509,304,1430.39,432.77,105.57,240.01,1,-1,-1,-1
510,295,1537.61,402.90,100.92,284.30,1,-1,-1,-1
510,300,652.13,328.18,204.32,488.59,1,-1,-1,-1
510,301,1828.27,426.52,81.12,204.40,1,-1,-1,-1
510,303,441.90,270.82,302.81,648.32,1,-1,-1,-1
510,275,1355.94,438.76,85.40,228.99,1,-1,-1,-1
510,298,1629.75,446.21,71.63,196.88,1,-1,-1,-1
510,304,1414.36,432.80,109.09,239.01,1,-1,-1,-1
511,295,1538.74,401.34,102.53,281.14,1,-1,-1,-1
511,300,662.08,327.76,207.54,484.09,1,-1,-1,-1
511,301,1831.43,426.85,80.74,203.92,1,-1,-1,-1
511,303,449.26,269.96,317.80,652.74,1,-1,-1,-1
511,275,1351.61,437.55,83.91,229.51,1,-1,-1,-1
511,298,1632.45,446.54,70.05,197.03,1,-1,-1,-1
511,304,1404.77,429.74,109.23,245.20,1,-1,-1,-1
512,295,1541.01,399.64,102.23,281.06,1,-1,-1,-1
512,301,1834.05,427.79,79.33,202.63,1,-1,-1,-1
512,303,462.62,274.55,316.20,645.78,1,-1,-1,-1
512,275,1344.06,439.43,85.30,225.45,1,-1,-1,-1
512,298,1635.30,444.92,68.21,199.42,1,-1,-1,-1
512,304,1404.24,429.33,100.76,243.27,1,-1,-1,-1
513,295,1545.48,397.65,100.49,283.96,1,-1,-1,-1
513,301,1837.29,429.24,76.49,202.75,1,-1,-1,-1
513,303,481.06,279.16,300.96,647.75,1,-1,-1,-1
513,275,1335.64,440.78,87.58,225.57,1,-1,-1,-1
513,298,1637.79,445.09,66.01,199.73,1,-1,-1,-1
513,304,1399.89,433.45,96.62,238.51,1,-1,-1,-1
514,295,1551.38,398.21,97.69,279.58,1,-1,-1,-1
514,301,1838.70,429.87,75.13,200.94,1,-1,-1,-1
514,303,509.90,276.58,276.27,652.35,1,-1,-1,-1
514,275,1332.52,435.71,86.32,228.96,1,-1,-1,-1
514,298,1638.42,442.69,66.99,201.67,1,-1,-1,-1
514,304,1393.26,426.19,91.75,241.75,1,-1,-1,-1
515,295,1556.81,398.46,96.20,283.75,1,-1,-1,-1
515,301,1841.41,433.12,72.50,202.22,1,-1,-1,-1
515,303,538.16,272.79,251.42,650.22,1,-1,-1,-1
515,275,1326.94,439.24,89.93,227.98,1,-1,-1,-1
515,298,1639.51,442.63,69.44,202.35,1,-1,-1,-1
515,304,1389.92,425.51,88.02,243.16,1,-1,-1,-1
516,295,1562.81,396.78,94.89,283.82,1,-1,-1,-1
516,301,1840.97,415.23,78.04,230.21,1,-1,-1,-1
516,303,569.17,268.31,235.14,636.97,1,-1,-1,-1
516,275,1316.98,439.20,98.19,228.24,1,-1,-1,-1
516,298,1642.43,444.41,67.48,200.04,1,-1,-1,-1
516,304,1385.34,425.83,86.78,240.47,1,-1,-1,-1
517,295,1566.39,400.41,95.54,281.54,1,-1,-1,-1
517,303,601.69,262.97,218.85,629.23,1,-1,-1,-1
517,275,1310.71,442.69,103.13,226.16,1,-1,-1,-1
517,298,1645.61,446.79,67.59,196.87,1,-1,-1,-1
517,304,1383.03,426.80,90.11,240.39,1,-1,-1,-1
518,295,1571.68,399.89,94.89,287.79,1,-1,-1,-1
518,303,638.69,267.38,200.50,618.81,1,-1,-1,-1
518,298,1648.84,446.86,69.64,199.35,1,-1,-1,-1
518,304,1365.60,425.86,106.94,244.21,1,-1,-1,-1
519,295,1575.70,403.33,96.53,284.26,1,-1,-1,-1
519,303,654.39,269.27,200.82,612.41,1,-1,-1,-1
519,298,1651.82,446.90,68.83,198.68,1,-1,-1,-1
519,304,1353.25,427.34,105.56,243.30,1,-1,-1,-1
520,295,1579.93,407.56,94.52,279.26,1,-1,-1,-1
520,303,658.03,273.29,217.10,606.79,1,-1,-1,-1
520,298,1655.07,446.97,67.87,198.02,1,-1,-1,-1
520,304,1349.48,428.37,100.48,243.47,1,-1,-1,-1
520,301,1841.61,385.25,79.69,279.36,1,-1,-1,-1
520,275,1304.27,445.17,81.89,217.12,1,-1,-1,-1
521,295,1584.06,405.64,91.11,274.90,1,-1,-1,-1
521,303,663.28,267.09,230.35,615.49,1,-1,-1,-1
521,298,1659.19,446.19,66.93,198.32,1,-1,-1,-1
521,304,1345.90,433.20,100.34,235.45,1,-1,-1,-1
521,301,1838.98,379.37,82.48,285.61,1,-1,-1,-1
521,275,1299.01,442.72,76.42,219.99,1,-1,-1,-1
522,295,1588.76,406.39,92.03,273.37,1,-1,-1,-1
522,303,669.07,275.09,247.93,602.66,1,-1,-1,-1
522,298,1660.95,446.11,69.19,198.82,1,-1,-1,-1
522,304,1342.57,438.35,103.42,224.32,1,-1,-1,-1
522,301,1835.68,373.25,85.78,302.48,1,-1,-1,-1
522,275,1293.70,438.62,79.01,223.97,1,-1,-1,-1
522,302,1414.16,450.44,91.49,206.16,1,-1,-1,-1
523,295,1592.22,404.09,92.92,271.59,1,-1,-1,-1
523,303,670.03,281.18,267.96,596.54,1,-1,-1,-1
523,298,1662.07,444.67,68.92,199.74,1,-1,-1,-1
523,304,1338.44,438.65,104.75,221.81,1,-1,-1,-1
523,301,1834.37,367.94,87.09,316.31,1,-1,-1,-1
523,275,1284.49,441.42,78.95,219.81,1,-1,-1,-1
523,302,1423.45,450.77,88.51,206.12,1,-1,-1,-1
524,295,1597.41,402.53,93.46,273.24,1,-1,-1,-1
524,303,676.38,284.66,277.63,593.92,1,-1,-1,-1
524,298,1656.37,439.96,73.37,210.11,1,-1,-1,-1
524,304,1334.66,438.76,106.57,221.99,1,-1,-1,-1
524,301,1830.10,367.61,91.33,320.58,1,-1,-1,-1
524,275,1281.32,437.82,77.37,222.47,1,-1,-1,-1
524,302,1432.55,451.46,86.09,206.36,1,-1,-1,-1
525,295,1600.25,400.11,93.49,275.63,1,-1,-1,-1
525,303,686.48,299.82,282.43,572.32,1,-1,-1,-1
525,298,1658.87,441.02,68.31,208.47,1,-1,-1,-1
525,304,1331.86,441.61,104.18,220.52,1,-1,-1,-1
525,301,1829.24,368.02,92.17,320.53,1,-1,-1,-1
525,275,1278.78,438.38,72.18,225.18,1,-1,-1,-1
525,302,1435.10,453.67,92.34,204.77,1,-1,-1,-1
