1,1,18.60,152.30,76.30,193.50,1,-1,-1,-1
1,2,115.40,155.20,86.70,172.50,1,-1,-1,-1
1,3,306.90,212.50,14.10,33.50,1,-1,-1,-1
2,1,19.44,148.81,76.94,195.15,1,-1,-1,-1
2,2,116.57,153.33,89.36,177.52,1,-1,-1,-1
2,3,311.38,213.63,13.66,32.84,1,-1,-1,-1
3,1,21.37,143.03,79.82,204.46,1,-1,-1,-1
3,2,120.29,149.40,90.10,184.35,1,-1,-1,-1
3,3,317.49,213.15,14.22,32.59,1,-1,-1,-1
4,1,25.33,144.68,80.60,204.50,1,-1,-1,-1
4,2,125.05,148.60,89.19,186.11,1,-1,-1,-1
4,3,323.69,212.53,14.59,33.16,1,-1,-1,-1
4,4,254.96,197.92,26.73,65.99,1,-1,-1,-1
5,1,30.80,147.77,83.34,205.96,1,-1,-1,-1
5,2,132.72,149.53,90.27,193.66,1,-1,-1,-1
5,3,330.50,213.42,14.65,33.88,1,-1,-1,-1
5,4,264.11,199.25,26.51,67.70,1,-1,-1,-1
5,5,240.94,195.15,29.24,70.74,1,-1,-1,-1
6,1,33.92,147.92,84.37,205.82,1,-1,-1,-1
6,2,138.58,146.05,90.65,197.90,1,-1,-1,-1
6,4,270.92,201.15,25.69,66.33,1,-1,-1,-1
6,5,247.51,197.60,29.11,68.97,1,-1,-1,-1
6,6,224.68,202.40,24.31,66.13,1,-1,-1,-1
7,1,37.33,142.41,83.35,212.66,1,-1,-1,-1
7,2,141.87,144.81,92.26,199.26,1,-1,-1,-1
7,4,277.51,199.80,26.11,66.21,1,-1,-1,-1
7,5,254.30,196.80,27.29,68.97,1,-1,-1,-1
7,6,230.37,201.86,24.47,65.69,1,-1,-1,-1
8,1,39.70,141.42,87.35,219.48,1,-1,-1,-1
8,2,145.24,146.75,96.68,201.21,1,-1,-1,-1
8,4,285.64,202.46,25.97,66.56,1,-1,-1,-1
8,5,262.51,199.45,26.27,67.44,1,-1,-1,-1
8,6,237.29,202.68,24.75,67.49,1,-1,-1,-1
9,1,43.07,139.97,87.89,221.56,1,-1,-1,-1
9,2,148.68,143.64,98.42,203.05,1,-1,-1,-1
9,4,291.31,202.47,26.08,66.97,1,-1,-1,-1
9,5,268.43,198.49,26.10,69.64,1,-1,-1,-1
9,6,242.45,202.71,24.99,67.83,1,-1,-1,-1
9,3,356.68,214.02,13.88,34.63,1,-1,-1,-1
10,1,50.55,137.58,87.07,224.88,1,-1,-1,-1
10,2,156.51,142.91,99.95,205.72,1,-1,-1,-1
10,4,300.30,201.85,26.45,67.72,1,-1,-1,-1
10,5,277.90,198.54,25.25,68.90,1,-1,-1,-1
10,6,251.10,201.78,25.04,68.90,1,-1,-1,-1
10,3,365.26,214.86,14.66,33.77,1,-1,-1,-1
11,1,53.25,135.81,92.05,228.13,1,-1,-1,-1
11,2,162.92,143.22,101.10,206.68,1,-1,-1,-1
11,4,307.34,200.99,27.50,69.17,1,-1,-1,-1
11,5,284.73,198.01,24.72,69.70,1,-1,-1,-1
11,6,258.23,201.06,25.91,69.97,1,-1,-1,-1
11,3,372.88,216.16,14.73,32.33,1,-1,-1,-1
12,1,64.25,136.70,89.89,232.43,1,-1,-1,-1
12,2,172.17,141.36,104.41,216.34,1,-1,-1,-1
12,4,318.11,202.67,28.27,70.47,1,-1,-1,-1
12,5,295.91,202.08,24.47,68.79,1,-1,-1,-1
12,6,269.95,203.58,26.05,69.53,1,-1,-1,-1
12,3,384.14,218.07,14.57,32.99,1,-1,-1,-1
12,7,155.59,196.62,25.30,72.50,1,-1,-1,-1
13,1,65.29,136.31,92.36,234.00,1,-1,-1,-1
13,2,179.05,141.99,104.05,217.55,1,-1,-1,-1
13,4,324.82,202.18,26.83,70.24,1,-1,-1,-1
13,5,300.94,201.14,25.05,68.72,1,-1,-1,-1
13,6,275.68,203.99,24.73,68.49,1,-1,-1,-1
13,3,390.09,217.90,14.89,33.16,1,-1,-1,-1
13,7,161.30,197.28,26.67,72.90,1,-1,-1,-1
14,1,76.52,135.45,91.53,237.19,1,-1,-1,-1
14,2,189.90,138.89,106.64,222.70,1,-1,-1,-1
14,4,335.65,200.24,27.21,71.65,1,-1,-1,-1
14,5,311.40,201.08,25.27,67.79,1,-1,-1,-1
14,6,286.58,202.57,25.25,69.29,1,-1,-1,-1
14,3,400.95,215.58,15.51,34.39,1,-1,-1,-1
14,7,170.82,196.32,26.88,74.40,1,-1,-1,-1
15,1,83.30,134.23,91.09,242.46,1,-1,-1,-1
15,2,200.25,139.67,105.33,224.04,1,-1,-1,-1
15,4,344.70,200.52,28.19,72.74,1,-1,-1,-1
15,5,322.28,199.09,25.62,71.04,1,-1,-1,-1
15,6,297.38,202.32,25.61,70.15,1,-1,-1,-1
15,7,179.63,197.20,28.20,72.02,1,-1,-1,-1
16,1,85.39,129.93,92.22,246.88,1,-1,-1,-1
16,2,205.69,136.68,105.56,226.95,1,-1,-1,-1
16,4,351.23,198.72,28.10,71.95,1,-1,-1,-1
16,5,327.18,196.04,27.26,71.89,1,-1,-1,-1
16,6,303.88,196.88,23.13,72.61,1,-1,-1,-1
16,7,185.74,193.45,25.96,74.03,1,-1,-1,-1
17,1,85.85,127.46,92.48,252.92,1,-1,-1,-1
17,2,210.60,133.59,103.09,232.27,1,-1,-1,-1
17,5,332.06,194.21,27.08,73.57,1,-1,-1,-1
17,6,307.11,195.63,25.06,73.68,1,-1,-1,-1
17,7,190.03,192.11,28.38,73.89,1,-1,-1,-1
18,1,85.32,124.51,95.25,260.99,1,-1,-1,-1
18,2,213.75,135.54,106.96,235.75,1,-1,-1,-1
18,6,311.09,196.16,26.04,74.60,1,-1,-1,-1
18,7,193.67,191.06,28.83,75.20,1,-1,-1,-1
18,8,45.91,191.80,28.80,74.51,1,-1,-1,-1
19,1,83.79,120.29,96.22,265.77,1,-1,-1,-1
19,2,214.07,132.13,108.22,237.68,1,-1,-1,-1
19,7,194.82,188.45,27.69,75.53,1,-1,-1,-1
19,8,45.63,190.37,29.34,71.41,1,-1,-1,-1
20,1,79.54,115.20,97.29,268.99,1,-1,-1,-1
20,2,209.95,127.10,114.35,244.30,1,-1,-1,-1
20,7,192.87,187.60,28.40,73.72,1,-1,-1,-1
20,8,42.89,187.36,30.16,71.61,1,-1,-1,-1
21,1,75.40,113.05,99.51,274.56,1,-1,-1,-1
21,2,210.66,126.28,116.88,252.30,1,-1,-1,-1
21,7,193.52,186.58,29.92,74.51,1,-1,-1,-1
21,8,43.22,188.31,28.93,70.93,1,-1,-1,-1
22,1,72.26,105.42,102.79,285.04,1,-1,-1,-1
22,2,212.97,119.27,116.74,260.62,1,-1,-1,-1
22,7,197.17,183.55,27.55,75.80,1,-1,-1,-1
22,8,44.83,187.61,29.22,71.01,1,-1,-1,-1
23,1,72.61,107.62,103.52,292.37,1,-1,-1,-1
23,2,218.99,120.99,115.00,267.22,1,-1,-1,-1
23,7,202.55,189.81,27.81,77.16,1,-1,-1,-1
23,8,47.64,189.83,33.64,76.43,1,-1,-1,-1
24,1,71.30,106.53,106.75,299.08,1,-1,-1,-1
24,2,220.41,119.44,117.45,271.84,1,-1,-1,-1
25,1,66.95,105.89,113.68,304.57,1,-1,-1,-1
25,2,223.74,116.20,118.84,284.43,1,-1,-1,-1
26,1,64.65,102.07,113.85,314.52,1,-1,-1,-1
26,2,225.11,115.11,120.13,288.58,1,-1,-1,-1
27,1,60.95,98.84,118.80,320.86,1,-1,-1,-1
27,2,228.23,110.06,122.43,296.14,1,-1,-1,-1
28,1,59.96,94.98,123.03,330.61,1,-1,-1,-1
28,2,231.38,105.90,125.33,304.36,1,-1,-1,-1
29,1,58.16,87.52,126.94,343.94,1,-1,-1,-1
29,2,233.64,100.47,126.84,313.90,1,-1,-1,-1
30,1,53.16,84.87,131.22,349.61,1,-1,-1,-1
30,2,236.40,95.85,125.93,325.74,1,-1,-1,-1
31,1,53.76,80.25,130.65,362.89,1,-1,-1,-1
31,2,237.39,96.91,131.42,333.34,1,-1,-1,-1
32,1,55.03,78.26,135.46,368.48,1,-1,-1,-1
32,2,239.36,94.36,141.45,340.98,1,-1,-1,-1
32,3,467.68,209.40,15.62,37.03,1,-1,-1,-1
32,4,408.34,185.42,29.22,86.74,1,-1,-1,-1
33,1,59.29,68.05,135.97,381.55,1,-1,-1,-1
33,2,247.75,84.51,149.98,349.97,1,-1,-1,-1
33,3,477.23,204.48,16.22,39.54,1,-1,-1,-1
33,4,419.51,182.98,28.48,86.96,1,-1,-1,-1
33,5,394.80,184.51,24.17,77.58,1,-1,-1,-1
34,1,63.34,67.30,138.78,391.58,1,-1,-1,-1
34,2,255.77,84.66,152.12,362.80,1,-1,-1,-1
34,3,486.42,204.52,17.41,41.49,1,-1,-1,-1
34,4,428.55,186.35,28.66,84.35,1,-1,-1,-1
34,5,402.25,185.42,25.50,78.73,1,-1,-1,-1
35,1,71.43,68.63,138.28,400.93,1,-1,-1,-1
35,2,262.77,85.41,155.48,370.66,1,-1,-1,-1
35,3,494.66,205.60,18.11,43.17,1,-1,-1,-1
35,4,436.83,187.88,29.46,86.02,1,-1,-1,-1
35,5,410.87,188.69,25.53,78.36,1,-1,-1,-1
36,1,75.83,63.70,142.49,411.45,1,-1,-1,-1
36,2,271.77,77.83,163.60,382.88,1,-1,-1,-1
36,3,506.41,203.66,18.37,43.75,1,-1,-1,-1
36,4,447.76,186.15,29.99,86.43,1,-1,-1,-1
36,5,420.99,185.55,25.91,80.75,1,-1,-1,-1
37,1,73.50,60.05,145.61,420.84,1,-1,-1,-1
37,2,275.78,74.23,163.90,396.15,1,-1,-1,-1
37,3,509.83,203.45,18.67,44.08,1,-1,-1,-1
37,4,452.40,186.42,30.30,86.31,1,-1,-1,-1
37,5,425.26,181.62,26.92,85.04,1,-1,-1,-1
38,1,76.02,58.16,147.32,425.65,1,-1,-1,-1
38,2,276.94,70.70,177.11,407.12,1,-1,-1,-1
38,3,515.41,205.65,19.04,44.17,1,-1,-1,-1
38,4,458.24,188.68,29.99,86.15,1,-1,-1,-1
39,1,71.95,49.73,152.87,433.94,1,-1,-1,-1
39,2,278.32,63.04,186.37,418.08,1,-1,-1,-1
39,4,461.54,186.82,30.08,87.03,1,-1,-1,-1
40,1,68.10,51.24,160.13,433.39,1,-1,-1,-1
40,2,279.97,57.11,195.08,426.80,1,-1,-1,-1
40,4,465.34,191.20,31.01,82.90,1,-1,-1,-1
41,1,58.20,49.75,173.52,434.77,1,-1,-1,-1
41,2,280.59,55.94,199.42,428.66,1,-1,-1,-1
42,1,50.01,40.02,171.93,443.14,1,-1,-1,-1
42,2,279.93,54.58,200.49,429.66,1,-1,-1,-1
43,1,41.04,32.39,181.62,450.62,1,-1,-1,-1
43,2,279.92,50.87,207.21,433.68,1,-1,-1,-1
44,1,40.24,28.40,181.25,454.45,1,-1,-1,-1
44,2,280.52,50.52,215.34,433.64,1,-1,-1,-1
45,1,31.50,21.87,191.76,460.03,1,-1,-1,-1
45,2,283.14,43.07,218.87,439.68,1,-1,-1,-1
46,1,28.97,15.95,192.17,466.37,1,-1,-1,-1
46,2,280.31,37.26,226.60,445.96,1,-1,-1,-1
47,1,25.65,11.63,197.07,469.87,1,-1,-1,-1
47,2,283.62,37.57,228.73,444.68,1,-1,-1,-1
48,1,23.10,10.20,202.79,471.78,1,-1,-1,-1
48,2,286.14,30.14,237.10,452.14,1,-1,-1,-1
49,1,19.40,12.45,205.62,469.57,1,-1,-1,-1
49,2,285.98,28.25,243.66,453.84,1,-1,-1,-1
50,1,12.34,8.23,212.72,473.37,1,-1,-1,-1
50,2,285.99,22.14,248.02,459.58,1,-1,-1,-1
50,3,534.38,202.81,22.65,48.74,1,-1,-1,-1
51,1,11.42,2.40,215.70,478.81,1,-1,-1,-1
51,2,285.72,19.25,253.18,462.05,1,-1,-1,-1
52,1,9.43,0.03,219.00,481.40,1,-1,-1,-1
52,2,290.05,19.86,255.87,461.54,1,-1,-1,-1
53,1,7.92,-0.64,219.81,482.19,1,-1,-1,-1
53,2,294.08,15.50,248.33,465.96,1,-1,-1,-1
54,1,7.59,-0.23,220.35,481.87,1,-1,-1,-1
54,2,295.88,18.37,250.23,463.23,1,-1,-1,-1
55,1,7.60,-0.54,221.45,482.07,1,-1,-1,-1
55,2,298.36,17.62,254.73,463.79,1,-1,-1,-1
56,1,5.94,-0.18,223.94,481.46,1,-1,-1,-1
56,2,297.58,15.19,259.35,466.07,1,-1,-1,-1
57,1,3.82,-0.35,225.41,481.68,1,-1,-1,-1
57,2,300.05,11.93,265.98,469.41,1,-1,-1,-1
58,1,4.59,0.46,225.49,480.72,1,-1,-1,-1
58,2,302.01,10.89,268.81,470.24,1,-1,-1,-1
59,1,3.53,0.52,227.03,480.91,1,-1,-1,-1
59,2,303.42,10.97,272.09,470.24,1,-1,-1,-1
60,1,4.67,0.18,226.37,480.47,1,-1,-1,-1
60,2,303.40,7.53,277.44,473.13,1,-1,-1,-1
61,1,2.00,0.52,230.96,480.17,1,-1,-1,-1
61,2,303.65,5.96,284.55,474.77,1,-1,-1,-1
62,1,2.03,0.28,231.51,480.21,1,-1,-1,-1
62,2,304.14,6.97,290.23,473.58,1,-1,-1,-1
63,1,3.80,0.60,229.06,479.80,1,-1,-1,-1
63,2,308.79,3.82,289.42,476.73,1,-1,-1,-1
63,3,565.52,198.83,20.80,47.99,1,-1,-1,-1
64,1,3.66,0.88,230.58,479.69,1,-1,-1,-1
64,2,309.80,1.50,287.79,479.07,1,-1,-1,-1
64,3,567.05,200.22,20.23,44.43,1,-1,-1,-1
65,1,3.40,0.99,232.14,479.68,1,-1,-1,-1
65,2,311.79,0.70,283.32,479.93,1,-1,-1,-1
66,1,1.20,0.95,232.65,479.72,1,-1,-1,-1
66,2,312.79,0.48,282.85,480.27,1,-1,-1,-1
67,1,1.19,1.07,233.77,479.55,1,-1,-1,-1
67,2,310.07,0.59,291.75,480.17,1,-1,-1,-1
67,3,573.87,201.75,23.13,43.75,1,-1,-1,-1
68,1,3.38,1.07,234.43,479.62,1,-1,-1,-1
68,2,312.67,0.67,286.83,480.23,1,-1,-1,-1
69,1,3.16,1.10,233.27,479.52,1,-1,-1,-1
69,2,311.89,0.73,287.91,480.07,1,-1,-1,-1
70,1,1.78,1.20,235.11,479.54,1,-1,-1,-1
70,2,312.79,0.85,287.01,480.03,1,-1,-1,-1
71,1,2.76,1.12,233.98,479.58,1,-1,-1,-1
71,2,312.47,0.86,286.13,480.02,1,-1,-1,-1
71,3,581.07,198.57,23.59,48.67,1,-1,-1,-1
72,1,3.66,1.23,232.64,479.54,1,-1,-1,-1
72,2,309.75,1.02,289.30,479.93,1,-1,-1,-1
72,3,583.65,197.16,25.51,49.86,1,-1,-1,-1
73,1,3.16,1.22,232.52,479.52,1,-1,-1,-1
73,2,308.63,1.06,290.85,479.87,1,-1,-1,-1
73,3,586.99,196.96,24.52,51.00,1,-1,-1,-1
74,1,3.46,1.18,231.82,479.53,1,-1,-1,-1
74,2,309.89,1.02,289.44,479.84,1,-1,-1,-1
75,1,4.35,1.14,231.14,479.51,1,-1,-1,-1
75,2,308.71,2.62,289.90,478.21,1,-1,-1,-1
76,1,2.10,1.13,233.95,479.62,1,-1,-1,-1
76,2,308.76,3.41,290.94,477.41,1,-1,-1,-1
77,1,3.14,1.13,232.54,479.67,1,-1,-1,-1
77,2,310.27,1.85,288.71,478.96,1,-1,-1,-1
78,1,2.83,1.11,234.20,479.69,1,-1,-1,-1
78,2,310.05,2.25,287.00,478.55,1,-1,-1,-1
79,1,2.63,1.09,234.43,479.73,1,-1,-1,-1
79,2,311.42,1.37,285.81,479.40,1,-1,-1,-1
80,1,2.50,1.11,234.48,479.75,1,-1,-1,-1
80,2,310.45,1.02,283.35,479.71,1,-1,-1,-1
81,1,2.89,1.18,233.20,479.65,1,-1,-1,-1
81,2,309.77,0.94,286.29,479.71,1,-1,-1,-1
82,1,2.62,1.07,233.74,479.84,1,-1,-1,-1
82,2,310.38,0.86,283.24,479.93,1,-1,-1,-1
83,1,2.64,1.01,235.03,479.90,1,-1,-1,-1
83,2,313.63,4.99,274.46,475.83,1,-1,-1,-1
84,1,1.72,1.03,236.42,480.05,1,-1,-1,-1
84,2,313.63,2.63,276.73,478.46,1,-1,-1,-1
85,1,2.79,1.13,235.33,480.00,1,-1,-1,-1
85,2,309.02,1.65,282.73,479.48,1,-1,-1,-1
85,3,615.13,188.57,25.57,64.77,1,-1,-1,-1
86,1,3.31,1.23,232.27,480.11,1,-1,-1,-1
86,2,306.24,2.36,284.82,478.92,1,-1,-1,-1
86,3,616.56,190.19,25.16,62.77,1,-1,-1,-1
87,1,2.56,0.84,233.36,480.04,1,-1,-1,-1
87,2,305.00,3.70,283.17,477.14,1,-1,-1,-1
87,3,617.28,191.61,24.34,60.15,1,-1,-1,-1
88,1,2.15,1.37,235.10,479.88,1,-1,-1,-1
88,2,306.69,3.74,282.86,477.38,1,-1,-1,-1
89,1,2.24,1.14,232.12,479.86,1,-1,-1,-1
89,2,307.53,4.61,278.83,476.27,1,-1,-1,-1
90,1,2.60,1.65,232.97,479.37,1,-1,-1,-1
90,2,308.87,4.36,278.58,476.49,1,-1,-1,-1
91,1,1.53,2.21,236.80,478.77,1,-1,-1,-1
91,2,307.42,8.21,278.10,472.66,1,-1,-1,-1
92,1,1.88,1.55,237.04,479.45,1,-1,-1,-1
92,2,309.98,6.03,277.66,474.93,1,-1,-1,-1
93,1,1.47,1.70,237.04,479.17,1,-1,-1,-1
93,2,308.55,2.75,279.22,478.17,1,-1,-1,-1
94,1,1.51,1.46,236.18,479.26,1,-1,-1,-1
94,2,311.53,8.30,271.65,472.54,1,-1,-1,-1
95,1,1.36,1.06,235.14,479.68,1,-1,-1,-1
95,2,311.23,4.33,271.94,476.41,1,-1,-1,-1
96,1,0.85,0.93,234.42,479.81,1,-1,-1,-1
96,2,312.21,4.48,272.08,476.25,1,-1,-1,-1
97,1,0.95,1.15,234.77,479.83,1,-1,-1,-1
97,2,312.74,2.42,270.54,478.62,1,-1,-1,-1
98,1,1.94,0.94,234.64,479.93,1,-1,-1,-1
98,2,312.24,4.05,273.86,476.96,1,-1,-1,-1
99,1,2.82,0.98,233.29,479.99,1,-1,-1,-1
99,2,310.03,5.05,275.08,476.02,1,-1,-1,-1
100,1,1.46,0.90,231.74,480.06,1,-1,-1,-1
100,2,311.89,4.25,274.52,476.76,1,-1,-1,-1
101,1,2.35,0.99,229.77,480.01,1,-1,-1,-1
101,2,314.08,3.94,270.54,477.10,1,-1,-1,-1
102,1,1.57,0.90,231.29,480.05,1,-1,-1,-1
102,2,313.26,7.33,273.02,473.73,1,-1,-1,-1
103,1,1.86,0.97,231.78,480.03,1,-1,-1,-1
103,2,316.02,4.70,266.21,476.40,1,-1,-1,-1
104,1,3.12,1.09,230.43,479.97,1,-1,-1,-1
104,2,314.10,3.69,267.95,477.34,1,-1,-1,-1
105,1,2.45,2.11,227.72,478.93,1,-1,-1,-1
105,2,315.70,6.59,265.56,474.36,1,-1,-1,-1
106,1,3.37,1.45,226.18,479.56,1,-1,-1,-1
106,2,315.13,8.75,270.27,472.14,1,-1,-1,-1
107,1,2.52,1.29,228.60,479.79,1,-1,-1,-1
107,2,314.24,4.68,275.12,476.27,1,-1,-1,-1
108,1,1.44,1.01,231.87,479.94,1,-1,-1,-1
108,2,312.79,2.20,280.29,478.61,1,-1,-1,-1
109,1,1.20,1.80,231.26,479.22,1,-1,-1,-1
109,2,314.28,1.28,279.36,479.66,1,-1,-1,-1
110,1,1.68,1.21,228.96,479.80,1,-1,-1,-1
110,2,316.87,0.91,280.26,480.10,1,-1,-1,-1
111,1,1.21,1.09,230.96,479.91,1,-1,-1,-1
111,2,318.17,0.92,276.75,480.16,1,-1,-1,-1
112,1,2.21,0.96,227.00,480.04,1,-1,-1,-1
112,2,311.40,4.07,285.53,477.15,1,-1,-1,-1
113,1,2.99,2.16,225.65,478.80,1,-1,-1,-1
113,2,303.44,5.40,299.78,475.76,1,-1,-1,-1
114,1,1.89,1.37,226.33,479.61,1,-1,-1,-1
114,2,308.46,2.68,289.57,478.64,1,-1,-1,-1
115,1,1.57,1.07,228.10,479.71,1,-1,-1,-1
115,2,308.51,1.60,289.19,479.48,1,-1,-1,-1
116,1,1.72,1.29,227.50,479.29,1,-1,-1,-1
116,2,307.55,1.29,290.93,479.60,1,-1,-1,-1
117,1,1.96,1.18,227.64,479.15,1,-1,-1,-1
117,2,305.31,3.36,295.15,477.19,1,-1,-1,-1
118,1,1.88,1.16,230.37,479.16,1,-1,-1,-1
118,2,304.12,6.01,288.66,474.44,1,-1,-1,-1
119,1,2.04,1.27,230.82,479.05,1,-1,-1,-1
119,2,299.10,7.32,292.25,473.07,1,-1,-1,-1
120,1,1.91,1.30,232.43,479.18,1,-1,-1,-1
120,2,301.01,5.22,287.48,475.25,1,-1,-1,-1
121,1,2.24,1.46,235.26,478.87,1,-1,-1,-1
121,2,309.14,4.07,277.14,476.17,1,-1,-1,-1
122,1,2.31,1.54,237.47,478.77,1,-1,-1,-1
122,2,309.25,3.38,275.96,476.80,1,-1,-1,-1
123,1,2.23,1.50,243.03,478.80,1,-1,-1,-1
123,2,308.16,2.61,277.59,477.56,1,-1,-1,-1
124,1,1.79,1.32,245.74,479.26,1,-1,-1,-1
124,2,308.40,5.54,279.41,474.95,1,-1,-1,-1
125,1,1.74,1.31,249.93,479.29,1,-1,-1,-1
125,2,307.62,4.24,280.71,476.25,1,-1,-1,-1
126,1,1.94,1.08,248.88,479.90,1,-1,-1,-1
126,2,309.24,2.57,279.71,478.32,1,-1,-1,-1
127,1,4.80,1.09,246.06,479.93,1,-1,-1,-1
127,2,309.48,1.46,279.86,479.42,1,-1,-1,-1
127,10,587.62,205.07,19.13,35.36,1,-1,-1,-1
128,1,8.50,1.02,242.23,480.28,1,-1,-1,-1
128,2,307.92,4.83,281.84,476.31,1,-1,-1,-1
128,10,588.17,204.59,18.88,36.06,1,-1,-1,-1
129,1,6.31,1.03,244.21,480.43,1,-1,-1,-1
129,2,307.25,6.82,281.47,474.46,1,-1,-1,-1
129,10,588.36,204.15,18.56,36.62,1,-1,-1,-1
130,1,5.61,0.96,243.16,480.68,1,-1,-1,-1
130,2,308.52,2.95,278.23,478.51,1,-1,-1,-1
130,10,587.77,203.68,19.53,36.87,1,-1,-1,-1
131,1,4.95,0.87,244.21,480.81,1,-1,-1,-1
131,2,304.86,1.44,280.92,480.10,1,-1,-1,-1
131,10,586.92,204.04,19.92,36.87,1,-1,-1,-1
132,1,4.00,0.90,242.47,480.89,1,-1,-1,-1
132,2,306.32,3.08,277.86,478.54,1,-1,-1,-1
132,10,586.76,204.54,20.13,36.29,1,-1,-1,-1
133,1,5.25,0.83,240.86,480.80,1,-1,-1,-1
133,2,305.42,3.79,278.20,477.78,1,-1,-1,-1
133,10,586.31,204.82,19.63,36.27,1,-1,-1,-1
134,1,4.38,0.82,239.93,480.81,1,-1,-1,-1
134,2,308.79,3.54,272.87,478.04,1,-1,-1,-1
134,10,585.91,204.33,19.37,37.22,1,-1,-1,-1
135,1,5.30,0.73,236.37,480.82,1,-1,-1,-1
135,2,306.86,3.21,275.91,478.36,1,-1,-1,-1
135,10,585.85,204.41,19.06,36.90,1,-1,-1,-1
136,1,6.50,0.69,231.61,480.81,1,-1,-1,-1
136,2,306.85,2.20,275.84,479.33,1,-1,-1,-1
136,10,585.71,204.47,18.81,36.50,1,-1,-1,-1
137,1,2.49,1.05,234.58,480.35,1,-1,-1,-1
137,2,308.20,1.18,271.77,480.22,1,-1,-1,-1
137,10,585.79,204.31,18.79,37.34,1,-1,-1,-1
138,1,3.22,0.80,231.22,480.66,1,-1,-1,-1
138,2,306.18,2.42,275.93,479.06,1,-1,-1,-1
138,10,585.28,204.45,18.39,36.87,1,-1,-1,-1
139,1,2.70,0.79,230.10,480.43,1,-1,-1,-1
139,2,307.96,2.15,272.32,479.13,1,-1,-1,-1
139,10,585.11,204.27,18.63,37.79,1,-1,-1,-1
140,1,1.16,3.37,229.80,477.84,1,-1,-1,-1
140,2,307.62,3.00,274.85,478.23,1,-1,-1,-1
140,10,584.70,204.18,18.79,38.60,1,-1,-1,-1
141,1,1.47,3.07,226.21,478.07,1,-1,-1,-1
141,2,306.85,3.55,276.53,477.56,1,-1,-1,-1
141,10,583.42,204.30,19.26,38.43,1,-1,-1,-1
142,1,1.50,4.02,224.52,477.07,1,-1,-1,-1
142,2,306.59,5.16,277.79,475.88,1,-1,-1,-1
142,10,582.61,204.05,19.83,38.68,1,-1,-1,-1
143,1,0.82,2.98,225.86,478.15,1,-1,-1,-1
143,2,307.68,2.60,280.85,478.43,1,-1,-1,-1
143,10,582.22,204.08,19.99,38.18,1,-1,-1,-1
144,1,2.43,1.59,221.53,479.38,1,-1,-1,-1
144,2,310.48,1.41,279.13,479.55,1,-1,-1,-1
144,10,582.14,204.59,19.50,37.44,1,-1,-1,-1
145,1,1.21,0.89,224.21,480.08,1,-1,-1,-1
145,2,305.77,0.77,285.75,480.20,1,-1,-1,-1
146,1,1.22,0.89,223.55,479.99,1,-1,-1,-1
146,2,305.67,2.10,288.73,478.84,1,-1,-1,-1
147,1,1.52,1.04,225.90,479.47,1,-1,-1,-1
147,2,308.08,2.22,292.11,478.27,1,-1,-1,-1
148,1,2.11,1.59,229.66,478.75,1,-1,-1,-1
148,2,308.99,2.78,295.26,477.38,1,-1,-1,-1
149,1,2.23,1.69,229.95,478.48,1,-1,-1,-1
149,2,307.12,1.90,303.78,478.13,1,-1,-1,-1
150,1,2.00,2.23,232.11,478.24,1,-1,-1,-1
150,2,308.81,1.52,298.48,478.86,1,-1,-1,-1
151,1,3.28,1.68,232.26,478.76,1,-1,-1,-1
151,2,304.57,1.82,304.11,478.57,1,-1,-1,-1
152,1,3.76,1.26,233.43,479.41,1,-1,-1,-1
152,2,306.60,1.83,302.51,478.92,1,-1,-1,-1
153,1,3.91,1.15,235.78,479.64,1,-1,-1,-1
153,2,306.58,1.40,301.04,479.49,1,-1,-1,-1
153,10,579.97,204.24,18.33,37.27,1,-1,-1,-1
154,1,1.95,2.25,236.54,478.65,1,-1,-1,-1
154,2,300.92,1.15,298.96,479.89,1,-1,-1,-1
154,10,578.58,202.45,19.12,39.01,1,-1,-1,-1
155,1,3.54,1.51,235.44,479.61,1,-1,-1,-1
155,2,298.74,1.13,296.43,480.12,1,-1,-1,-1
155,10,578.58,202.57,19.17,38.74,1,-1,-1,-1
156,1,3.00,1.06,236.18,480.17,1,-1,-1,-1
156,2,295.79,0.99,291.96,480.40,1,-1,-1,-1
156,10,577.99,202.04,19.26,39.69,1,-1,-1,-1
156,11,549.08,195.42,22.25,52.22,1,-1,-1,-1
157,1,3.57,1.39,233.48,479.88,1,-1,-1,-1
157,2,293.37,0.83,282.56,480.58,1,-1,-1,-1
157,10,577.76,201.58,19.56,40.32,1,-1,-1,-1
157,11,548.63,197.73,21.52,49.08,1,-1,-1,-1
158,1,3.71,0.84,232.75,480.64,1,-1,-1,-1
158,2,295.15,0.67,262.86,480.93,1,-1,-1,-1
158,10,577.72,200.82,19.49,41.69,1,-1,-1,-1
158,11,546.91,198.10,22.62,50.75,1,-1,-1,-1
159,1,3.85,0.79,230.73,480.73,1,-1,-1,-1
159,2,296.55,0.77,243.67,480.86,1,-1,-1,-1
159,10,577.05,200.68,20.11,42.12,1,-1,-1,-1
159,11,545.83,197.71,23.84,51.93,1,-1,-1,-1
160,1,2.50,0.72,232.79,481.05,1,-1,-1,-1
160,2,298.79,3.87,227.06,478.09,1,-1,-1,-1
160,10,576.49,201.50,20.41,41.91,1,-1,-1,-1
160,11,545.30,197.34,24.04,52.87,1,-1,-1,-1
160,12,525.28,190.90,20.60,65.30,1,-1,-1,-1
161,1,0.65,0.21,231.09,481.51,1,-1,-1,-1
161,2,298.30,3.65,220.44,478.26,1,-1,-1,-1
161,10,575.69,201.93,20.21,41.06,1,-1,-1,-1
161,11,545.21,197.23,23.68,53.09,1,-1,-1,-1
161,12,524.09,190.38,20.45,66.16,1,-1,-1,-1
162,1,2.22,0.24,229.93,481.41,1,-1,-1,-1
162,2,299.95,3.93,216.98,477.68,1,-1,-1,-1
162,10,577.08,201.42,19.76,41.22,1,-1,-1,-1
162,11,546.12,196.05,23.98,54.02,1,-1,-1,-1
162,12,523.75,189.48,21.44,67.64,1,-1,-1,-1
162,13,494.12,178.95,35.78,103.92,1,-1,-1,-1
163,1,2.62,0.54,226.83,481.34,1,-1,-1,-1
163,2,297.11,1.82,216.85,479.96,1,-1,-1,-1
163,10,577.13,202.34,19.31,39.89,1,-1,-1,-1
163,11,546.28,197.09,23.39,53.12,1,-1,-1,-1
163,12,523.22,189.26,19.56,69.34,1,-1,-1,-1
163,13,494.56,179.40,37.16,100.58,1,-1,-1,-1
164,1,0.77,0.43,230.11,481.08,1,-1,-1,-1
164,2,294.27,3.95,218.05,477.55,1,-1,-1,-1
164,10,575.65,201.61,19.72,40.89,1,-1,-1,-1
164,11,545.63,196.65,23.87,53.49,1,-1,-1,-1
164,12,520.62,187.69,19.96,71.85,1,-1,-1,-1
164,13,494.96,178.88,37.88,100.00,1,-1,-1,-1
165,1,0.48,1.68,231.14,480.00,1,-1,-1,-1
165,2,295.89,5.81,215.01,475.91,1,-1,-1,-1
165,10,575.77,201.43,19.40,41.21,1,-1,-1,-1
165,11,545.79,196.49,23.97,54.10,1,-1,-1,-1
165,13,496.03,180.90,36.23,98.27,1,-1,-1,-1
166,1,0.87,1.27,231.55,479.85,1,-1,-1,-1
166,2,296.68,2.92,214.96,478.23,1,-1,-1,-1
166,10,575.80,201.32,19.20,41.34,1,-1,-1,-1
166,11,546.13,195.81,24.18,54.73,1,-1,-1,-1
166,13,497.07,179.19,35.45,97.98,1,-1,-1,-1
167,1,2.33,1.11,226.85,480.25,1,-1,-1,-1
167,2,293.68,1.69,216.57,479.68,1,-1,-1,-1
167,10,574.87,201.79,19.13,40.41,1,-1,-1,-1
167,11,545.45,195.73,24.33,55.51,1,-1,-1,-1
167,13,497.02,180.14,34.99,97.26,1,-1,-1,-1
168,1,2.44,0.99,223.76,480.06,1,-1,-1,-1
168,2,294.21,6.24,215.19,474.79,1,-1,-1,-1
168,10,573.99,201.12,19.83,40.75,1,-1,-1,-1
168,11,545.23,195.53,24.17,55.82,1,-1,-1,-1
168,13,497.87,180.55,35.19,95.88,1,-1,-1,-1
169,1,1.65,1.27,225.80,479.86,1,-1,-1,-1
169,2,295.54,5.17,213.75,475.89,1,-1,-1,-1
169,10,574.14,201.02,19.70,41.06,1,-1,-1,-1
169,11,545.90,195.80,23.78,55.38,1,-1,-1,-1
169,13,497.85,180.61,35.70,96.35,1,-1,-1,-1
170,1,1.22,1.05,226.14,479.89,1,-1,-1,-1
170,2,293.35,6.88,214.85,474.02,1,-1,-1,-1
170,11,545.83,195.23,24.15,57.27,1,-1,-1,-1
170,13,497.97,178.97,35.19,97.45,1,-1,-1,-1
171,1,3.48,1.11,222.69,479.82,1,-1,-1,-1
171,2,292.79,3.23,214.34,477.70,1,-1,-1,-1
172,1,3.46,1.13,222.34,479.62,1,-1,-1,-1
172,2,292.18,1.77,216.37,478.91,1,-1,-1,-1
173,1,3.79,1.24,224.87,479.58,1,-1,-1,-1
173,2,292.52,1.39,216.90,479.41,1,-1,-1,-1
174,1,3.11,1.27,227.51,479.46,1,-1,-1,-1
174,2,293.77,3.79,216.46,476.84,1,-1,-1,-1
175,1,4.11,1.40,226.09,479.38,1,-1,-1,-1
175,2,292.02,6.46,218.09,474.23,1,-1,-1,-1
176,1,4.77,1.71,224.32,479.02,1,-1,-1,-1
176,2,293.69,3.08,218.44,477.58,1,-1,-1,-1
177,1,3.63,1.41,227.71,479.39,1,-1,-1,-1
177,2,293.88,1.68,217.54,479.07,1,-1,-1,-1
177,10,572.64,196.62,20.09,50.57,1,-1,-1,-1
178,1,4.91,1.04,222.58,479.63,1,-1,-1,-1
178,2,291.79,5.01,215.31,475.63,1,-1,-1,-1
178,10,569.88,199.81,20.17,46.18,1,-1,-1,-1
178,11,545.38,196.68,23.16,54.56,1,-1,-1,-1
178,13,497.08,179.42,36.07,98.83,1,-1,-1,-1
179,1,4.35,1.08,221.44,479.66,1,-1,-1,-1
179,2,291.67,7.74,214.06,473.00,1,-1,-1,-1
179,10,568.98,201.24,20.20,44.50,1,-1,-1,-1
179,11,545.01,196.66,23.94,54.80,1,-1,-1,-1
179,13,496.01,180.33,36.45,99.14,1,-1,-1,-1
180,1,3.33,1.05,226.19,479.67,1,-1,-1,-1
180,2,294.54,3.48,213.33,477.27,1,-1,-1,-1
180,10,568.50,201.74,20.47,44.48,1,-1,-1,-1
180,11,544.85,196.43,24.03,55.33,1,-1,-1,-1
180,13,496.61,180.21,35.32,98.77,1,-1,-1,-1
181,1,3.55,1.18,225.73,479.65,1,-1,-1,-1
181,2,296.09,2.57,212.51,478.25,1,-1,-1,-1
181,10,567.91,201.98,21.03,44.72,1,-1,-1,-1
181,11,544.10,196.01,24.74,56.19,1,-1,-1,-1
181,13,497.07,181.29,33.69,97.76,1,-1,-1,-1
181,14,521.22,187.71,21.52,73.72,1,-1,-1,-1
182,1,4.03,1.15,222.83,479.69,1,-1,-1,-1
182,2,297.71,1.54,213.14,479.27,1,-1,-1,-1
182,10,567.53,201.53,20.79,45.01,1,-1,-1,-1
182,11,543.78,195.97,25.21,55.53,1,-1,-1,-1
182,13,496.85,180.30,33.37,102.56,1,-1,-1,-1
182,14,520.39,187.06,23.01,74.86,1,-1,-1,-1
183,1,3.77,1.09,222.47,479.75,1,-1,-1,-1
183,2,298.09,1.12,215.01,479.69,1,-1,-1,-1
183,10,567.40,201.01,20.76,45.78,1,-1,-1,-1
183,11,543.92,195.88,25.05,55.42,1,-1,-1,-1
183,13,496.09,181.02,32.38,103.94,1,-1,-1,-1
183,14,522.39,187.08,21.28,74.86,1,-1,-1,-1
184,1,3.90,1.13,224.53,479.76,1,-1,-1,-1
184,2,299.91,3.17,212.90,477.65,1,-1,-1,-1
184,10,567.44,201.01,20.75,45.60,1,-1,-1,-1
184,11,544.78,196.18,24.73,54.84,1,-1,-1,-1
184,14,522.83,186.06,24.35,75.65,1,-1,-1,-1
185,1,2.18,2.08,228.27,478.86,1,-1,-1,-1
185,2,302.39,1.80,212.04,479.07,1,-1,-1,-1
185,10,567.29,201.04,20.74,44.93,1,-1,-1,-1
185,11,543.34,195.25,25.86,55.96,1,-1,-1,-1
185,14,523.62,185.33,25.88,76.25,1,-1,-1,-1
186,1,2.84,1.46,224.92,479.49,1,-1,-1,-1
186,2,304.70,1.26,208.39,479.65,1,-1,-1,-1
186,10,567.06,201.40,20.47,44.41,1,-1,-1,-1
186,11,542.88,194.72,26.02,57.18,1,-1,-1,-1
186,14,524.91,185.24,25.95,75.88,1,-1,-1,-1
187,1,1.66,1.25,225.69,479.73,1,-1,-1,-1
187,2,306.35,1.12,208.20,479.86,1,-1,-1,-1
187,10,566.50,201.74,20.42,44.21,1,-1,-1,-1
187,11,542.82,194.73,26.13,58.16,1,-1,-1,-1
187,14,525.64,186.13,25.30,74.33,1,-1,-1,-1
188,1,1.23,1.47,227.01,479.47,1,-1,-1,-1
188,2,303.69,3.70,213.06,477.27,1,-1,-1,-1
188,10,566.00,201.69,20.60,44.67,1,-1,-1,-1
188,11,542.50,194.88,26.29,57.94,1,-1,-1,-1
188,14,526.25,186.07,25.41,74.45,1,-1,-1,-1
189,1,1.11,1.13,228.31,479.79,1,-1,-1,-1
189,2,303.78,4.52,213.65,476.43,1,-1,-1,-1
189,10,565.17,201.84,20.67,45.17,1,-1,-1,-1
189,11,541.40,195.32,26.48,56.60,1,-1,-1,-1
189,14,526.58,186.38,25.36,74.63,1,-1,-1,-1
190,1,2.33,1.05,224.27,479.88,1,-1,-1,-1
190,2,305.04,2.28,213.18,478.68,1,-1,-1,-1
190,10,564.54,201.26,20.43,46.08,1,-1,-1,-1
190,11,541.00,195.24,26.94,55.75,1,-1,-1,-1
190,14,526.22,186.65,25.86,74.89,1,-1,-1,-1
191,1,1.63,1.05,227.70,479.92,1,-1,-1,-1
191,2,304.19,1.66,214.53,479.34,1,-1,-1,-1
191,10,564.27,201.98,20.28,45.83,1,-1,-1,-1
191,11,541.72,195.24,25.15,56.62,1,-1,-1,-1
191,14,527.34,187.45,26.89,73.24,1,-1,-1,-1
192,1,2.15,2.00,225.69,478.96,1,-1,-1,-1
192,2,303.39,1.19,215.63,479.79,1,-1,-1,-1
192,10,563.60,202.16,20.62,45.92,1,-1,-1,-1
192,14,527.29,188.06,28.37,73.64,1,-1,-1,-1
193,1,2.12,2.76,226.13,478.24,1,-1,-1,-1
193,2,304.76,1.05,212.19,480.00,1,-1,-1,-1
193,10,562.93,202.49,21.20,45.63,1,-1,-1,-1
193,14,527.80,187.67,28.15,75.26,1,-1,-1,-1
194,1,1.39,2.19,226.01,478.78,1,-1,-1,-1
194,2,306.23,0.93,210.06,480.09,1,-1,-1,-1
194,10,562.03,201.87,21.62,46.31,1,-1,-1,-1
194,14,527.71,187.12,28.36,76.73,1,-1,-1,-1
195,1,1.37,2.98,225.33,478.00,1,-1,-1,-1
195,2,305.72,1.65,211.16,479.39,1,-1,-1,-1
195,10,561.81,202.48,21.06,45.71,1,-1,-1,-1
195,14,527.96,186.96,29.21,77.68,1,-1,-1,-1
196,1,2.10,1.75,224.21,479.29,1,-1,-1,-1
196,2,305.17,1.20,210.93,479.84,1,-1,-1,-1
196,10,561.38,202.86,20.84,45.14,1,-1,-1,-1
196,14,527.29,186.85,29.92,78.09,1,-1,-1,-1
197,1,1.87,3.42,223.93,477.70,1,-1,-1,-1
197,2,305.40,2.75,210.79,478.33,1,-1,-1,-1
197,10,560.80,203.19,20.70,45.39,1,-1,-1,-1
197,14,528.02,186.81,30.32,78.37,1,-1,-1,-1
198,1,0.98,1.94,226.97,479.24,1,-1,-1,-1
198,2,303.67,1.65,212.76,479.49,1,-1,-1,-1
198,10,560.25,203.70,20.44,44.75,1,-1,-1,-1
198,14,528.06,187.05,30.45,78.92,1,-1,-1,-1
199,1,0.60,3.43,226.92,477.69,1,-1,-1,-1
199,2,301.80,1.99,215.87,479.12,1,-1,-1,-1
199,10,558.65,201.81,20.21,45.78,1,-1,-1,-1
199,14,528.11,186.40,30.21,79.79,1,-1,-1,-1
200,1,0.55,4.66,226.75,476.52,1,-1,-1,-1
200,2,301.07,3.94,218.09,477.20,1,-1,-1,-1
200,14,528.71,185.98,29.39,80.63,1,-1,-1,-1
201,1,0.55,3.13,228.12,478.03,1,-1,-1,-1
201,2,300.56,7.43,217.46,473.71,1,-1,-1,-1
201,14,528.59,185.86,29.17,80.27,1,-1,-1,-1
202,1,0.37,3.30,230.22,477.86,1,-1,-1,-1
202,2,298.22,3.28,219.19,477.90,1,-1,-1,-1
202,14,527.85,185.93,29.35,79.80,1,-1,-1,-1
203,1,0.65,3.56,229.61,477.56,1,-1,-1,-1
203,2,299.19,3.94,216.00,477.20,1,-1,-1,-1
203,14,528.19,186.70,28.54,79.17,1,-1,-1,-1
204,1,1.85,2.06,223.99,479.20,1,-1,-1,-1
204,2,295.72,2.85,221.78,478.47,1,-1,-1,-1
204,14,527.49,187.11,28.33,80.79,1,-1,-1,-1
205,1,1.34,3.16,222.54,477.95,1,-1,-1,-1
205,2,295.60,1.49,220.54,479.61,1,-1,-1,-1
205,14,527.46,186.36,27.63,80.74,1,-1,-1,-1
206,1,0.89,2.59,224.76,478.46,1,-1,-1,-1
206,2,292.60,0.98,224.80,479.96,1,-1,-1,-1
206,14,526.33,185.16,28.24,82.35,1,-1,-1,-1
207,1,0.64,1.77,224.04,479.29,1,-1,-1,-1
207,2,290.30,0.94,227.32,480.00,1,-1,-1,-1
207,14,524.21,184.08,28.99,85.22,1,-1,-1,-1
208,1,0.57,1.24,219.68,479.80,1,-1,-1,-1
208,2,292.90,1.14,223.10,479.80,1,-1,-1,-1
208,14,522.19,183.28,29.85,86.51,1,-1,-1,-1
209,1,1.06,1.05,214.06,479.90,1,-1,-1,-1
209,2,288.20,1.06,228.47,479.90,1,-1,-1,-1
209,14,521.59,182.98,30.46,87.08,1,-1,-1,-1
210,1,0.59,0.88,209.48,480.27,1,-1,-1,-1
210,2,283.81,0.89,232.72,480.27,1,-1,-1,-1
210,14,520.54,183.75,30.27,87.08,1,-1,-1,-1
211,1,0.55,0.69,206.35,480.42,1,-1,-1,-1
211,2,283.57,0.64,233.52,480.42,1,-1,-1,-1
211,14,520.52,183.77,30.40,86.46,1,-1,-1,-1
212,1,1.64,1.25,203.95,480.80,1,-1,-1,-1
212,2,281.91,3.30,237.46,478.61,1,-1,-1,-1
212,14,520.24,185.44,30.03,85.67,1,-1,-1,-1
213,1,0.15,0.38,198.54,481.19,1,-1,-1,-1
213,2,281.68,1.18,232.82,480.35,1,-1,-1,-1
213,14,518.81,184.04,29.71,85.98,1,-1,-1,-1
214,1,2.90,2.84,186.90,478.89,1,-1,-1,-1
214,2,281.45,0.95,231.11,480.78,1,-1,-1,-1
214,14,517.76,185.38,29.57,85.25,1,-1,-1,-1
214,15,146.61,54.56,135.28,365.16,1,-1,-1,-1
215,1,2.50,1.66,186.32,479.59,1,-1,-1,-1
215,2,284.98,0.95,229.02,480.30,1,-1,-1,-1
215,14,517.80,183.80,28.09,87.83,1,-1,-1,-1
215,15,147.19,62.25,142.90,351.19,1,-1,-1,-1
216,1,3.17,0.58,184.73,480.16,1,-1,-1,-1
216,2,287.26,0.47,223.62,480.46,1,-1,-1,-1
216,14,517.21,182.88,28.23,88.64,1,-1,-1,-1
216,15,160.57,62.60,136.33,346.21,1,-1,-1,-1
216,10,536.32,194.00,25.06,60.25,1,-1,-1,-1
217,1,3.91,0.89,181.34,479.44,1,-1,-1,-1
217,2,285.67,0.93,222.35,479.56,1,-1,-1,-1
217,14,515.94,181.44,28.46,90.14,1,-1,-1,-1
217,15,166.88,63.34,128.43,339.77,1,-1,-1,-1
217,10,533.74,190.44,25.85,65.22,1,-1,-1,-1
218,1,3.25,3.71,185.12,476.68,1,-1,-1,-1
218,2,288.28,1.80,215.99,478.64,1,-1,-1,-1
218,14,513.21,182.47,30.33,89.98,1,-1,-1,-1
218,15,170.53,67.79,127.46,332.68,1,-1,-1,-1
218,10,532.93,192.75,26.38,63.14,1,-1,-1,-1
219,1,4.95,6.21,188.36,473.88,1,-1,-1,-1
219,2,287.01,3.78,215.60,476.16,1,-1,-1,-1
219,14,512.11,183.69,30.97,87.72,1,-1,-1,-1
219,15,178.30,73.52,121.99,322.54,1,-1,-1,-1
219,10,533.08,193.21,26.97,62.95,1,-1,-1,-1
220,1,7.27,4.41,188.46,475.54,1,-1,-1,-1
220,2,288.96,6.37,211.22,473.13,1,-1,-1,-1
220,14,509.97,182.99,32.87,89.93,1,-1,-1,-1
220,15,187.10,81.88,116.58,307.33,1,-1,-1,-1
220,10,534.90,194.20,26.90,61.84,1,-1,-1,-1
221,1,6.40,4.53,198.70,475.31,1,-1,-1,-1
221,2,294.24,15.95,208.09,463.20,1,-1,-1,-1
221,14,507.44,183.46,33.75,89.99,1,-1,-1,-1
221,15,190.44,89.98,114.49,302.80,1,-1,-1,-1
221,10,535.43,194.70,27.21,62.04,1,-1,-1,-1
222,1,6.04,3.55,205.42,475.95,1,-1,-1,-1
222,2,296.70,22.11,200.75,456.77,1,-1,-1,-1
222,14,507.37,182.98,33.59,90.74,1,-1,-1,-1
222,15,196.54,92.09,112.21,299.81,1,-1,-1,-1
222,10,537.37,194.37,27.40,61.88,1,-1,-1,-1
222,16,487.60,183.39,25.54,96.99,1,-1,-1,-1
223,1,7.13,3.52,212.61,474.56,1,-1,-1,-1
223,2,300.25,22.36,192.86,455.69,1,-1,-1,-1
223,14,505.88,183.04,32.74,91.41,1,-1,-1,-1
223,15,203.75,90.03,105.53,289.21,1,-1,-1,-1
223,10,537.85,194.16,26.83,62.34,1,-1,-1,-1
223,16,484.51,182.62,32.29,99.48,1,-1,-1,-1
224,1,3.73,2.40,218.58,477.18,1,-1,-1,-1
224,2,301.31,23.35,186.56,456.48,1,-1,-1,-1
224,14,504.85,183.69,31.15,90.85,1,-1,-1,-1
224,15,207.76,96.17,99.82,273.54,1,-1,-1,-1
224,10,537.69,194.61,26.89,62.92,1,-1,-1,-1
224,16,481.33,180.83,36.51,103.48,1,-1,-1,-1
225,1,3.48,1.67,224.95,478.08,1,-1,-1,-1
225,2,302.81,32.95,183.42,446.96,1,-1,-1,-1
225,14,504.09,182.83,30.08,90.15,1,-1,-1,-1
225,15,215.72,101.25,93.83,261.43,1,-1,-1,-1
225,10,538.56,194.03,27.03,63.77,1,-1,-1,-1
225,16,481.64,181.52,37.64,102.06,1,-1,-1,-1
226,1,2.19,1.03,226.54,479.42,1,-1,-1,-1
226,2,305.60,34.46,182.29,446.17,1,-1,-1,-1
226,14,504.20,182.86,29.60,90.13,1,-1,-1,-1
226,15,221.98,105.18,89.62,252.59,1,-1,-1,-1
226,10,539.51,194.82,26.40,63.76,1,-1,-1,-1
226,16,482.56,180.08,37.80,103.59,1,-1,-1,-1
227,1,1.10,1.68,224.03,479.41,1,-1,-1,-1
227,2,307.41,41.15,175.86,440.18,1,-1,-1,-1
227,14,504.48,183.59,27.95,90.46,1,-1,-1,-1
227,15,227.97,111.01,86.25,242.11,1,-1,-1,-1
227,10,540.43,196.79,25.89,62.17,1,-1,-1,-1
227,16,482.16,179.83,38.68,104.91,1,-1,-1,-1
228,1,1.33,0.85,222.66,480.47,1,-1,-1,-1
228,2,310.46,44.75,170.75,436.82,1,-1,-1,-1
228,14,507.25,183.34,25.73,90.21,1,-1,-1,-1
228,15,231.02,113.63,88.33,238.90,1,-1,-1,-1
228,10,541.89,195.56,25.44,64.25,1,-1,-1,-1
228,16,483.02,178.60,37.75,107.04,1,-1,-1,-1
229,1,0.84,1.51,226.95,480.31,1,-1,-1,-1
229,2,315.33,54.45,161.30,427.43,1,-1,-1,-1
229,15,239.44,110.92,86.18,235.00,1,-1,-1,-1
229,10,544.38,194.92,26.00,65.92,1,-1,-1,-1
229,16,484.77,179.73,38.36,107.19,1,-1,-1,-1
230,1,-0.12,5.82,229.09,476.43,1,-1,-1,-1
230,2,318.56,58.35,152.69,423.70,1,-1,-1,-1
230,15,242.10,109.06,88.38,236.78,1,-1,-1,-1
230,10,546.65,195.57,26.45,65.89,1,-1,-1,-1
230,16,485.68,181.56,38.35,105.99,1,-1,-1,-1
231,1,-0.07,7.56,227.23,474.08,1,-1,-1,-1
231,2,320.76,60.23,148.11,421.57,1,-1,-1,-1
231,15,248.77,108.25,87.25,236.09,1,-1,-1,-1
231,10,551.08,196.43,26.11,65.58,1,-1,-1,-1
231,16,487.50,179.65,37.40,108.98,1,-1,-1,-1
231,14,509.31,182.36,32.48,98.77,1,-1,-1,-1
232,1,-0.02,8.83,225.57,472.93,1,-1,-1,-1
232,2,325.18,63.70,148.48,418.12,1,-1,-1,-1
232,15,253.58,110.69,85.02,235.09,1,-1,-1,-1
232,10,555.28,197.78,25.98,64.84,1,-1,-1,-1
232,16,489.72,181.14,35.97,110.77,1,-1,-1,-1
232,17,456.44,165.10,37.83,130.24,1,-1,-1,-1
232,14,511.13,182.64,33.28,99.21,1,-1,-1,-1
233,1,1.27,3.61,223.75,478.14,1,-1,-1,-1
233,2,334.31,61.41,138.93,420.68,1,-1,-1,-1
233,15,259.83,113.53,83.30,233.24,1,-1,-1,-1
233,10,560.50,197.94,25.34,65.09,1,-1,-1,-1
233,16,492.96,180.03,32.93,109.75,1,-1,-1,-1
233,17,467.98,167.04,37.84,118.18,1,-1,-1,-1
233,14,512.46,183.97,35.71,100.07,1,-1,-1,-1
234,1,3.29,0.91,223.68,480.82,1,-1,-1,-1
234,2,338.61,65.16,142.81,416.79,1,-1,-1,-1
234,15,266.66,119.71,80.64,225.37,1,-1,-1,-1
234,10,566.55,198.26,25.53,64.67,1,-1,-1,-1
234,14,515.92,183.70,37.89,101.38,1,-1,-1,-1
235,1,5.60,0.30,225.86,481.40,1,-1,-1,-1
235,2,346.94,67.65,143.10,414.31,1,-1,-1,-1
235,15,272.92,119.57,80.02,223.07,1,-1,-1,-1
235,10,571.80,195.52,27.83,68.70,1,-1,-1,-1
235,14,521.74,183.93,36.74,102.03,1,-1,-1,-1
236,1,8.77,1.04,228.27,480.24,1,-1,-1,-1
236,2,356.59,72.97,142.77,408.31,1,-1,-1,-1
236,15,279.95,118.99,77.38,215.17,1,-1,-1,-1
236,10,578.86,193.87,29.81,69.27,1,-1,-1,-1
236,14,525.62,180.80,37.33,104.69,1,-1,-1,-1
237,1,9.57,1.83,235.67,480.08,1,-1,-1,-1
237,2,369.86,83.15,146.14,397.93,1,-1,-1,-1
237,15,289.64,119.25,75.39,211.53,1,-1,-1,-1
237,10,585.82,193.26,32.05,72.31,1,-1,-1,-1
237,14,531.14,180.03,38.30,104.83,1,-1,-1,-1
238,1,12.51,4.10,239.86,477.52,1,-1,-1,-1
238,2,376.55,88.13,151.12,392.99,1,-1,-1,-1
238,15,294.80,119.80,74.29,208.75,1,-1,-1,-1
238,10,589.36,191.79,32.75,74.81,1,-1,-1,-1
239,1,19.72,8.02,241.75,473.52,1,-1,-1,-1
239,2,389.46,85.02,150.45,393.46,1,-1,-1,-1
239,15,303.57,122.33,71.60,203.86,1,-1,-1,-1
239,10,592.95,192.00,32.30,74.88,1,-1,-1,-1
240,1,33.83,7.32,232.28,472.15,1,-1,-1,-1
240,2,400.16,81.84,149.23,390.25,1,-1,-1,-1
240,15,309.44,123.09,68.57,199.26,1,-1,-1,-1
240,10,594.62,189.72,30.63,74.22,1,-1,-1,-1
241,1,41.29,10.71,231.14,469.21,1,-1,-1,-1
241,2,408.94,79.21,145.42,393.82,1,-1,-1,-1
241,15,310.73,122.89,68.18,197.80,1,-1,-1,-1
242,1,46.40,9.80,230.44,470.19,1,-1,-1,-1
242,2,421.80,83.40,141.89,386.28,1,-1,-1,-1
242,15,310.06,122.44,70.52,196.60,1,-1,-1,-1
243,1,47.46,5.75,232.04,475.03,1,-1,-1,-1
243,2,422.87,84.74,146.20,382.29,1,-1,-1,-1
243,15,309.54,120.59,72.12,196.33,1,-1,-1,-1
243,18,390.48,179.04,32.41,86.32,1,-1,-1,-1
244,1,54.99,6.33,228.67,474.30,1,-1,-1,-1
244,2,427.20,86.12,148.34,385.39,1,-1,-1,-1
244,15,310.39,120.34,73.96,196.10,1,-1,-1,-1
244,18,392.28,176.51,32.07,89.88,1,-1,-1,-1
245,1,52.91,7.59,233.75,474.01,1,-1,-1,-1
245,2,432.54,89.23,144.10,378.34,1,-1,-1,-1
245,15,308.74,120.64,77.18,195.97,1,-1,-1,-1
245,18,390.56,175.71,33.08,87.52,1,-1,-1,-1
246,1,55.09,6.07,232.36,474.95,1,-1,-1,-1
246,2,442.03,83.36,132.99,384.86,1,-1,-1,-1
246,15,307.94,120.36,76.86,197.01,1,-1,-1,-1
246,18,389.88,174.37,32.99,86.98,1,-1,-1,-1
246,19,412.84,171.79,37.19,112.34,1,-1,-1,-1
246,20,6.78,164.19,35.52,93.02,1,-1,-1,-1
247,1,65.63,14.37,224.06,466.07,1,-1,-1,-1
247,2,450.17,83.66,117.27,371.47,1,-1,-1,-1
247,15,309.20,121.56,74.92,192.00,1,-1,-1,-1
247,18,387.80,173.90,33.42,88.77,1,-1,-1,-1
247,19,412.13,172.04,37.54,111.03,1,-1,-1,-1
248,1,69.47,9.99,220.20,470.88,1,-1,-1,-1
248,2,455.73,84.48,106.80,367.40,1,-1,-1,-1
248,15,312.56,121.60,70.77,191.84,1,-1,-1,-1
248,18,387.32,173.22,32.81,91.15,1,-1,-1,-1
248,19,409.05,169.08,39.99,114.27,1,-1,-1,-1
249,1,78.25,6.93,215.93,475.03,1,-1,-1,-1
249,2,470.67,76.15,104.49,371.00,1,-1,-1,-1
249,15,315.09,121.69,69.85,192.76,1,-1,-1,-1
249,18,390.02,171.94,32.70,94.26,1,-1,-1,-1
249,19,411.81,168.88,39.37,115.48,1,-1,-1,-1
250,1,94.22,6.56,209.66,476.15,1,-1,-1,-1
250,15,320.12,123.93,69.62,192.59,1,-1,-1,-1
250,18,392.90,173.75,33.46,95.23,1,-1,-1,-1
250,19,415.22,169.61,39.74,119.09,1,-1,-1,-1
251,1,107.85,6.93,202.23,474.92,1,-1,-1,-1
251,15,323.15,125.10,68.27,188.10,1,-1,-1,-1
251,18,395.87,172.59,31.91,98.07,1,-1,-1,-1
251,19,415.74,168.44,39.83,121.58,1,-1,-1,-1
252,1,116.24,8.15,201.80,474.37,1,-1,-1,-1
252,15,326.67,129.66,68.16,186.76,1,-1,-1,-1
252,18,399.20,176.68,31.01,99.36,1,-1,-1,-1
252,19,417.30,172.17,40.82,121.51,1,-1,-1,-1
252,21,69.92,175.25,54.41,99.93,1,-1,-1,-1
253,1,123.07,11.14,205.24,470.94,1,-1,-1,-1
253,15,333.42,131.43,67.96,187.29,1,-1,-1,-1
253,18,404.80,176.52,28.24,101.54,1,-1,-1,-1
253,19,420.01,171.99,41.48,123.73,1,-1,-1,-1
253,21,68.49,180.63,55.49,97.61,1,-1,-1,-1
254,1,130.56,25.37,210.21,456.55,1,-1,-1,-1
254,15,336.52,132.72,66.80,184.44,1,-1,-1,-1
254,19,420.86,170.15,41.25,129.41,1,-1,-1,-1
254,21,62.51,181.87,56.46,97.84,1,-1,-1,-1
254,22,455.71,144.49,63.65,182.52,1,-1,-1,-1
255,1,138.49,27.65,207.85,454.95,1,-1,-1,-1
255,15,338.39,136.77,66.86,180.77,1,-1,-1,-1
255,19,420.60,169.38,40.31,136.38,1,-1,-1,-1
255,21,54.69,181.47,56.11,102.09,1,-1,-1,-1
255,22,447.84,143.14,67.13,191.55,1,-1,-1,-1
256,1,148.67,26.34,205.46,455.36,1,-1,-1,-1
256,15,339.97,134.61,63.11,181.69,1,-1,-1,-1
256,21,36.55,177.70,55.79,104.29,1,-1,-1,-1
256,22,432.51,141.21,76.39,195.33,1,-1,-1,-1
256,23,101.46,137.20,57.12,169.30,1,-1,-1,-1
257,1,156.61,32.91,204.00,448.54,1,-1,-1,-1
257,15,341.21,134.04,62.05,184.46,1,-1,-1,-1
257,21,24.22,178.38,56.92,106.10,1,-1,-1,-1
257,22,426.55,139.97,76.01,199.93,1,-1,-1,-1
257,23,88.90,134.42,58.64,176.07,1,-1,-1,-1
258,1,153.07,29.46,204.88,451.79,1,-1,-1,-1
258,15,338.29,132.17,63.83,184.08,1,-1,-1,-1
258,21,7.85,166.42,58.62,120.25,1,-1,-1,-1
258,22,412.15,132.83,78.14,211.35,1,-1,-1,-1
258,23,61.00,131.19,68.97,182.33,1,-1,-1,-1
259,1,148.17,21.20,205.12,460.08,1,-1,-1,-1
259,15,335.78,134.17,63.85,183.25,1,-1,-1,-1
259,22,397.08,128.79,81.66,218.74,1,-1,-1,-1
259,23,35.28,129.14,82.76,189.90,1,-1,-1,-1
260,1,140.97,28.37,202.94,453.66,1,-1,-1,-1
260,15,330.12,138.75,60.55,181.48,1,-1,-1,-1
260,22,378.10,126.56,87.81,231.03,1,-1,-1,-1
260,23,6.09,126.41,91.53,194.92,1,-1,-1,-1
261,1,130.35,24.51,201.87,457.93,1,-1,-1,-1
261,15,324.72,142.36,63.60,183.98,1,-1,-1,-1
261,22,361.18,127.23,95.22,236.85,1,-1,-1,-1
261,23,-6.85,125.48,87.92,199.91,1,-1,-1,-1
261,2,497.18,5.46,143.41,475.31,1,-1,-1,-1
262,1,117.34,14.55,203.83,467.27,1,-1,-1,-1
262,22,340.55,125.59,97.65,246.34,1,-1,-1,-1
262,2,480.97,1.77,158.90,480.51,1,-1,-1,-1
263,1,102.85,10.82,210.35,470.47,1,-1,-1,-1
263,22,319.92,122.36,100.27,259.50,1,-1,-1,-1
263,2,461.32,6.81,179.92,475.42,1,-1,-1,-1
264,1,94.18,6.27,209.59,474.80,1,-1,-1,-1
264,22,307.00,117.94,99.51,265.00,1,-1,-1,-1
264,2,451.52,8.53,191.62,473.60,1,-1,-1,-1
264,19,377.91,149.77,52.63,181.77,1,-1,-1,-1
265,1,77.91,5.30,217.60,476.07,1,-1,-1,-1
265,22,281.66,107.87,102.11,281.88,1,-1,-1,-1
265,2,440.36,3.82,202.07,478.48,1,-1,-1,-1
265,19,373.53,153.26,54.69,173.80,1,-1,-1,-1
266,1,69.37,4.46,223.43,476.17,1,-1,-1,-1
266,22,272.94,105.86,93.75,287.72,1,-1,-1,-1
266,2,432.73,1.16,210.09,480.69,1,-1,-1,-1
266,19,369.87,152.78,57.19,169.21,1,-1,-1,-1
267,1,61.12,-1.50,229.22,480.34,1,-1,-1,-1
267,2,429.05,-0.54,213.45,480.41,1,-1,-1,-1
267,19,360.54,143.54,60.84,172.14,1,-1,-1,-1
268,1,57.02,-1.52,235.00,479.81,1,-1,-1,-1
268,2,427.90,4.68,215.57,474.12,1,-1,-1,-1
268,19,357.64,138.66,61.70,173.91,1,-1,-1,-1
268,15,311.40,133.13,56.86,170.36,1,-1,-1,-1
269,1,54.79,0.37,243.08,478.44,1,-1,-1,-1
269,2,417.81,4.18,225.14,474.79,1,-1,-1,-1
269,19,350.37,132.92,62.03,176.43,1,-1,-1,-1
269,15,313.65,129.55,58.67,172.12,1,-1,-1,-1
270,1,49.43,-7.58,244.52,479.89,1,-1,-1,-1
270,2,413.17,-2.95,224.02,479.41,1,-1,-1,-1
270,19,338.94,115.39,60.77,178.42,1,-1,-1,-1
271,1,46.66,-10.09,246.12,481.22,1,-1,-1,-1
271,2,408.38,-9.34,232.93,481.92,1,-1,-1,-1
271,19,331.15,88.81,63.38,183.62,1,-1,-1,-1
272,1,37.13,-13.92,248.02,467.23,1,-1,-1,-1
272,2,397.69,-14.26,246.20,486.25,1,-1,-1,-1
272,19,318.50,49.04,65.89,195.10,1,-1,-1,-1
273,1,26.68,-2.06,257.13,454.33,1,-1,-1,-1
273,2,388.69,-3.55,256.15,483.30,1,-1,-1,-1
273,19,313.03,43.51,65.91,198.02,1,-1,-1,-1
273,18,257.58,60.31,55.97,147.53,1,-1,-1,-1
274,1,24.97,10.97,252.58,466.34,1,-1,-1,-1
274,2,386.36,7.35,259.18,476.74,1,-1,-1,-1
274,19,305.96,56.92,67.57,202.01,1,-1,-1,-1
274,18,257.67,86.26,55.48,133.34,1,-1,-1,-1
275,1,29.28,15.55,239.05,471.50,1,-1,-1,-1
275,2,380.42,11.76,259.40,475.71,1,-1,-1,-1
275,19,298.01,75.43,70.14,203.79,1,-1,-1,-1
275,18,257.84,107.44,50.87,133.07,1,-1,-1,-1
276,1,39.65,18.73,223.47,473.91,1,-1,-1,-1
276,2,380.86,16.18,259.97,475.69,1,-1,-1,-1
276,19,292.27,103.45,74.72,206.51,1,-1,-1,-1
276,18,263.87,134.05,43.40,133.79,1,-1,-1,-1
277,1,33.55,13.83,219.35,475.20,1,-1,-1,-1
277,2,377.60,10.26,259.49,478.39,1,-1,-1,-1
277,19,281.39,114.96,78.34,210.00,1,-1,-1,-1
278,1,26.94,9.64,212.59,475.84,1,-1,-1,-1
278,2,368.96,3.89,258.89,480.13,1,-1,-1,-1
278,19,268.81,114.41,80.09,220.38,1,-1,-1,-1
279,1,3.91,22.50,218.27,467.61,1,-1,-1,-1
279,2,355.95,6.35,262.43,481.06,1,-1,-1,-1
279,19,248.33,126.56,84.33,229.47,1,-1,-1,-1
280,1,-3.20,26.02,202.15,455.95,1,-1,-1,-1
280,2,340.46,2.30,257.78,478.00,1,-1,-1,-1
280,19,225.10,125.53,85.99,230.15,1,-1,-1,-1
280,15,292.56,150.66,48.61,146.41,1,-1,-1,-1
280,18,173.29,145.74,71.54,194.40,1,-1,-1,-1
281,1,-8.97,8.48,160.55,467.55,1,-1,-1,-1
281,2,317.35,-4.60,261.08,479.89,1,-1,-1,-1
281,19,189.06,106.36,86.40,241.76,1,-1,-1,-1
281,15,268.34,136.50,54.98,145.87,1,-1,-1,-1
281,18,138.49,131.14,74.19,204.27,1,-1,-1,-1
282,1,-4.45,14.14,109.83,470.25,1,-1,-1,-1
282,2,312.32,1.92,263.53,487.64,1,-1,-1,-1
282,19,159.85,109.56,87.63,256.47,1,-1,-1,-1
282,15,254.12,144.84,52.36,149.02,1,-1,-1,-1
283,1,2.48,30.27,103.95,452.47,1,-1,-1,-1
283,2,327.81,5.82,259.99,484.69,1,-1,-1,-1
283,19,152.21,116.35,88.30,268.59,1,-1,-1,-1
283,15,263.34,155.62,47.35,150.80,1,-1,-1,-1
284,1,6.96,34.36,113.22,443.02,1,-1,-1,-1
284,2,359.09,2.44,251.88,481.40,1,-1,-1,-1
284,19,150.51,112.49,95.71,277.42,1,-1,-1,-1
284,15,275.47,159.02,47.33,148.26,1,-1,-1,-1
285,1,7.10,31.22,126.59,446.08,1,-1,-1,-1
285,2,384.91,4.64,254.02,473.32,1,-1,-1,-1
285,19,154.77,104.85,98.91,286.60,1,-1,-1,-1
286,1,6.44,31.80,139.08,449.46,1,-1,-1,-1
286,2,420.92,0.78,229.05,478.73,1,-1,-1,-1
286,19,158.93,106.74,102.19,289.52,1,-1,-1,-1
286,24,354.94,77.26,120.61,362.90,1,-1,-1,-1
287,1,5.82,33.39,145.69,448.30,1,-1,-1,-1
287,2,459.40,9.91,191.41,469.90,1,-1,-1,-1
287,19,164.42,104.05,104.40,302.07,1,-1,-1,-1
287,24,370.00,73.68,131.09,380.27,1,-1,-1,-1
288,1,4.39,42.22,148.61,438.24,1,-1,-1,-1
288,2,493.74,13.63,154.58,465.72,1,-1,-1,-1
288,19,168.97,100.95,104.46,308.20,1,-1,-1,-1
288,24,388.18,61.39,134.33,406.09,1,-1,-1,-1
289,1,5.55,41.79,159.20,439.99,1,-1,-1,-1
289,19,182.06,98.54,100.28,324.40,1,-1,-1,-1
289,24,409.64,45.58,139.69,435.27,1,-1,-1,-1
290,1,7.88,49.01,168.29,431.14,1,-1,-1,-1
290,19,197.27,97.20,101.99,336.98,1,-1,-1,-1
290,24,428.51,38.52,162.78,445.24,1,-1,-1,-1
290,25,282.62,158.18,59.95,182.29,1,-1,-1,-1
291,1,5.99,42.02,178.69,437.09,1,-1,-1,-1
291,19,208.57,86.23,104.13,352.04,1,-1,-1,-1
291,24,447.57,24.49,178.93,460.29,1,-1,-1,-1
291,25,296.90,158.89,64.87,182.85,1,-1,-1,-1
292,1,8.78,46.26,183.56,433.37,1,-1,-1,-1
292,19,218.44,82.10,109.20,368.86,1,-1,-1,-1
292,24,473.33,18.40,171.09,467.93,1,-1,-1,-1
292,25,314.06,165.20,65.58,179.78,1,-1,-1,-1
293,1,6.37,42.65,194.13,436.15,1,-1,-1,-1
293,19,225.15,71.56,114.41,384.53,1,-1,-1,-1
293,24,511.90,9.01,137.74,476.11,1,-1,-1,-1
293,25,326.42,161.36,69.01,181.55,1,-1,-1,-1
294,1,12.78,35.64,197.92,443.14,1,-1,-1,-1
294,19,235.37,61.46,117.10,407.27,1,-1,-1,-1
294,25,342.03,165.73,70.49,177.95,1,-1,-1,-1
295,1,23.45,38.07,196.46,441.30,1,-1,-1,-1
295,19,242.47,57.49,125.38,417.66,1,-1,-1,-1
295,25,359.95,161.74,70.58,183.30,1,-1,-1,-1
296,1,29.76,42.46,194.31,439.60,1,-1,-1,-1
296,19,242.55,48.99,135.22,434.83,1,-1,-1,-1
296,25,371.07,163.36,74.67,183.89,1,-1,-1,-1
296,26,458.15,11.07,151.32,463.41,1,-1,-1,-1
297,1,35.10,43.68,197.79,436.25,1,-1,-1,-1
297,19,243.25,32.25,137.95,451.46,1,-1,-1,-1
297,25,381.90,159.98,78.17,182.02,1,-1,-1,-1
297,26,458.50,4.16,169.14,469.05,1,-1,-1,-1
298,1,41.91,45.63,201.32,435.97,1,-1,-1,-1
298,19,235.75,24.96,151.72,461.16,1,-1,-1,-1
298,25,396.11,162.99,87.95,180.40,1,-1,-1,-1
298,26,466.66,0.75,175.95,479.94,1,-1,-1,-1
299,1,45.08,52.54,201.33,431.26,1,-1,-1,-1
299,19,221.20,13.00,164.33,475.23,1,-1,-1,-1
299,25,401.11,161.47,96.23,176.56,1,-1,-1,-1
299,26,472.52,-1.83,173.82,485.12,1,-1,-1,-1
300,1,57.52,50.07,195.54,432.49,1,-1,-1,-1
300,19,210.96,7.62,174.40,479.47,1,-1,-1,-1
300,25,412.66,163.83,93.35,174.33,1,-1,-1,-1
300,26,487.00,-0.40,159.43,483.38,1,-1,-1,-1
301,1,77.27,31.98,174.00,447.76,1,-1,-1,-1
301,19,194.74,0.52,181.75,483.19,1,-1,-1,-1
301,25,417.93,165.72,88.50,171.95,1,-1,-1,-1
301,26,499.05,0.79,143.25,479.81,1,-1,-1,-1
301,27,2.72,145.80,60.58,172.50,1,-1,-1,-1
301,28,354.90,162.66,67.17,149.08,1,-1,-1,-1
302,19,166.60,-1.79,197.29,484.58,1,-1,-1,-1
302,25,432.76,165.75,74.61,169.76,1,-1,-1,-1
302,26,513.04,1.49,127.02,479.00,1,-1,-1,-1
302,27,2.20,143.59,64.82,172.02,1,-1,-1,-1
302,28,361.06,161.71,62.82,149.31,1,-1,-1,-1
303,19,136.35,-2.07,209.52,483.49,1,-1,-1,-1
303,25,446.29,164.47,66.64,171.88,1,-1,-1,-1
303,26,526.18,1.72,113.62,477.72,1,-1,-1,-1
303,28,369.77,160.53,57.68,149.85,1,-1,-1,-1
304,19,109.49,-3.18,208.02,483.82,1,-1,-1,-1
304,25,455.90,160.80,63.82,174.84,1,-1,-1,-1
304,28,375.37,157.58,52.82,148.50,1,-1,-1,-1
304,27,8.31,104.48,102.88,261.75,1,-1,-1,-1
305,25,461.89,162.50,66.74,174.63,1,-1,-1,-1
305,28,382.71,161.48,50.53,146.60,1,-1,-1,-1
305,29,292.50,159.64,66.15,160.71,1,-1,-1,-1
305,27,5.42,113.77,97.05,243.76,1,-1,-1,-1
305,1,63.07,2.96,210.86,477.33,1,-1,-1,-1
306,25,462.48,163.69,71.53,171.60,1,-1,-1,-1
306,28,382.20,157.68,55.69,150.10,1,-1,-1,-1
306,29,297.77,152.27,65.06,168.55,1,-1,-1,-1
306,1,29.05,11.31,243.52,467.85,1,-1,-1,-1
306,26,513.10,106.75,113.38,286.40,1,-1,-1,-1
307,25,466.27,163.95,74.53,172.59,1,-1,-1,-1
307,28,382.22,157.42,64.70,153.60,1,-1,-1,-1
307,29,301.26,150.77,67.40,170.06,1,-1,-1,-1
307,1,13.59,17.23,237.33,462.58,1,-1,-1,-1
307,26,508.44,121.31,115.91,262.73,1,-1,-1,-1
308,25,473.19,162.47,63.77,171.92,1,-1,-1,-1
308,28,386.24,156.88,67.62,155.64,1,-1,-1,-1
308,29,305.26,151.14,72.82,172.14,1,-1,-1,-1
308,26,501.94,120.67,123.39,262.82,1,-1,-1,-1
308,19,118.95,52.03,167.73,428.19,1,-1,-1,-1
309,25,471.31,166.23,49.33,140.91,1,-1,-1,-1
309,28,387.29,155.76,73.67,159.31,1,-1,-1,-1
309,29,309.51,153.78,80.05,171.97,1,-1,-1,-1
309,26,499.37,116.47,129.48,273.63,1,-1,-1,-1
309,19,125.74,53.70,163.18,426.41,1,-1,-1,-1
309,27,35.20,132.48,67.26,191.17,1,-1,-1,-1
310,25,465.18,174.19,44.50,123.56,1,-1,-1,-1
310,28,385.33,158.31,77.81,159.02,1,-1,-1,-1
310,29,307.72,156.28,80.97,172.78,1,-1,-1,-1
310,26,496.47,115.84,133.24,287.15,1,-1,-1,-1
310,19,123.62,51.24,165.70,429.80,1,-1,-1,-1
310,27,36.56,141.53,60.28,175.41,1,-1,-1,-1
311,25,458.63,178.27,43.63,117.69,1,-1,-1,-1
311,28,386.24,158.38,73.18,162.26,1,-1,-1,-1
311,29,303.18,154.04,78.24,176.61,1,-1,-1,-1
311,26,491.83,110.44,141.17,308.53,1,-1,-1,-1
311,19,121.68,50.60,162.94,431.80,1,-1,-1,-1
311,1,37.74,56.48,124.74,396.51,1,-1,-1,-1
312,25,453.65,177.97,42.41,114.96,1,-1,-1,-1
312,28,390.34,157.29,66.78,164.43,1,-1,-1,-1
312,29,300.70,150.84,78.72,180.95,1,-1,-1,-1
312,26,485.97,101.03,146.06,325.46,1,-1,-1,-1
312,19,119.76,59.93,166.19,420.01,1,-1,-1,-1
312,32,357.52,185.94,63.03,140.70,1,-1,-1,-1
312,1,7.16,57.27,122.12,406.62,1,-1,-1,-1
313,25,446.51,177.24,44.13,113.10,1,-1,-1,-1
313,28,393.61,157.28,61.67,163.98,1,-1,-1,-1
313,29,298.37,152.01,76.33,187.58,1,-1,-1,-1
313,26,482.35,95.29,151.45,341.14,1,-1,-1,-1
313,19,111.38,65.17,173.37,416.12,1,-1,-1,-1
313,32,356.46,185.58,62.38,142.90,1,-1,-1,-1
313,1,3.33,65.87,93.06,389.85,1,-1,-1,-1
314,25,441.05,174.61,41.85,118.53,1,-1,-1,-1
314,28,393.77,155.61,66.46,164.58,1,-1,-1,-1
314,29,299.75,150.94,76.90,187.30,1,-1,-1,-1
314,26,477.20,83.58,156.78,364.09,1,-1,-1,-1
314,19,106.50,61.50,179.03,419.27,1,-1,-1,-1
314,32,361.65,183.94,58.37,145.59,1,-1,-1,-1
314,27,16.56,130.49,90.33,209.39,1,-1,-1,-1
315,28,397.73,159.88,73.34,170.00,1,-1,-1,-1
315,29,307.97,152.06,75.06,190.33,1,-1,-1,-1
315,26,475.46,78.37,165.72,393.51,1,-1,-1,-1
315,19,104.58,64.22,186.82,420.45,1,-1,-1,-1
315,32,369.01,189.05,60.26,146.59,1,-1,-1,-1
315,27,6.68,140.38,89.46,198.44,1,-1,-1,-1
316,29,315.43,146.52,71.11,196.15,1,-1,-1,-1
316,26,482.61,63.85,158.86,415.86,1,-1,-1,-1
316,19,106.96,58.47,188.84,423.39,1,-1,-1,-1
316,32,375.80,187.58,71.72,149.71,1,-1,-1,-1
316,27,14.40,137.83,76.88,192.91,1,-1,-1,-1
317,29,321.56,144.51,81.35,199.72,1,-1,-1,-1
317,26,483.99,55.72,157.67,425.15,1,-1,-1,-1
317,19,112.97,55.91,191.13,423.67,1,-1,-1,-1
317,32,380.65,186.86,77.82,151.43,1,-1,-1,-1
317,27,23.39,140.39,69.74,187.20,1,-1,-1,-1
318,29,327.83,142.65,90.16,204.89,1,-1,-1,-1
318,26,494.10,43.92,150.06,439.36,1,-1,-1,-1
318,19,118.69,56.26,193.06,424.77,1,-1,-1,-1
318,32,390.54,184.46,80.50,156.06,1,-1,-1,-1
318,27,25.30,140.61,71.76,186.35,1,-1,-1,-1
319,29,338.10,139.91,91.44,209.08,1,-1,-1,-1
319,26,510.03,20.00,138.12,463.66,1,-1,-1,-1
319,19,124.70,54.46,197.03,427.51,1,-1,-1,-1
319,32,404.41,181.37,80.99,160.02,1,-1,-1,-1
319,27,28.74,139.08,75.66,188.85,1,-1,-1,-1
320,29,345.20,127.74,94.66,220.70,1,-1,-1,-1
320,26,521.35,14.94,129.07,468.56,1,-1,-1,-1
320,19,135.25,53.00,199.08,429.23,1,-1,-1,-1
320,32,422.67,175.29,77.23,164.03,1,-1,-1,-1
320,27,33.71,137.09,79.33,185.88,1,-1,-1,-1
321,29,352.95,119.03,102.37,227.53,1,-1,-1,-1
321,19,147.07,49.18,201.76,433.27,1,-1,-1,-1
321,32,452.31,167.94,65.69,167.58,1,-1,-1,-1
321,27,41.13,130.27,78.82,188.81,1,-1,-1,-1
321,28,521.92,164.49,58.38,140.73,1,-1,-1,-1
322,29,365.79,111.62,102.36,232.42,1,-1,-1,-1
322,19,160.51,36.83,205.21,445.35,1,-1,-1,-1
322,32,471.03,159.55,68.59,174.62,1,-1,-1,-1
322,27,52.03,122.40,77.55,187.68,1,-1,-1,-1
322,28,534.72,154.02,59.28,142.96,1,-1,-1,-1
323,29,382.02,107.87,102.01,238.08,1,-1,-1,-1
323,19,178.85,31.01,202.69,452.93,1,-1,-1,-1
323,32,486.24,156.49,87.27,182.42,1,-1,-1,-1
323,27,61.26,124.48,78.90,182.90,1,-1,-1,-1
324,29,393.04,102.88,95.40,241.09,1,-1,-1,-1
324,19,186.77,22.21,199.55,458.22,1,-1,-1,-1
324,32,493.17,153.49,95.70,183.04,1,-1,-1,-1
324,27,67.29,121.06,78.48,180.90,1,-1,-1,-1
325,29,410.35,96.86,93.73,248.55,1,-1,-1,-1
325,19,199.14,23.70,198.61,459.37,1,-1,-1,-1
325,32,513.72,150.77,95.52,187.82,1,-1,-1,-1
325,27,71.40,119.28,75.37,183.31,1,-1,-1,-1
326,29,416.39,93.73,91.24,251.66,1,-1,-1,-1
326,19,201.57,22.46,199.92,459.47,1,-1,-1,-1
326,32,528.32,146.71,88.11,193.65,1,-1,-1,-1
326,27,99.33,98.70,89.04,225.33,1,-1,-1,-1
326,34,2.47,127.35,32.33,173.98,1,-1,-1,-1
327,29,423.08,90.28,98.05,257.16,1,-1,-1,-1
327,19,207.67,22.15,202.32,461.22,1,-1,-1,-1
327,32,554.40,144.06,76.14,194.05,1,-1,-1,-1
327,27,98.58,86.79,98.16,251.41,1,-1,-1,-1
327,34,0.47,124.24,31.16,180.11,1,-1,-1,-1
328,29,427.52,89.86,102.33,258.67,1,-1,-1,-1
328,19,212.35,33.46,202.82,447.59,1,-1,-1,-1
328,32,565.09,138.20,76.54,202.75,1,-1,-1,-1
328,27,92.72,79.22,102.34,270.77,1,-1,-1,-1
328,34,5.26,131.24,31.02,161.08,1,-1,-1,-1
329,29,431.44,89.33,102.63,262.64,1,-1,-1,-1
329,19,221.69,23.98,198.27,456.30,1,-1,-1,-1
329,32,568.66,141.35,75.38,201.41,1,-1,-1,-1
329,27,81.13,69.47,99.14,287.86,1,-1,-1,-1
329,34,2.79,117.42,43.92,160.66,1,-1,-1,-1
330,29,432.16,91.15,104.16,268.20,1,-1,-1,-1
330,19,222.62,25.46,203.30,459.02,1,-1,-1,-1
330,32,570.54,147.13,75.81,199.30,1,-1,-1,-1
330,27,59.75,63.19,100.97,308.75,1,-1,-1,-1
330,34,-4.24,125.41,49.24,160.27,1,-1,-1,-1
331,29,438.35,87.14,102.35,275.15,1,-1,-1,-1
331,19,226.10,27.70,205.00,456.54,1,-1,-1,-1
331,32,572.60,142.65,74.58,207.35,1,-1,-1,-1
331,27,42.87,59.29,101.73,320.15,1,-1,-1,-1
332,29,443.88,84.65,101.74,274.44,1,-1,-1,-1
332,19,227.58,14.27,203.95,469.48,1,-1,-1,-1
332,32,570.31,114.59,76.56,230.31,1,-1,-1,-1
332,27,12.66,41.42,109.05,344.14,1,-1,-1,-1
333,29,450.52,84.46,98.10,273.06,1,-1,-1,-1
333,19,228.93,22.19,201.48,460.26,1,-1,-1,-1
333,32,565.69,105.47,78.85,233.52,1,-1,-1,-1
333,27,3.58,27.93,103.76,367.42,1,-1,-1,-1
334,29,453.14,80.11,98.69,280.38,1,-1,-1,-1
334,19,227.51,17.82,201.02,462.48,1,-1,-1,-1
334,32,558.26,101.92,80.91,227.72,1,-1,-1,-1
334,27,2.10,34.70,79.39,354.09,1,-1,-1,-1
335,29,456.60,81.71,101.04,282.88,1,-1,-1,-1
335,19,226.46,17.31,199.92,463.10,1,-1,-1,-1
335,32,557.39,102.32,82.01,227.07,1,-1,-1,-1
335,27,20.23,84.70,74.39,250.84,1,-1,-1,-1
336,29,461.52,72.16,106.82,292.37,1,-1,-1,-1
336,19,224.83,12.14,200.74,468.58,1,-1,-1,-1
336,32,561.32,97.47,80.98,229.18,1,-1,-1,-1
336,27,19.63,105.19,69.82,206.37,1,-1,-1,-1
337,29,463.74,67.16,112.38,291.57,1,-1,-1,-1
337,19,224.73,6.77,199.57,470.64,1,-1,-1,-1
337,32,569.17,92.55,70.92,224.46,1,-1,-1,-1
337,27,21.39,106.97,69.05,187.79,1,-1,-1,-1
337,36,203.32,188.36,22.88,50.20,1,-1,-1,-1
337,37,104.07,179.97,31.87,57.06,1,-1,-1,-1
338,29,469.88,67.35,118.42,295.65,1,-1,-1,-1
338,19,231.05,24.22,197.11,455.72,1,-1,-1,-1
338,32,581.70,93.19,58.21,231.15,1,-1,-1,-1
338,27,24.34,111.84,70.27,185.21,1,-1,-1,-1
338,36,198.16,193.23,22.54,49.96,1,-1,-1,-1
338,37,94.50,182.18,26.65,60.56,1,-1,-1,-1
339,29,478.28,66.07,117.68,297.73,1,-1,-1,-1
339,19,233.29,12.56,197.55,467.58,1,-1,-1,-1
339,32,588.04,88.49,53.12,239.72,1,-1,-1,-1
339,27,26.44,113.87,70.67,183.13,1,-1,-1,-1
339,36,194.04,193.66,23.08,50.61,1,-1,-1,-1
340,29,483.61,63.79,119.07,301.06,1,-1,-1,-1
340,19,234.56,5.85,198.88,473.02,1,-1,-1,-1
340,27,29.33,112.28,73.14,182.66,1,-1,-1,-1
340,36,188.99,193.53,22.17,49.17,1,-1,-1,-1
341,29,492.33,62.92,126.76,303.82,1,-1,-1,-1
341,19,238.26,5.33,200.71,474.41,1,-1,-1,-1
341,27,34.80,117.84,73.11,175.80,1,-1,-1,-1
341,36,185.89,194.54,21.96,50.50,1,-1,-1,-1
342,29,509.68,58.38,128.31,312.12,1,-1,-1,-1
342,19,243.11,3.35,211.83,477.24,1,-1,-1,-1
342,27,36.27,116.60,75.40,174.50,1,-1,-1,-1
342,36,187.32,193.32,21.80,51.00,1,-1,-1,-1
343,29,526.15,59.81,118.70,321.18,1,-1,-1,-1
343,19,255.54,9.94,211.34,471.78,1,-1,-1,-1
343,27,40.79,116.43,75.60,179.17,1,-1,-1,-1
343,36,186.62,197.04,21.56,51.56,1,-1,-1,-1
344,29,541.43,60.19,106.47,325.73,1,-1,-1,-1
344,19,266.03,5.76,210.92,475.88,1,-1,-1,-1
344,27,43.09,115.99,77.51,182.46,1,-1,-1,-1
344,36,186.49,198.18,21.83,52.08,1,-1,-1,-1
344,38,215.85,169.16,48.02,98.21,1,-1,-1,-1
344,39,2.11,119.67,61.42,188.68,1,-1,-1,-1
345,29,559.35,56.59,86.16,332.08,1,-1,-1,-1
345,19,277.79,2.43,211.29,477.37,1,-1,-1,-1
345,27,46.41,113.63,80.07,181.11,1,-1,-1,-1
345,36,186.35,196.23,22.17,51.44,1,-1,-1,-1
345,38,210.64,167.37,49.14,97.16,1,-1,-1,-1
345,39,1.60,119.23,69.49,178.89,1,-1,-1,-1
346,29,546.88,98.15,88.09,281.95,1,-1,-1,-1
346,19,292.19,5.93,209.84,475.58,1,-1,-1,-1
346,27,59.29,122.01,78.00,178.70,1,-1,-1,-1
346,36,188.37,201.01,22.12,52.23,1,-1,-1,-1
346,38,208.75,174.12,50.14,98.53,1,-1,-1,-1
346,39,6.68,128.14,71.65,174.70,1,-1,-1,-1
347,29,559.63,103.05,85.63,269.89,1,-1,-1,-1
347,19,305.57,1.53,214.61,479.31,1,-1,-1,-1
347,27,73.61,126.26,78.58,175.81,1,-1,-1,-1
347,36,192.74,195.97,25.93,57.12,1,-1,-1,-1
347,38,209.74,174.63,51.44,100.57,1,-1,-1,-1
347,39,13.71,129.80,75.29,176.81,1,-1,-1,-1
348,29,577.20,103.87,66.94,267.95,1,-1,-1,-1
348,19,317.79,-0.23,210.61,478.57,1,-1,-1,-1
348,27,80.89,127.46,83.84,174.24,1,-1,-1,-1
348,38,207.82,170.05,50.60,104.44,1,-1,-1,-1
348,39,28.94,126.57,66.97,178.13,1,-1,-1,-1
349,19,324.33,1.24,207.55,479.60,1,-1,-1,-1
349,27,89.18,130.43,83.19,173.20,1,-1,-1,-1
349,38,205.35,169.76,49.93,108.38,1,-1,-1,-1
349,39,43.62,126.60,60.08,175.06,1,-1,-1,-1
350,19,325.95,1.10,209.88,479.68,1,-1,-1,-1
350,27,93.52,131.18,84.85,174.17,1,-1,-1,-1
350,38,201.86,169.54,50.33,108.45,1,-1,-1,-1
350,39,50.16,127.21,62.47,171.85,1,-1,-1,-1
351,19,328.23,0.13,214.37,480.29,1,-1,-1,-1
351,27,105.60,128.62,79.64,171.06,1,-1,-1,-1
351,38,198.68,168.55,49.23,107.60,1,-1,-1,-1
351,39,56.27,125.61,69.10,170.76,1,-1,-1,-1
352,19,332.37,0.21,210.61,479.02,1,-1,-1,-1
352,27,121.67,123.09,73.95,174.73,1,-1,-1,-1
352,38,193.77,163.47,51.43,111.80,1,-1,-1,-1
352,39,65.96,126.62,69.62,165.44,1,-1,-1,-1
353,19,336.55,-0.79,212.27,478.41,1,-1,-1,-1
353,27,134.69,120.60,70.93,172.88,1,-1,-1,-1
353,38,192.13,160.22,49.61,113.42,1,-1,-1,-1
353,39,72.21,126.47,75.10,160.71,1,-1,-1,-1
353,40,518.32,49.36,112.25,362.69,1,-1,-1,-1
354,19,340.87,1.98,213.55,476.93,1,-1,-1,-1
354,27,143.07,127.81,75.90,167.69,1,-1,-1,-1
354,38,186.78,163.00,50.75,116.86,1,-1,-1,-1
354,39,80.58,127.35,77.88,165.41,1,-1,-1,-1
354,40,525.58,41.14,113.73,382.25,1,-1,-1,-1
355,19,343.54,2.67,215.33,477.90,1,-1,-1,-1
355,27,150.29,133.42,82.94,167.27,1,-1,-1,-1
355,39,95.06,132.61,73.81,165.66,1,-1,-1,-1
355,40,539.49,39.48,102.94,392.64,1,-1,-1,-1
356,19,342.64,-1.15,220.53,479.71,1,-1,-1,-1
356,27,155.69,127.97,80.86,168.09,1,-1,-1,-1
356,39,107.27,126.96,66.49,166.81,1,-1,-1,-1
356,40,556.11,27.44,86.39,416.63,1,-1,-1,-1
356,41,0.98,49.79,82.01,320.28,1,-1,-1,-1
357,19,343.32,-0.91,222.25,480.94,1,-1,-1,-1
357,27,158.71,125.64,80.76,170.09,1,-1,-1,-1
357,39,117.31,123.36,61.22,167.19,1,-1,-1,-1
357,41,0.42,45.80,97.61,321.96,1,-1,-1,-1
358,19,344.82,2.20,222.42,479.79,1,-1,-1,-1
358,27,163.35,132.35,81.26,166.93,1,-1,-1,-1
358,39,121.77,128.63,62.69,169.58,1,-1,-1,-1
358,41,1.84,55.25,106.24,306.85,1,-1,-1,-1
359,19,340.25,17.82,221.61,470.51,1,-1,-1,-1
359,27,172.39,156.15,70.58,164.81,1,-1,-1,-1
359,39,118.97,154.75,69.21,165.56,1,-1,-1,-1
359,41,1.34,83.36,105.41,304.73,1,-1,-1,-1
360,19,343.65,22.40,223.54,462.33,1,-1,-1,-1
360,27,183.60,160.88,61.09,167.97,1,-1,-1,-1
360,39,119.66,164.17,76.43,162.11,1,-1,-1,-1
360,41,2.74,81.04,99.23,315.04,1,-1,-1,-1
361,19,342.71,13.07,222.91,466.43,1,-1,-1,-1
361,27,186.35,157.30,56.49,167.59,1,-1,-1,-1
361,39,115.73,159.56,79.08,162.70,1,-1,-1,-1
361,41,-0.65,75.77,94.89,320.35,1,-1,-1,-1
361,40,537.00,19.45,104.31,438.04,1,-1,-1,-1
362,19,344.03,11.30,216.21,468.40,1,-1,-1,-1
362,27,182.72,152.08,59.65,167.40,1,-1,-1,-1
362,39,117.82,154.60,75.35,159.94,1,-1,-1,-1
362,41,-1.88,72.60,91.82,325.57,1,-1,-1,-1
362,40,536.23,8.72,104.75,427.18,1,-1,-1,-1
363,19,351.48,12.72,211.41,468.31,1,-1,-1,-1
363,27,182.72,159.47,62.45,162.80,1,-1,-1,-1
363,39,130.53,156.03,67.70,162.45,1,-1,-1,-1
363,41,0.81,73.30,92.00,329.83,1,-1,-1,-1
363,40,529.72,8.03,113.83,451.73,1,-1,-1,-1
363,38,95.09,171.10,56.92,142.03,1,-1,-1,-1
364,19,356.53,19.86,210.15,462.86,1,-1,-1,-1
364,27,184.78,165.34,65.08,164.51,1,-1,-1,-1
364,39,138.76,162.08,64.32,163.73,1,-1,-1,-1
364,41,1.70,82.57,92.04,325.49,1,-1,-1,-1
364,40,539.53,11.36,104.63,455.73,1,-1,-1,-1
364,38,82.62,178.14,62.58,145.35,1,-1,-1,-1
365,19,356.82,15.55,208.79,466.19,1,-1,-1,-1
365,27,187.08,167.60,62.42,166.79,1,-1,-1,-1
365,39,140.96,166.81,63.16,159.64,1,-1,-1,-1
365,41,3.08,88.00,92.14,318.34,1,-1,-1,-1
365,40,545.68,11.06,96.53,466.15,1,-1,-1,-1
366,19,356.57,6.62,206.85,473.54,1,-1,-1,-1
366,27,185.65,155.41,58.07,166.11,1,-1,-1,-1
366,39,131.16,156.56,73.56,159.17,1,-1,-1,-1
366,41,0.18,76.99,92.28,314.88,1,-1,-1,-1
367,19,362.79,2.01,209.34,476.15,1,-1,-1,-1
367,27,196.81,145.84,59.84,166.72,1,-1,-1,-1
367,39,137.42,149.32,74.87,157.10,1,-1,-1,-1
367,41,4.22,70.49,103.60,311.92,1,-1,-1,-1
368,19,373.81,4.68,210.24,474.36,1,-1,-1,-1
368,27,209.87,148.39,62.53,165.75,1,-1,-1,-1
368,39,142.05,149.56,84.10,158.45,1,-1,-1,-1
368,41,6.48,71.31,116.00,319.90,1,-1,-1,-1
369,19,379.57,12.19,216.64,466.38,1,-1,-1,-1
369,27,220.97,153.59,68.53,162.61,1,-1,-1,-1
369,39,157.39,156.96,78.50,156.74,1,-1,-1,-1
369,41,11.53,77.40,127.68,314.04,1,-1,-1,-1
370,19,381.80,9.16,219.66,470.11,1,-1,-1,-1
370,27,222.46,158.78,70.02,159.96,1,-1,-1,-1
370,39,169.01,159.53,68.44,158.29,1,-1,-1,-1
370,41,11.40,83.86,133.91,310.98,1,-1,-1,-1
371,19,388.39,4.31,222.54,475.72,1,-1,-1,-1
371,27,222.53,159.08,71.65,159.22,1,-1,-1,-1
371,39,182.81,156.44,56.37,161.77,1,-1,-1,-1
371,41,10.88,79.35,139.40,313.66,1,-1,-1,-1
372,19,397.68,2.89,228.95,477.13,1,-1,-1,-1
372,27,231.75,159.40,70.23,158.71,1,-1,-1,-1
372,39,194.95,156.69,58.11,160.23,1,-1,-1,-1
372,41,18.60,76.43,137.54,310.74,1,-1,-1,-1
372,42,174.17,212.67,28.00,61.95,1,-1,-1,-1
373,19,406.11,0.97,234.84,478.66,1,-1,-1,-1
373,27,247.89,155.31,62.72,162.08,1,-1,-1,-1
373,39,204.48,158.60,59.00,159.46,1,-1,-1,-1
373,41,27.49,79.82,135.76,308.51,1,-1,-1,-1
373,42,178.54,217.17,27.94,57.77,1,-1,-1,-1
374,19,418.13,0.95,226.94,478.58,1,-1,-1,-1
374,27,259.61,156.00,60.85,162.36,1,-1,-1,-1
374,39,212.21,161.40,63.64,154.36,1,-1,-1,-1
374,41,33.05,82.42,136.91,308.09,1,-1,-1,-1
374,42,183.22,218.46,27.15,57.81,1,-1,-1,-1
375,19,435.25,0.15,209.59,479.19,1,-1,-1,-1
375,27,267.67,155.75,59.53,160.13,1,-1,-1,-1
375,39,217.27,161.46,64.64,152.79,1,-1,-1,-1
375,41,38.76,83.54,131.76,304.73,1,-1,-1,-1
375,42,183.49,216.88,27.24,58.11,1,-1,-1,-1
376,19,454.31,0.17,189.44,480.14,1,-1,-1,-1
376,27,271.36,156.06,59.62,161.95,1,-1,-1,-1
376,39,220.87,162.03,65.55,151.92,1,-1,-1,-1
376,41,36.69,82.02,134.90,308.12,1,-1,-1,-1
376,42,182.52,214.89,27.39,58.39,1,-1,-1,-1
376,43,415.76,222.93,14.00,37.31,1,-1,-1,-1
376,44,430.50,221.71,12.76,37.43,1,-1,-1,-1
377,19,485.29,3.33,156.91,477.00,1,-1,-1,-1
377,27,275.50,157.29,59.44,159.50,1,-1,-1,-1
377,39,225.69,161.78,62.51,150.22,1,-1,-1,-1
377,41,39.86,80.94,133.05,308.69,1,-1,-1,-1
377,42,181.63,213.45,28.18,59.30,1,-1,-1,-1
377,43,415.67,223.30,13.16,37.02,1,-1,-1,-1
377,44,431.45,220.88,11.16,38.12,1,-1,-1,-1
378,19,510.55,6.98,131.16,473.97,1,-1,-1,-1
378,27,276.98,157.54,61.38,161.68,1,-1,-1,-1
378,39,230.95,162.12,57.59,149.13,1,-1,-1,-1
378,41,42.07,75.80,130.40,316.68,1,-1,-1,-1
378,42,181.06,214.02,27.76,59.64,1,-1,-1,-1
378,43,413.30,223.80,13.60,37.07,1,-1,-1,-1
378,44,428.83,222.20,12.57,36.97,1,-1,-1,-1
378,45,460.34,193.55,32.83,95.27,1,-1,-1,-1
379,27,281.45,156.21,60.43,160.50,1,-1,-1,-1
379,39,233.76,159.46,54.26,151.65,1,-1,-1,-1
379,41,43.22,76.79,127.43,313.73,1,-1,-1,-1
379,42,177.79,210.87,27.76,60.25,1,-1,-1,-1
379,43,413.30,221.48,13.61,37.54,1,-1,-1,-1
379,44,424.26,220.16,13.66,37.40,1,-1,-1,-1
379,45,460.32,192.58,32.77,92.89,1,-1,-1,-1
380,27,286.45,159.44,56.29,158.50,1,-1,-1,-1
380,39,234.33,161.26,54.26,153.67,1,-1,-1,-1
380,41,44.35,79.26,123.36,318.85,1,-1,-1,-1
380,42,174.07,214.93,27.36,60.18,1,-1,-1,-1
380,43,410.10,224.15,13.83,37.26,1,-1,-1,-1
380,44,420.62,223.01,14.06,37.68,1,-1,-1,-1
380,45,458.61,196.65,33.05,91.03,1,-1,-1,-1
381,27,289.49,160.67,54.79,162.08,1,-1,-1,-1
381,39,237.02,166.31,55.74,151.18,1,-1,-1,-1
381,41,41.64,80.54,124.92,327.24,1,-1,-1,-1
381,42,169.17,217.23,27.87,60.73,1,-1,-1,-1
381,43,405.79,227.82,13.15,35.75,1,-1,-1,-1
381,44,413.48,226.86,13.79,36.95,1,-1,-1,-1
381,45,457.47,202.08,32.88,89.50,1,-1,-1,-1
381,46,507.15,165.77,72.68,174.11,1,-1,-1,-1
382,27,289.19,160.25,56.78,160.61,1,-1,-1,-1
382,39,237.45,168.67,53.93,146.77,1,-1,-1,-1
382,41,35.32,75.62,122.95,336.73,1,-1,-1,-1
382,42,164.32,216.92,27.84,60.12,1,-1,-1,-1
382,43,403.24,224.24,13.77,37.24,1,-1,-1,-1
382,45,455.24,197.75,34.60,91.32,1,-1,-1,-1
382,46,505.88,162.86,80.01,173.75,1,-1,-1,-1
383,27,286.95,164.55,61.13,159.29,1,-1,-1,-1
383,39,232.76,172.58,55.88,145.83,1,-1,-1,-1
383,41,25.27,76.92,124.15,338.02,1,-1,-1,-1
383,42,157.07,217.04,28.72,61.98,1,-1,-1,-1
383,43,398.54,225.70,14.50,37.93,1,-1,-1,-1
383,45,450.99,200.63,35.26,90.87,1,-1,-1,-1
383,46,505.90,162.87,82.54,183.47,1,-1,-1,-1
383,47,412.98,225.73,13.51,36.12,1,-1,-1,-1
384,27,282.05,161.66,64.44,160.18,1,-1,-1,-1
384,39,232.92,168.02,53.58,149.09,1,-1,-1,-1
384,41,11.47,72.32,122.24,343.74,1,-1,-1,-1
384,42,146.58,214.44,29.00,62.19,1,-1,-1,-1
384,43,390.10,221.58,14.45,38.18,1,-1,-1,-1
384,45,446.60,197.89,33.99,88.52,1,-1,-1,-1
384,46,506.65,155.74,84.24,188.55,1,-1,-1,-1
384,47,404.09,222.23,13.26,36.20,1,-1,-1,-1
385,27,281.91,160.17,65.93,161.04,1,-1,-1,-1
385,39,236.38,164.04,52.60,151.35,1,-1,-1,-1
385,41,9.40,69.66,119.23,343.42,1,-1,-1,-1
385,42,142.67,213.00,29.27,62.55,1,-1,-1,-1
385,43,388.12,220.09,14.48,38.51,1,-1,-1,-1
385,45,446.88,196.49,33.38,88.05,1,-1,-1,-1
385,46,511.20,151.96,83.09,191.83,1,-1,-1,-1
385,47,402.29,220.89,13.21,36.20,1,-1,-1,-1
386,27,281.15,158.32,65.51,162.49,1,-1,-1,-1
386,39,234.67,160.93,54.10,153.83,1,-1,-1,-1
386,41,3.24,64.33,120.99,351.93,1,-1,-1,-1
386,42,134.38,212.22,30.43,64.14,1,-1,-1,-1
386,43,381.34,220.92,13.87,36.78,1,-1,-1,-1
386,45,442.11,195.13,33.77,88.96,1,-1,-1,-1
386,46,516.34,147.51,75.72,205.12,1,-1,-1,-1
386,47,395.05,221.13,13.34,35.93,1,-1,-1,-1
387,27,281.61,155.53,61.30,162.61,1,-1,-1,-1
387,39,231.36,159.28,54.69,155.41,1,-1,-1,-1
387,41,-1.00,54.67,118.39,365.32,1,-1,-1,-1
387,42,124.87,209.00,30.29,65.86,1,-1,-1,-1
387,43,374.51,219.31,13.40,36.80,1,-1,-1,-1
387,45,435.00,191.49,33.17,89.82,1,-1,-1,-1
387,46,518.00,141.66,77.74,215.88,1,-1,-1,-1
387,47,385.74,219.32,13.88,37.01,1,-1,-1,-1
388,27,279.40,153.97,60.37,166.73,1,-1,-1,-1
388,39,231.38,161.78,54.82,153.17,1,-1,-1,-1
388,41,-0.58,55.87,112.14,363.43,1,-1,-1,-1
388,42,118.74,211.65,29.47,64.82,1,-1,-1,-1
388,43,368.56,221.29,13.29,35.95,1,-1,-1,-1
388,45,431.37,194.78,32.79,87.46,1,-1,-1,-1
388,46,520.09,140.74,78.69,221.89,1,-1,-1,-1
388,47,381.26,220.82,14.54,36.06,1,-1,-1,-1
389,27,278.23,160.93,59.06,164.70,1,-1,-1,-1
389,39,227.64,168.48,56.37,152.73,1,-1,-1,-1
389,41,-1.15,59.98,111.28,362.55,1,-1,-1,-1
389,42,111.17,217.51,28.59,64.65,1,-1,-1,-1
389,43,362.61,224.45,13.96,37.20,1,-1,-1,-1
389,45,426.14,200.56,32.09,86.80,1,-1,-1,-1
389,46,520.64,139.57,82.00,236.59,1,-1,-1,-1
389,47,376.46,224.83,13.58,36.27,1,-1,-1,-1
390,27,272.34,160.47,59.76,160.82,1,-1,-1,-1
390,39,221.79,166.92,57.66,151.26,1,-1,-1,-1
390,41,-2.11,57.25,102.55,360.69,1,-1,-1,-1
390,42,101.59,215.01,27.80,63.71,1,-1,-1,-1
390,43,353.63,221.66,13.48,35.56,1,-1,-1,-1
390,45,419.51,196.97,31.92,86.69,1,-1,-1,-1
390,46,518.60,131.33,85.01,242.97,1,-1,-1,-1
390,47,368.22,221.38,14.03,35.83,1,-1,-1,-1
391,27,264.43,162.03,59.38,158.74,1,-1,-1,-1
391,39,214.88,164.72,56.59,150.96,1,-1,-1,-1
391,41,0.20,61.73,81.67,352.51,1,-1,-1,-1
391,42,85.75,213.17,27.67,63.87,1,-1,-1,-1
391,43,342.59,219.97,13.13,35.91,1,-1,-1,-1
391,45,409.68,195.87,29.91,85.39,1,-1,-1,-1
391,46,508.55,116.18,99.08,265.88,1,-1,-1,-1
391,47,356.11,219.76,14.10,36.18,1,-1,-1,-1
392,27,261.95,163.96,57.79,155.17,1,-1,-1,-1
392,39,212.91,163.77,55.94,150.28,1,-1,-1,-1
392,42,76.55,211.79,27.81,64.58,1,-1,-1,-1
392,43,336.92,218.34,13.47,36.34,1,-1,-1,-1
392,45,403.60,194.38,30.55,86.06,1,-1,-1,-1
392,46,499.20,112.25,122.00,278.32,1,-1,-1,-1
392,47,348.73,218.62,13.70,35.52,1,-1,-1,-1
393,27,258.22,165.04,57.39,154.23,1,-1,-1,-1
393,39,210.12,165.21,54.20,150.66,1,-1,-1,-1
393,42,66.61,214.78,26.84,66.61,1,-1,-1,-1
393,43,328.67,220.80,13.88,37.03,1,-1,-1,-1
393,45,395.01,197.16,32.44,86.65,1,-1,-1,-1
393,46,491.90,103.44,142.57,306.22,1,-1,-1,-1
393,47,342.29,221.78,14.66,35.75,1,-1,-1,-1
394,27,260.41,163.94,57.34,155.38,1,-1,-1,-1
394,39,212.33,166.27,53.63,150.06,1,-1,-1,-1
394,42,63.76,215.72,28.05,66.54,1,-1,-1,-1
394,43,328.07,221.14,14.18,36.80,1,-1,-1,-1
394,45,393.63,197.94,33.28,86.17,1,-1,-1,-1
394,46,493.49,94.51,149.55,325.07,1,-1,-1,-1
394,47,343.53,222.60,14.22,35.74,1,-1,-1,-1
395,27,257.28,159.71,55.66,155.79,1,-1,-1,-1
395,39,207.57,164.34,55.61,148.06,1,-1,-1,-1
395,42,52.69,212.06,27.93,66.82,1,-1,-1,-1
395,43,321.61,218.47,13.28,36.25,1,-1,-1,-1
395,45,385.62,193.32,35.03,86.90,1,-1,-1,-1
395,46,492.77,84.75,151.05,346.20,1,-1,-1,-1
395,47,336.82,219.51,14.36,35.27,1,-1,-1,-1
396,27,254.12,162.00,55.54,157.03,1,-1,-1,-1
396,39,204.52,167.69,57.26,149.53,1,-1,-1,-1
396,42,44.58,213.37,27.02,66.87,1,-1,-1,-1
396,43,315.12,220.68,13.00,36.82,1,-1,-1,-1
396,45,379.80,196.38,35.78,87.05,1,-1,-1,-1
396,46,492.17,83.74,151.38,363.64,1,-1,-1,-1
396,47,330.54,221.22,14.81,36.42,1,-1,-1,-1
397,27,249.90,165.41,58.63,157.57,1,-1,-1,-1
397,39,201.46,170.34,59.73,148.92,1,-1,-1,-1
397,42,37.15,215.09,27.23,66.65,1,-1,-1,-1
397,43,309.78,221.82,13.03,38.55,1,-1,-1,-1
397,45,375.13,197.43,36.05,88.65,1,-1,-1,-1
397,46,493.22,79.12,150.33,376.79,1,-1,-1,-1
397,47,326.40,221.84,14.44,37.18,1,-1,-1,-1
398,27,249.64,168.77,59.26,155.69,1,-1,-1,-1
398,39,202.56,171.92,58.24,148.98,1,-1,-1,-1
398,42,31.72,217.01,27.19,67.65,1,-1,-1,-1
398,43,306.68,223.62,13.70,38.49,1,-1,-1,-1
398,45,373.28,198.80,35.87,88.45,1,-1,-1,-1
398,46,505.24,60.25,140.00,414.59,1,-1,-1,-1
398,47,325.05,223.94,13.75,36.54,1,-1,-1,-1
399,27,249.70,167.50,58.68,153.72,1,-1,-1,-1
399,39,202.86,169.51,56.65,149.61,1,-1,-1,-1
399,42,25.40,215.67,28.40,68.31,1,-1,-1,-1
399,43,303.43,221.22,14.42,37.09,1,-1,-1,-1
399,45,372.55,196.68,34.35,87.67,1,-1,-1,-1
399,46,517.40,40.67,128.18,439.93,1,-1,-1,-1
399,47,323.19,221.78,13.90,36.17,1,-1,-1,-1
400,27,248.81,164.41,57.45,154.13,1,-1,-1,-1
400,39,202.77,166.65,51.93,150.38,1,-1,-1,-1
400,42,16.97,213.05,28.31,70.08,1,-1,-1,-1
400,45,368.67,196.44,32.34,86.44,1,-1,-1,-1
400,46,536.83,23.05,106.94,461.14,1,-1,-1,-1
400,47,317.46,220.37,14.28,35.88,1,-1,-1,-1
401,27,246.62,162.90,55.34,157.65,1,-1,-1,-1
401,39,201.23,166.29,50.46,150.86,1,-1,-1,-1
401,42,8.02,212.47,29.18,70.89,1,-1,-1,-1
401,45,364.72,198.58,30.09,85.23,1,-1,-1,-1
401,46,551.62,18.25,90.27,468.71,1,-1,-1,-1
401,47,311.35,221.33,14.17,36.19,1,-1,-1,-1
402,27,244.20,158.42,56.29,155.98,1,-1,-1,-1
402,39,197.87,161.94,53.93,150.28,1,-1,-1,-1
402,42,1.27,207.68,28.83,71.72,1,-1,-1,-1
402,45,361.96,195.15,29.46,84.50,1,-1,-1,-1
402,47,305.27,217.44,14.93,37.16,1,-1,-1,-1
403,27,243.72,162.89,58.54,153.86,1,-1,-1,-1
403,39,198.28,165.10,56.69,151.98,1,-1,-1,-1
403,42,0.63,211.44,26.64,72.93,1,-1,-1,-1
403,45,361.86,198.26,29.52,82.97,1,-1,-1,-1
403,47,304.65,220.03,14.91,37.44,1,-1,-1,-1
404,27,242.95,165.89,59.46,149.85,1,-1,-1,-1
404,39,197.66,166.80,59.33,150.61,1,-1,-1,-1
404,42,-0.41,209.63,22.92,75.01,1,-1,-1,-1
404,45,359.53,196.32,30.59,83.12,1,-1,-1,-1
404,47,302.90,218.45,15.21,38.38,1,-1,-1,-1
405,27,240.59,164.24,61.87,149.87,1,-1,-1,-1
405,39,196.55,164.28,61.13,150.81,1,-1,-1,-1
405,45,357.38,193.57,31.43,84.27,1,-1,-1,-1
405,47,300.41,217.34,15.23,37.65,1,-1,-1,-1
406,27,242.55,162.38,60.87,151.37,1,-1,-1,-1
406,39,196.09,165.58,59.20,147.07,1,-1,-1,-1
406,45,355.09,193.43,32.02,84.52,1,-1,-1,-1
406,47,299.24,217.20,14.47,38.46,1,-1,-1,-1
407,27,244.73,160.56,58.96,147.73,1,-1,-1,-1
407,39,195.01,162.50,57.84,146.65,1,-1,-1,-1
407,45,353.46,190.95,32.76,84.26,1,-1,-1,-1
408,27,246.81,158.11,57.37,149.02,1,-1,-1,-1
408,39,196.15,163.33,55.26,142.14,1,-1,-1,-1
408,45,353.06,189.91,32.86,84.16,1,-1,-1,-1
409,27,249.33,155.73,54.52,150.28,1,-1,-1,-1
409,39,196.87,158.59,51.73,145.00,1,-1,-1,-1
409,45,351.54,186.95,33.34,84.37,1,-1,-1,-1
410,27,247.37,156.42,52.61,149.19,1,-1,-1,-1
410,39,192.84,158.65,49.64,145.46,1,-1,-1,-1
410,45,346.62,186.46,32.65,84.15,1,-1,-1,-1
411,27,242.01,160.41,53.26,145.92,1,-1,-1,-1
411,39,187.71,158.95,50.55,145.06,1,-1,-1,-1
411,45,342.70,185.68,31.35,83.85,1,-1,-1,-1
412,27,238.26,163.05,51.84,144.09,1,-1,-1,-1
412,39,182.86,162.86,49.33,140.89,1,-1,-1,-1
412,45,335.97,188.16,31.01,83.00,1,-1,-1,-1
413,27,238.36,161.03,50.85,142.85,1,-1,-1,-1
413,39,182.71,163.21,49.17,140.65,1,-1,-1,-1
413,45,334.32,187.94,29.86,81.25,1,-1,-1,-1
414,27,234.42,159.45,48.91,146.40,1,-1,-1,-1
414,39,177.67,163.60,50.49,141.08,1,-1,-1,-1
414,45,327.75,189.33,30.08,79.92,1,-1,-1,-1
415,27,228.82,160.62,47.65,144.57,1,-1,-1,-1
415,39,172.05,162.57,52.19,142.07,1,-1,-1,-1
415,45,321.43,188.98,29.20,80.18,1,-1,-1,-1
416,27,221.70,162.68,50.27,144.64,1,-1,-1,-1
416,39,166.94,164.49,53.19,143.16,1,-1,-1,-1
416,45,315.51,192.23,29.18,79.87,1,-1,-1,-1
417,27,218.13,169.10,49.86,140.80,1,-1,-1,-1
417,39,165.28,167.74,53.66,138.43,1,-1,-1,-1
417,45,311.51,195.32,28.31,78.92,1,-1,-1,-1
418,27,212.67,166.05,50.52,137.63,1,-1,-1,-1
418,39,161.23,165.29,53.65,138.72,1,-1,-1,-1
418,45,304.93,193.58,29.34,77.58,1,-1,-1,-1
419,27,210.43,168.58,50.89,135.10,1,-1,-1,-1
419,39,159.51,167.58,54.79,137.14,1,-1,-1,-1
419,45,301.10,194.64,30.73,76.94,1,-1,-1,-1
419,49,523.50,27.75,117.41,433.46,1,-1,-1,-1
420,27,207.12,168.41,49.83,132.16,1,-1,-1,-1
420,39,154.51,168.43,54.03,132.24,1,-1,-1,-1
420,45,293.58,191.14,32.63,77.79,1,-1,-1,-1
420,49,503.68,16.99,136.59,447.46,1,-1,-1,-1
421,27,200.48,166.41,49.14,134.03,1,-1,-1,-1
421,39,147.50,168.93,54.50,133.21,1,-1,-1,-1
421,45,285.61,192.21,32.55,76.84,1,-1,-1,-1
421,49,477.88,24.11,161.49,431.71,1,-1,-1,-1
422,27,198.21,162.45,48.65,135.55,1,-1,-1,-1
422,39,144.80,166.45,55.59,132.99,1,-1,-1,-1
422,45,281.36,189.87,31.36,77.51,1,-1,-1,-1
422,49,462.39,24.08,176.85,425.28,1,-1,-1,-1
423,27,195.60,160.47,47.83,135.68,1,-1,-1,-1
423,39,142.92,163.86,54.72,130.86,1,-1,-1,-1
423,45,277.35,188.09,30.48,77.14,1,-1,-1,-1
423,49,447.36,29.18,193.24,416.95,1,-1,-1,-1
424,27,191.54,161.72,47.68,136.19,1,-1,-1,-1
424,39,142.25,164.63,51.52,131.47,1,-1,-1,-1
424,45,272.13,188.35,29.86,77.46,1,-1,-1,-1
424,49,436.39,39.24,200.69,403.42,1,-1,-1,-1
425,27,185.68,160.50,47.02,134.46,1,-1,-1,-1
425,39,136.47,162.46,51.56,132.46,1,-1,-1,-1
425,45,266.29,186.41,28.00,75.79,1,-1,-1,-1
425,49,424.21,41.97,198.48,395.95,1,-1,-1,-1
426,27,182.29,158.52,47.82,134.59,1,-1,-1,-1
426,39,132.93,163.37,50.78,128.48,1,-1,-1,-1
426,45,261.80,186.40,26.10,73.77,1,-1,-1,-1
426,49,414.65,45.49,194.21,384.51,1,-1,-1,-1
427,27,178.27,155.92,47.64,135.31,1,-1,-1,-1
427,39,128.15,161.64,49.96,128.87,1,-1,-1,-1
427,45,255.62,184.65,25.62,73.57,1,-1,-1,-1
427,49,406.68,41.36,175.34,390.53,1,-1,-1,-1
428,27,175.44,152.66,47.05,134.84,1,-1,-1,-1
428,39,124.49,159.10,49.40,130.17,1,-1,-1,-1
428,45,250.12,182.21,25.81,73.86,1,-1,-1,-1
428,49,396.05,35.15,157.93,394.31,1,-1,-1,-1
429,27,170.63,153.65,45.65,132.31,1,-1,-1,-1
429,39,119.69,158.32,48.07,129.98,1,-1,-1,-1
429,45,244.45,182.92,25.47,73.74,1,-1,-1,-1
429,49,385.74,37.74,139.97,383.96,1,-1,-1,-1
430,27,165.99,154.35,45.99,129.67,1,-1,-1,-1
430,39,114.17,157.10,50.09,130.68,1,-1,-1,-1
430,45,238.63,182.51,25.36,75.55,1,-1,-1,-1
430,49,379.86,41.35,127.20,373.96,1,-1,-1,-1
430,50,456.34,9.57,183.51,472.30,1,-1,-1,-1
431,27,163.43,154.08,46.80,128.70,1,-1,-1,-1
431,39,110.67,153.15,51.93,130.68,1,-1,-1,-1
431,45,234.34,179.32,26.98,77.22,1,-1,-1,-1
431,49,371.74,44.62,122.53,362.60,1,-1,-1,-1
431,50,449.68,2.63,190.25,478.68,1,-1,-1,-1
432,27,160.48,155.41,48.01,125.09,1,-1,-1,-1
432,39,108.76,153.57,51.97,126.90,1,-1,-1,-1
432,45,230.20,178.45,27.63,76.66,1,-1,-1,-1
432,50,428.07,8.76,212.99,472.17,1,-1,-1,-1
433,27,158.08,155.39,48.45,123.52,1,-1,-1,-1
433,39,106.68,156.42,51.22,124.48,1,-1,-1,-1
433,45,225.45,177.39,30.21,77.55,1,-1,-1,-1
433,50,406.56,8.13,232.37,472.92,1,-1,-1,-1
434,27,154.45,155.02,48.91,123.97,1,-1,-1,-1
434,39,100.64,157.20,50.82,125.22,1,-1,-1,-1
434,45,219.44,176.46,30.79,77.69,1,-1,-1,-1
434,50,366.79,7.58,261.15,474.13,1,-1,-1,-1
435,27,153.27,152.45,47.89,124.86,1,-1,-1,-1
435,39,97.82,157.58,50.68,121.90,1,-1,-1,-1
435,45,217.15,176.59,29.73,76.74,1,-1,-1,-1
435,50,333.31,7.65,254.00,473.68,1,-1,-1,-1
436,27,150.89,149.15,47.72,124.37,1,-1,-1,-1
436,39,92.95,152.44,50.31,125.73,1,-1,-1,-1
436,45,212.50,174.45,30.15,76.16,1,-1,-1,-1
436,50,292.20,2.52,250.09,477.64,1,-1,-1,-1
437,27,149.73,148.42,47.34,126.34,1,-1,-1,-1
437,39,91.08,153.30,50.84,122.12,1,-1,-1,-1
437,45,209.66,175.56,30.98,76.68,1,-1,-1,-1
437,50,251.03,2.28,261.60,478.80,1,-1,-1,-1
438,27,145.41,148.99,47.72,124.90,1,-1,-1,-1
438,39,87.81,150.72,49.59,124.59,1,-1,-1,-1
438,45,203.69,175.70,30.64,75.71,1,-1,-1,-1
438,50,201.18,0.92,283.96,480.63,1,-1,-1,-1
439,27,143.14,148.73,45.97,124.89,1,-1,-1,-1
439,39,87.33,148.05,47.05,126.69,1,-1,-1,-1
439,50,156.67,3.09,286.80,478.15,1,-1,-1,-1
439,51,550.25,78.67,90.18,324.21,1,-1,-1,-1
440,50,87.61,5.65,324.49,473.96,1,-1,-1,-1
440,51,536.04,74.95,101.44,328.53,1,-1,-1,-1
441,50,19.94,6.73,354.45,475.57,1,-1,-1,-1
441,51,523.71,82.13,116.59,325.30,1,-1,-1,-1
441,49,272.28,50.87,114.38,344.66,1,-1,-1,-1
442,50,-1.99,4.90,308.25,475.48,1,-1,-1,-1
442,51,511.00,78.08,129.22,325.22,1,-1,-1,-1
442,49,260.52,55.19,120.63,346.41,1,-1,-1,-1
443,50,-6.15,0.87,254.55,477.45,1,-1,-1,-1
443,51,497.80,75.80,139.12,322.68,1,-1,-1,-1
443,49,252.70,55.90,122.23,337.95,1,-1,-1,-1
444,50,-10.00,9.84,179.10,473.29,1,-1,-1,-1
444,51,490.04,77.68,147.30,325.28,1,-1,-1,-1
444,49,244.80,63.20,122.54,327.38,1,-1,-1,-1
444,27,136.26,152.31,45.41,129.13,1,-1,-1,-1
445,51,483.88,77.59,142.46,323.45,1,-1,-1,-1
445,49,243.46,61.38,120.58,324.56,1,-1,-1,-1
445,53,348.89,138.82,65.08,182.48,1,-1,-1,-1
445,27,140.61,156.52,45.85,121.22,1,-1,-1,-1
445,45,194.24,180.39,29.93,75.43,1,-1,-1,-1
445,39,86.06,153.76,49.59,123.26,1,-1,-1,-1
446,51,479.69,74.26,137.60,324.17,1,-1,-1,-1
446,49,240.03,59.37,120.83,324.39,1,-1,-1,-1
446,53,347.54,136.85,67.00,182.42,1,-1,-1,-1
446,27,144.90,158.46,45.47,115.18,1,-1,-1,-1
446,45,197.62,180.18,30.21,74.29,1,-1,-1,-1
446,39,91.96,152.32,48.54,125.62,1,-1,-1,-1
447,51,482.81,79.33,124.61,319.31,1,-1,-1,-1
447,49,237.23,57.57,117.14,330.56,1,-1,-1,-1
447,53,345.71,142.57,66.03,177.97,1,-1,-1,-1
447,27,147.25,161.58,42.70,114.83,1,-1,-1,-1
447,45,198.86,183.72,30.31,73.85,1,-1,-1,-1
447,39,94.79,154.85,46.92,123.06,1,-1,-1,-1
448,51,475.68,84.98,124.18,309.65,1,-1,-1,-1
448,49,233.26,58.70,117.78,328.80,1,-1,-1,-1
448,53,345.51,141.65,63.56,179.13,1,-1,-1,-1
448,27,148.07,157.88,41.85,114.53,1,-1,-1,-1
448,45,199.79,180.84,29.51,73.03,1,-1,-1,-1
448,39,98.31,155.84,44.39,116.60,1,-1,-1,-1
449,51,478.30,82.25,115.62,320.83,1,-1,-1,-1
449,49,230.35,63.10,120.63,327.59,1,-1,-1,-1
449,53,348.31,140.74,62.82,184.06,1,-1,-1,-1
449,27,152.09,160.20,41.92,115.97,1,-1,-1,-1
449,45,202.98,183.16,29.32,72.71,1,-1,-1,-1
449,39,104.26,157.09,43.94,120.97,1,-1,-1,-1
450,51,479.17,80.56,116.05,318.13,1,-1,-1,-1
450,49,231.82,65.86,120.75,324.01,1,-1,-1,-1
450,53,355.79,136.47,62.61,184.77,1,-1,-1,-1
450,27,161.31,158.69,41.66,117.66,1,-1,-1,-1
450,45,210.90,182.00,29.25,74.09,1,-1,-1,-1
450,39,113.61,157.53,45.28,119.66,1,-1,-1,-1
451,51,475.60,81.48,125.60,317.20,1,-1,-1,-1
451,49,233.45,68.61,121.53,319.84,1,-1,-1,-1
451,53,359.09,137.03,64.72,186.18,1,-1,-1,-1
451,27,167.94,161.31,40.09,116.62,1,-1,-1,-1
451,45,217.45,183.64,27.94,74.21,1,-1,-1,-1
451,39,121.01,159.86,44.06,119.61,1,-1,-1,-1
451,55,2.19,34.97,117.21,446.11,1,-1,-1,-1
452,51,475.89,83.27,130.46,318.73,1,-1,-1,-1
452,49,235.17,65.29,123.01,324.63,1,-1,-1,-1
452,53,364.03,138.62,65.09,183.90,1,-1,-1,-1
452,27,176.75,161.38,39.53,116.03,1,-1,-1,-1
452,39,131.77,159.92,44.00,115.39,1,-1,-1,-1
452,55,3.66,14.53,132.04,465.58,1,-1,-1,-1
453,51,476.27,79.78,139.30,325.97,1,-1,-1,-1
453,49,238.63,55.21,124.31,335.50,1,-1,-1,-1
453,53,368.23,137.55,66.26,184.11,1,-1,-1,-1
453,27,185.55,159.56,39.46,115.58,1,-1,-1,-1
453,39,140.53,155.56,42.99,119.58,1,-1,-1,-1
453,55,3.11,1.43,153.59,478.60,1,-1,-1,-1
454,51,479.87,83.42,136.42,328.87,1,-1,-1,-1
454,49,244.59,57.64,123.43,339.77,1,-1,-1,-1
454,53,373.58,143.26,68.19,186.13,1,-1,-1,-1
454,27,193.38,164.96,39.75,114.77,1,-1,-1,-1
454,39,152.80,158.87,40.29,120.82,1,-1,-1,-1
454,55,3.69,7.73,167.08,473.79,1,-1,-1,-1
455,51,479.80,81.33,134.02,326.85,1,-1,-1,-1
455,49,250.96,54.40,122.63,335.87,1,-1,-1,-1
455,53,378.65,140.25,66.47,187.32,1,-1,-1,-1
455,27,200.90,161.41,40.11,114.44,1,-1,-1,-1
455,55,3.00,6.78,184.93,473.04,1,-1,-1,-1
456,51,481.53,80.28,133.98,331.59,1,-1,-1,-1
456,49,253.94,55.65,124.66,342.47,1,-1,-1,-1
456,53,381.11,140.70,68.13,189.50,1,-1,-1,-1
456,27,207.93,162.37,38.77,113.50,1,-1,-1,-1
456,55,1.59,3.24,193.22,478.29,1,-1,-1,-1
457,51,481.65,83.10,133.81,332.38,1,-1,-1,-1
457,49,261.59,61.13,124.99,344.07,1,-1,-1,-1
457,53,385.56,140.50,68.96,190.51,1,-1,-1,-1
457,27,215.06,165.88,39.41,111.29,1,-1,-1,-1
457,55,2.15,5.93,201.93,476.17,1,-1,-1,-1
458,51,483.01,81.76,135.56,330.84,1,-1,-1,-1
458,49,267.59,61.92,128.55,344.31,1,-1,-1,-1
458,53,390.80,136.20,66.84,192.05,1,-1,-1,-1
458,27,222.22,164.25,38.71,109.18,1,-1,-1,-1
458,55,2.37,9.40,211.03,471.56,1,-1,-1,-1
459,51,488.56,89.67,129.40,327.39,1,-1,-1,-1
459,49,273.75,66.24,125.20,342.01,1,-1,-1,-1
459,53,398.84,141.28,64.90,190.29,1,-1,-1,-1
459,27,228.83,170.93,40.70,107.35,1,-1,-1,-1
459,55,9.40,9.87,215.27,472.45,1,-1,-1,-1
460,51,492.02,86.76,125.91,331.20,1,-1,-1,-1
460,49,274.09,60.61,129.51,348.73,1,-1,-1,-1
460,53,403.03,140.89,62.03,190.61,1,-1,-1,-1
460,27,231.88,169.73,40.64,108.12,1,-1,-1,-1
460,55,13.60,4.22,214.55,476.63,1,-1,-1,-1
461,51,498.43,81.62,122.48,336.86,1,-1,-1,-1
461,49,279.13,59.28,129.45,348.04,1,-1,-1,-1
461,53,409.81,140.43,59.98,193.48,1,-1,-1,-1
461,27,238.02,169.58,41.33,105.53,1,-1,-1,-1
461,55,19.01,0.57,218.41,480.60,1,-1,-1,-1
462,51,496.65,81.44,118.43,336.40,1,-1,-1,-1
462,49,278.74,56.19,129.23,352.76,1,-1,-1,-1
462,53,410.14,142.73,60.99,194.14,1,-1,-1,-1
462,27,238.85,172.74,40.77,103.94,1,-1,-1,-1
462,55,21.43,0.70,216.58,481.37,1,-1,-1,-1
463,51,497.41,88.33,112.60,337.16,1,-1,-1,-1
463,49,275.31,55.54,130.46,357.80,1,-1,-1,-1
463,53,411.43,145.40,58.58,195.84,1,-1,-1,-1
463,27,240.49,175.17,40.46,103.88,1,-1,-1,-1
463,55,25.43,7.04,211.43,477.02,1,-1,-1,-1
464,51,489.53,88.97,115.72,337.48,1,-1,-1,-1
464,49,271.87,52.36,129.37,359.91,1,-1,-1,-1
464,53,408.99,141.93,58.90,198.42,1,-1,-1,-1
464,27,237.62,172.69,40.67,106.19,1,-1,-1,-1
464,55,22.82,5.82,211.87,476.65,1,-1,-1,-1
465,51,481.38,89.36,118.95,338.56,1,-1,-1,-1
465,49,267.43,51.52,127.95,363.55,1,-1,-1,-1
465,53,408.30,138.27,57.57,198.96,1,-1,-1,-1
465,27,237.79,169.42,39.79,109.02,1,-1,-1,-1
465,55,20.20,1.80,215.15,479.78,1,-1,-1,-1
466,51,474.29,90.11,118.90,334.18,1,-1,-1,-1
466,49,266.47,52.81,124.60,363.15,1,-1,-1,-1
466,53,409.56,137.05,54.45,198.14,1,-1,-1,-1
466,27,238.53,169.09,39.96,109.03,1,-1,-1,-1
466,55,20.52,0.73,218.41,480.32,1,-1,-1,-1
467,51,468.02,89.85,118.19,325.72,1,-1,-1,-1
467,49,263.87,55.32,127.84,365.83,1,-1,-1,-1
467,53,411.51,137.96,51.86,196.71,1,-1,-1,-1
467,27,241.17,172.76,36.80,103.68,1,-1,-1,-1
467,55,26.73,1.88,218.71,478.69,1,-1,-1,-1
468,51,456.23,86.75,123.94,327.03,1,-1,-1,-1
468,49,260.29,49.68,129.08,370.67,1,-1,-1,-1
468,53,409.23,135.98,52.89,200.57,1,-1,-1,-1
468,55,24.73,-1.68,223.35,481.81,1,-1,-1,-1
469,51,449.83,85.77,122.65,327.57,1,-1,-1,-1
469,49,254.30,40.13,132.90,374.67,1,-1,-1,-1
469,53,407.74,130.94,53.82,205.21,1,-1,-1,-1
469,55,25.36,-1.94,220.87,482.45,1,-1,-1,-1
469,56,557.24,76.04,83.65,322.44,1,-1,-1,-1
470,51,447.48,88.88,120.05,325.88,1,-1,-1,-1
470,49,256.70,38.99,133.64,371.37,1,-1,-1,-1
470,53,410.48,135.65,54.71,199.48,1,-1,-1,-1
470,55,26.41,0.98,229.20,480.33,1,-1,-1,-1
470,56,554.60,76.05,87.28,328.30,1,-1,-1,-1
471,51,447.54,89.28,117.52,325.98,1,-1,-1,-1
471,49,258.83,38.33,134.11,371.84,1,-1,-1,-1
471,53,414.20,136.99,56.23,193.91,1,-1,-1,-1
471,55,29.32,1.35,233.04,479.85,1,-1,-1,-1
471,56,560.06,73.48,82.10,329.63,1,-1,-1,-1
472,51,447.33,85.09,116.19,328.76,1,-1,-1,-1
472,49,260.84,32.28,136.62,381.05,1,-1,-1,-1
472,55,33.96,0.66,231.13,480.07,1,-1,-1,-1
472,56,564.82,71.27,77.09,322.90,1,-1,-1,-1
473,51,443.88,81.53,117.00,330.80,1,-1,-1,-1
473,49,261.84,31.08,135.07,384.89,1,-1,-1,-1
473,55,37.32,-1.54,233.09,482.40,1,-1,-1,-1
473,56,564.18,65.77,76.11,328.07,1,-1,-1,-1
474,51,444.24,79.67,109.61,324.71,1,-1,-1,-1
474,49,264.07,33.38,133.56,387.79,1,-1,-1,-1
474,55,45.50,-0.59,233.71,481.71,1,-1,-1,-1
474,56,559.30,63.19,81.27,332.48,1,-1,-1,-1
475,51,447.68,75.86,106.60,330.05,1,-1,-1,-1
475,49,267.85,34.68,136.58,385.97,1,-1,-1,-1
475,55,53.61,3.38,236.37,478.14,1,-1,-1,-1
475,56,559.98,61.16,82.55,330.88,1,-1,-1,-1
476,51,452.42,78.80,102.39,329.65,1,-1,-1,-1
476,49,273.68,40.28,133.31,387.77,1,-1,-1,-1
476,55,60.41,3.78,232.78,478.58,1,-1,-1,-1
476,56,558.27,69.34,83.78,316.21,1,-1,-1,-1
477,51,454.03,80.81,98.58,334.96,1,-1,-1,-1
477,49,268.61,33.86,137.45,395.96,1,-1,-1,-1
477,55,65.46,1.91,226.48,480.78,1,-1,-1,-1
477,56,555.22,66.22,86.56,331.05,1,-1,-1,-1
478,51,448.03,80.96,104.19,334.75,1,-1,-1,-1
478,49,263.67,34.68,138.83,396.84,1,-1,-1,-1
478,55,61.76,0.70,231.76,481.25,1,-1,-1,-1
478,56,550.84,68.28,89.52,330.71,1,-1,-1,-1
479,51,444.34,88.87,105.08,325.20,1,-1,-1,-1
479,49,258.67,38.76,138.68,395.98,1,-1,-1,-1
479,55,52.36,2.37,242.66,481.10,1,-1,-1,-1
479,56,542.47,73.45,96.54,333.26,1,-1,-1,-1
480,51,438.18,89.05,110.46,327.44,1,-1,-1,-1
480,49,258.45,37.86,137.69,393.70,1,-1,-1,-1
480,55,53.27,2.32,244.36,480.54,1,-1,-1,-1
480,56,537.39,76.99,102.36,334.49,1,-1,-1,-1
481,51,429.00,84.51,112.79,327.61,1,-1,-1,-1
481,49,254.67,29.96,135.85,396.43,1,-1,-1,-1
481,55,44.38,-0.74,255.30,480.88,1,-1,-1,-1
481,56,529.92,74.37,108.79,334.83,1,-1,-1,-1
482,51,419.37,84.50,113.21,325.81,1,-1,-1,-1
482,49,245.43,32.67,134.89,415.54,1,-1,-1,-1
482,55,39.08,-0.93,257.69,480.96,1,-1,-1,-1
482,56,521.71,75.20,113.09,333.53,1,-1,-1,-1
483,51,411.20,88.61,115.60,331.71,1,-1,-1,-1
483,49,239.43,37.52,131.52,421.68,1,-1,-1,-1
483,55,39.68,2.67,249.59,479.68,1,-1,-1,-1
483,56,515.39,83.45,113.83,333.51,1,-1,-1,-1
484,51,403.68,94.23,116.46,329.21,1,-1,-1,-1
484,49,231.86,36.86,128.70,428.26,1,-1,-1,-1
484,55,23.67,2.73,270.64,479.98,1,-1,-1,-1
484,56,511.53,85.50,109.06,329.95,1,-1,-1,-1
485,51,398.47,92.90,117.97,335.03,1,-1,-1,-1
485,49,232.87,35.23,123.41,436.98,1,-1,-1,-1
485,55,24.37,5.38,274.30,477.44,1,-1,-1,-1
485,56,507.85,86.09,102.91,325.67,1,-1,-1,-1
486,51,395.61,93.86,113.25,329.77,1,-1,-1,-1
486,49,228.55,36.88,123.15,416.41,1,-1,-1,-1
486,55,16.22,2.58,282.62,478.91,1,-1,-1,-1
486,56,502.84,88.04,100.68,318.10,1,-1,-1,-1
487,51,389.72,96.42,108.74,326.94,1,-1,-1,-1
487,49,232.31,35.89,110.14,414.14,1,-1,-1,-1
487,55,15.97,3.94,276.01,477.62,1,-1,-1,-1
487,56,492.52,89.94,106.58,324.59,1,-1,-1,-1
488,51,386.85,94.80,105.33,329.33,1,-1,-1,-1
488,55,18.70,3.41,278.39,476.05,1,-1,-1,-1
488,56,482.07,91.04,115.19,326.08,1,-1,-1,-1
489,51,382.61,95.22,104.75,326.52,1,-1,-1,-1
489,55,16.41,0.22,283.60,478.84,1,-1,-1,-1
489,56,473.59,89.31,117.96,334.30,1,-1,-1,-1
490,51,381.07,94.58,102.22,331.72,1,-1,-1,-1
490,55,6.08,-1.83,286.27,482.70,1,-1,-1,-1
490,56,465.59,92.51,123.81,336.09,1,-1,-1,-1
491,51,378.55,98.58,101.28,332.82,1,-1,-1,-1
491,55,4.01,0.61,289.41,480.55,1,-1,-1,-1
491,56,461.60,96.74,117.77,328.39,1,-1,-1,-1
492,51,378.43,97.83,103.50,328.70,1,-1,-1,-1
492,55,0.66,0.71,288.33,480.50,1,-1,-1,-1
492,56,462.01,94.01,110.92,328.44,1,-1,-1,-1
493,51,378.73,96.80,105.22,328.68,1,-1,-1,-1
493,55,-2.46,4.98,297.37,479.64,1,-1,-1,-1
493,56,465.91,93.07,106.47,328.71,1,-1,-1,-1
494,51,373.26,101.71,111.15,325.66,1,-1,-1,-1
494,55,-3.07,6.40,293.83,478.32,1,-1,-1,-1
494,56,468.17,95.89,99.37,323.01,1,-1,-1,-1
495,51,372.31,94.54,107.19,328.22,1,-1,-1,-1
495,55,-0.37,-0.89,288.56,481.04,1,-1,-1,-1
495,56,465.79,91.00,102.52,328.94,1,-1,-1,-1
496,51,375.21,92.37,104.54,333.64,1,-1,-1,-1
496,55,1.82,-0.70,283.53,480.50,1,-1,-1,-1
496,56,465.32,89.97,105.36,336.77,1,-1,-1,-1
497,51,377.18,93.80,103.69,335.78,1,-1,-1,-1
497,55,2.71,0.59,283.83,478.58,1,-1,-1,-1
497,56,468.64,83.77,100.25,346.74,1,-1,-1,-1
498,51,378.77,93.44,103.68,338.47,1,-1,-1,-1
498,55,1.77,1.11,285.47,478.92,1,-1,-1,-1
498,56,468.37,85.07,101.08,343.40,1,-1,-1,-1
499,51,378.02,93.45,108.37,334.79,1,-1,-1,-1
499,55,1.12,3.56,293.99,477.20,1,-1,-1,-1
499,56,469.65,86.77,104.95,334.01,1,-1,-1,-1
500,51,382.41,91.24,106.42,332.02,1,-1,-1,-1
500,55,2.19,7.27,306.00,474.23,1,-1,-1,-1
500,56,468.24,84.02,112.80,335.93,1,-1,-1,-1
501,51,385.10,89.62,110.47,332.16,1,-1,-1,-1
501,55,2.31,3.41,309.70,477.61,1,-1,-1,-1
501,56,468.84,81.78,117.39,340.08,1,-1,-1,-1
502,51,388.93,88.78,106.32,334.69,1,-1,-1,-1
502,55,14.10,3.81,302.58,477.79,1,-1,-1,-1
502,56,471.76,84.92,120.74,342.92,1,-1,-1,-1
503,51,390.45,87.03,105.45,335.11,1,-1,-1,-1
503,55,14.65,-1.18,303.23,480.10,1,-1,-1,-1
503,56,473.87,82.08,123.37,339.40,1,-1,-1,-1
504,51,391.94,89.03,105.20,325.63,1,-1,-1,-1
504,55,24.54,3.61,304.34,471.78,1,-1,-1,-1
504,56,477.88,80.55,120.22,336.93,1,-1,-1,-1
505,51,390.03,87.28,108.02,328.37,1,-1,-1,-1
505,55,31.64,3.61,300.93,473.85,1,-1,-1,-1
505,56,480.01,76.87,118.56,339.14,1,-1,-1,-1
506,51,385.67,83.52,112.07,328.13,1,-1,-1,-1
506,55,35.46,3.79,304.38,475.06,1,-1,-1,-1
506,56,479.32,77.59,120.68,329.81,1,-1,-1,-1
507,51,382.51,85.27,113.98,329.95,1,-1,-1,-1
507,55,42.55,5.59,303.02,476.55,1,-1,-1,-1
507,56,480.57,79.68,117.54,335.15,1,-1,-1,-1
508,51,381.62,86.81,116.31,327.21,1,-1,-1,-1
508,55,54.09,2.68,297.70,478.83,1,-1,-1,-1
508,56,485.03,73.19,112.86,343.77,1,-1,-1,-1
509,51,378.05,80.99,118.55,332.49,1,-1,-1,-1
509,55,69.90,-0.70,282.37,481.19,1,-1,-1,-1
509,56,486.51,74.68,116.31,341.57,1,-1,-1,-1
510,51,378.31,85.48,117.55,337.30,1,-1,-1,-1
510,55,81.60,5.49,288.36,476.79,1,-1,-1,-1
510,56,486.41,79.45,116.54,344.57,1,-1,-1,-1
511,51,384.22,80.23,110.61,348.04,1,-1,-1,-1
511,55,90.75,9.23,298.97,472.24,1,-1,-1,-1
511,56,490.10,80.86,116.45,339.91,1,-1,-1,-1
512,51,389.37,88.31,107.11,338.33,1,-1,-1,-1
512,55,103.62,6.02,298.72,476.87,1,-1,-1,-1
512,56,497.75,79.73,115.06,342.26,1,-1,-1,-1
513,51,401.22,92.21,98.34,318.47,1,-1,-1,-1
513,55,138.63,5.50,293.57,477.05,1,-1,-1,-1
513,56,500.81,83.81,115.64,339.01,1,-1,-1,-1
514,51,402.20,92.54,96.26,305.26,1,-1,-1,-1
514,55,161.11,3.00,282.40,477.72,1,-1,-1,-1
514,56,498.17,80.02,118.67,340.42,1,-1,-1,-1
514,57,10.23,114.55,80.75,243.79,1,-1,-1,-1
514,58,80.15,55.24,115.17,372.29,1,-1,-1,-1
515,55,178.21,2.30,281.44,479.65,1,-1,-1,-1
515,56,496.11,84.47,124.19,338.01,1,-1,-1,-1
515,57,5.98,112.74,72.76,252.64,1,-1,-1,-1
515,58,89.84,72.87,113.14,336.00,1,-1,-1,-1
516,55,204.69,1.42,283.05,480.07,1,-1,-1,-1
516,56,495.96,83.05,124.88,343.46,1,-1,-1,-1
516,57,4.47,103.86,65.77,263.44,1,-1,-1,-1
516,58,97.56,79.09,113.32,323.39,1,-1,-1,-1
517,55,219.92,1.84,297.80,479.08,1,-1,-1,-1
517,56,493.95,89.44,130.19,342.80,1,-1,-1,-1
517,57,2.77,94.87,57.87,273.83,1,-1,-1,-1
517,58,105.57,91.46,115.68,310.07,1,-1,-1,-1
518,55,240.30,1.26,302.72,479.73,1,-1,-1,-1
518,56,511.65,77.08,114.74,361.37,1,-1,-1,-1
518,49,171.51,28.34,132.52,452.55,1,-1,-1,-1
519,55,252.31,0.94,322.36,480.51,1,-1,-1,-1
519,49,166.68,27.67,153.97,450.34,1,-1,-1,-1
520,55,273.39,0.44,320.49,480.87,1,-1,-1,-1
520,49,168.17,22.85,159.83,457.41,1,-1,-1,-1
521,55,307.34,0.24,303.03,478.57,1,-1,-1,-1
521,49,175.64,18.09,162.82,461.92,1,-1,-1,-1
522,55,332.47,0.70,298.30,481.46,1,-1,-1,-1
522,49,179.26,14.93,165.89,468.40,1,-1,-1,-1
523,55,350.17,-1.23,295.27,482.86,1,-1,-1,-1
523,49,174.85,13.54,173.50,466.58,1,-1,-1,-1
524,55,369.76,-2.38,276.86,483.78,1,-1,-1,-1
524,49,176.87,4.39,169.60,473.03,1,-1,-1,-1
525,55,393.03,0.55,255.18,480.89,1,-1,-1,-1
525,49,189.08,8.11,164.23,472.07,1,-1,-1,-1
526,55,413.02,-0.01,235.71,480.19,1,-1,-1,-1
526,49,198.19,15.05,165.53,463.39,1,-1,-1,-1
527,55,423.43,-0.42,222.56,480.35,1,-1,-1,-1
527,49,195.86,13.56,172.25,463.31,1,-1,-1,-1
528,55,438.26,5.23,205.40,479.68,1,-1,-1,-1
528,49,205.21,24.52,162.45,455.52,1,-1,-1,-1
529,55,460.93,4.63,182.44,479.14,1,-1,-1,-1
529,49,209.54,27.90,159.91,454.09,1,-1,-1,-1
529,51,383.95,104.62,97.25,347.24,1,-1,-1,-1
530,55,479.36,2.15,163.85,479.74,1,-1,-1,-1
530,49,208.24,27.23,165.85,454.30,1,-1,-1,-1
530,59,115.85,159.97,52.78,158.82,1,-1,-1,-1
530,51,381.58,112.50,100.65,333.02,1,-1,-1,-1
531,55,489.28,2.11,153.39,478.61,1,-1,-1,-1
531,49,210.56,25.11,166.45,455.99,1,-1,-1,-1
531,59,106.78,159.31,57.07,162.95,1,-1,-1,-1
531,51,379.89,108.65,98.46,333.54,1,-1,-1,-1
532,55,498.08,-0.24,144.29,479.14,1,-1,-1,-1
532,49,208.73,23.79,167.34,455.99,1,-1,-1,-1
532,59,91.36,155.48,63.68,171.78,1,-1,-1,-1
532,51,372.61,107.38,100.10,321.36,1,-1,-1,-1
533,55,492.91,-1.29,147.75,480.18,1,-1,-1,-1
533,49,205.04,17.68,161.52,461.40,1,-1,-1,-1
533,59,77.47,149.15,67.11,177.13,1,-1,-1,-1
533,51,365.51,101.63,101.72,318.53,1,-1,-1,-1
534,55,499.23,-0.07,138.36,481.21,1,-1,-1,-1
534,49,188.87,22.04,162.16,458.28,1,-1,-1,-1
534,59,54.05,142.74,70.29,182.99,1,-1,-1,-1
534,51,350.54,98.96,104.69,316.64,1,-1,-1,-1
535,55,503.71,7.55,135.62,474.08,1,-1,-1,-1
535,49,181.22,19.29,167.75,461.48,1,-1,-1,-1
535,59,40.42,136.76,72.49,193.07,1,-1,-1,-1
535,51,338.45,98.10,111.24,318.74,1,-1,-1,-1
536,55,517.77,4.19,124.27,476.44,1,-1,-1,-1
536,49,178.86,19.05,171.15,461.34,1,-1,-1,-1
536,59,28.48,130.24,77.92,203.53,1,-1,-1,-1
536,51,331.21,97.81,119.08,319.92,1,-1,-1,-1
537,55,513.31,18.54,127.78,461.03,1,-1,-1,-1
537,49,179.51,7.80,169.07,471.44,1,-1,-1,-1
537,59,13.98,121.00,82.96,214.28,1,-1,-1,-1
537,51,328.66,93.90,117.01,321.99,1,-1,-1,-1
537,60,441.24,78.39,104.43,361.29,1,-1,-1,-1
538,55,505.45,33.75,125.84,447.36,1,-1,-1,-1
538,49,177.68,3.88,173.64,476.76,1,-1,-1,-1
538,59,5.08,117.24,86.58,224.99,1,-1,-1,-1
538,51,328.62,95.21,111.39,325.90,1,-1,-1,-1
538,60,440.33,84.18,105.12,351.37,1,-1,-1,-1
538,61,124.33,145.99,48.18,145.31,1,-1,-1,-1
539,49,186.83,1.26,175.09,478.94,1,-1,-1,-1
539,59,2.13,113.14,84.25,236.82,1,-1,-1,-1
539,51,335.16,90.76,107.95,325.89,1,-1,-1,-1
539,60,444.96,84.57,107.73,341.77,1,-1,-1,-1
539,61,124.26,142.82,51.51,146.55,1,-1,-1,-1
540,49,194.60,1.47,171.98,479.83,1,-1,-1,-1
540,59,-0.06,113.37,81.43,250.03,1,-1,-1,-1
540,51,342.19,90.00,102.86,330.68,1,-1,-1,-1
540,60,448.00,84.53,113.25,336.14,1,-1,-1,-1
540,61,123.40,143.74,53.51,147.45,1,-1,-1,-1
541,49,208.08,2.91,170.64,477.64,1,-1,-1,-1
541,59,0.70,111.80,78.01,262.31,1,-1,-1,-1
541,51,352.00,88.92,97.78,327.52,1,-1,-1,-1
541,60,453.93,78.70,116.12,341.59,1,-1,-1,-1
541,61,126.41,141.72,56.72,154.82,1,-1,-1,-1
542,49,215.38,3.02,171.26,478.25,1,-1,-1,-1
542,59,0.08,102.91,73.47,278.72,1,-1,-1,-1
542,51,358.02,81.11,96.02,347.41,1,-1,-1,-1
542,60,449.06,77.65,128.08,347.23,1,-1,-1,-1
542,61,122.20,140.26,61.34,161.31,1,-1,-1,-1
543,49,223.01,7.81,169.30,474.63,1,-1,-1,-1
543,59,-0.41,93.97,65.80,296.33,1,-1,-1,-1
543,51,365.66,85.34,89.46,341.13,1,-1,-1,-1
543,60,449.86,81.28,133.83,352.47,1,-1,-1,-1
543,61,116.86,141.08,68.75,165.11,1,-1,-1,-1
544,49,229.15,6.53,173.22,474.25,1,-1,-1,-1
544,59,2.38,90.56,58.89,292.11,1,-1,-1,-1
544,51,366.56,81.77,88.70,344.29,1,-1,-1,-1
544,60,452.30,78.89,139.45,358.97,1,-1,-1,-1
544,61,111.97,135.69,71.48,169.82,1,-1,-1,-1
545,49,236.36,5.54,180.07,475.02,1,-1,-1,-1
545,60,458.03,77.07,139.17,364.92,1,-1,-1,-1
545,61,108.40,135.07,74.55,172.70,1,-1,-1,-1
546,49,243.05,6.57,191.44,473.65,1,-1,-1,-1
546,60,465.75,76.68,143.74,365.42,1,-1,-1,-1
546,61,109.20,133.08,79.36,178.39,1,-1,-1,-1
546,62,192.16,146.59,54.62,155.90,1,-1,-1,-1
547,49,244.63,2.36,204.53,477.05,1,-1,-1,-1
547,60,476.14,68.75,144.65,372.35,1,-1,-1,-1
547,61,109.34,123.62,80.54,184.50,1,-1,-1,-1
547,62,193.79,139.42,57.51,161.60,1,-1,-1,-1
548,49,250.59,4.92,206.01,475.83,1,-1,-1,-1
548,60,489.12,66.88,147.90,377.64,1,-1,-1,-1
548,61,109.76,121.39,79.43,191.89,1,-1,-1,-1
548,62,196.37,138.90,57.37,166.35,1,-1,-1,-1
549,49,259.60,1.94,198.20,478.73,1,-1,-1,-1
549,60,498.90,62.92,143.85,389.50,1,-1,-1,-1
549,61,108.61,118.49,75.95,197.77,1,-1,-1,-1
549,62,200.49,133.39,58.31,175.85,1,-1,-1,-1
550,49,264.03,-3.34,198.95,481.40,1,-1,-1,-1
550,60,515.42,49.25,130.67,402.02,1,-1,-1,-1
550,61,102.09,104.46,76.36,208.39,1,-1,-1,-1
550,62,197.26,116.71,65.53,183.36,1,-1,-1,-1
551,49,267.25,-1.16,194.05,481.16,1,-1,-1,-1
551,60,522.95,39.04,120.29,412.93,1,-1,-1,-1
551,61,92.61,100.27,79.46,214.14,1,-1,-1,-1
551,62,188.54,108.60,71.20,194.37,1,-1,-1,-1
552,49,261.28,2.75,195.47,481.16,1,-1,-1,-1
552,60,525.33,47.56,116.82,410.73,1,-1,-1,-1
552,61,81.88,104.58,84.22,218.65,1,-1,-1,-1
552,62,178.94,113.60,76.92,199.33,1,-1,-1,-1
553,49,262.61,2.48,191.37,480.65,1,-1,-1,-1
553,60,530.22,47.26,111.23,411.65,1,-1,-1,-1
553,61,72.46,101.36,86.18,224.84,1,-1,-1,-1
553,62,171.49,117.68,81.43,198.51,1,-1,-1,-1
554,49,262.08,2.37,189.93,480.57,1,-1,-1,-1
554,60,536.36,45.03,105.80,413.13,1,-1,-1,-1
554,61,60.99,102.31,88.39,232.14,1,-1,-1,-1
554,62,166.94,119.73,83.81,202.33,1,-1,-1,-1
555,49,259.12,0.31,193.40,480.45,1,-1,-1,-1
555,60,544.78,40.58,98.60,416.68,1,-1,-1,-1
555,61,49.87,90.91,93.09,247.25,1,-1,-1,-1
555,62,165.54,114.44,85.85,207.55,1,-1,-1,-1
556,49,254.00,2.00,195.55,479.62,1,-1,-1,-1
556,60,549.20,44.29,92.66,419.91,1,-1,-1,-1
556,61,38.77,90.05,97.69,255.75,1,-1,-1,-1
556,62,161.09,113.05,82.76,220.22,1,-1,-1,-1
557,49,252.11,4.39,196.80,480.27,1,-1,-1,-1
557,60,548.51,59.77,92.43,406.82,1,-1,-1,-1
557,61,21.37,93.78,102.79,265.87,1,-1,-1,-1
557,62,153.97,111.12,85.65,231.75,1,-1,-1,-1
557,51,419.83,114.86,92.93,296.08,1,-1,-1,-1
558,49,251.54,0.90,198.34,480.64,1,-1,-1,-1
558,60,548.78,62.54,91.50,399.74,1,-1,-1,-1
558,61,7.18,83.86,104.42,276.49,1,-1,-1,-1
558,62,147.61,102.29,87.32,248.28,1,-1,-1,-1
558,51,425.69,113.15,95.88,292.73,1,-1,-1,-1
559,49,262.20,-1.28,199.03,479.21,1,-1,-1,-1
559,60,555.29,58.43,89.28,385.60,1,-1,-1,-1
559,61,1.76,76.58,101.48,287.04,1,-1,-1,-1
559,62,147.02,91.26,90.61,255.43,1,-1,-1,-1
559,51,441.16,95.05,94.71,324.38,1,-1,-1,-1
560,49,261.56,0.26,200.75,478.94,1,-1,-1,-1
560,60,555.38,59.29,86.65,382.02,1,-1,-1,-1
560,61,-3.11,77.33,94.56,287.35,1,-1,-1,-1
560,62,137.62,91.31,95.79,262.42,1,-1,-1,-1
560,51,447.63,87.07,95.10,335.21,1,-1,-1,-1
561,49,252.45,-1.27,202.10,481.49,1,-1,-1,-1
561,60,555.30,47.76,82.76,396.21,1,-1,-1,-1
561,61,-6.77,62.09,78.71,302.68,1,-1,-1,-1
561,62,124.05,80.89,97.04,277.71,1,-1,-1,-1
561,51,452.42,67.22,99.45,365.78,1,-1,-1,-1
562,49,246.39,-1.59,198.73,481.97,1,-1,-1,-1
562,60,557.42,41.37,80.36,407.15,1,-1,-1,-1
562,61,-5.73,42.61,59.31,313.39,1,-1,-1,-1
562,62,110.49,69.18,101.92,287.90,1,-1,-1,-1
562,51,458.52,50.88,108.58,383.84,1,-1,-1,-1
563,49,238.87,1.12,206.12,480.80,1,-1,-1,-1
563,62,99.30,67.04,105.70,300.42,1,-1,-1,-1
563,51,466.33,41.29,133.45,425.61,1,-1,-1,-1
564,49,235.56,1.96,206.29,479.30,1,-1,-1,-1
564,62,86.34,56.23,113.84,322.36,1,-1,-1,-1
564,51,476.67,32.90,146.96,445.52,1,-1,-1,-1
565,49,233.46,2.08,211.49,478.31,1,-1,-1,-1
565,62,78.05,43.98,118.53,346.44,1,-1,-1,-1
565,51,492.47,26.61,148.50,454.85,1,-1,-1,-1
566,49,229.88,2.21,213.21,478.70,1,-1,-1,-1
566,62,63.81,32.44,124.27,377.07,1,-1,-1,-1
566,51,509.60,22.63,136.31,461.08,1,-1,-1,-1
567,49,227.90,1.84,215.42,479.92,1,-1,-1,-1
567,62,43.60,17.19,134.59,409.51,1,-1,-1,-1
567,63,416.91,48.96,98.96,343.61,1,-1,-1,-1
567,60,549.10,32.26,92.62,446.69,1,-1,-1,-1
568,49,220.42,1.50,224.73,479.82,1,-1,-1,-1
568,62,28.34,8.00,141.04,437.29,1,-1,-1,-1
568,63,414.95,45.47,114.42,352.69,1,-1,-1,-1
568,60,558.04,46.06,84.82,399.58,1,-1,-1,-1
569,49,216.45,0.14,229.62,480.35,1,-1,-1,-1
569,62,7.33,-0.31,149.25,467.77,1,-1,-1,-1
569,63,421.33,24.08,125.87,385.38,1,-1,-1,-1
569,60,561.34,48.54,82.63,377.79,1,-1,-1,-1
570,49,212.86,0.35,232.15,480.14,1,-1,-1,-1
570,62,0.42,-2.44,148.46,467.85,1,-1,-1,-1
570,63,424.48,19.98,135.64,401.84,1,-1,-1,-1
570,60,561.88,46.46,81.91,372.02,1,-1,-1,-1
571,49,209.03,1.80,232.00,479.48,1,-1,-1,-1
571,62,-1.86,-2.05,130.08,471.00,1,-1,-1,-1
571,63,429.53,14.20,147.40,421.24,1,-1,-1,-1
571,60,559.34,47.87,82.47,372.38,1,-1,-1,-1
572,49,204.64,0.58,235.42,480.81,1,-1,-1,-1
572,62,-1.89,-3.82,98.97,461.40,1,-1,-1,-1
572,63,432.69,4.71,160.57,444.92,1,-1,-1,-1
572,60,561.51,55.23,79.50,349.08,1,-1,-1,-1
573,49,199.61,1.70,240.10,482.25,1,-1,-1,-1
573,63,440.59,0.51,171.56,476.60,1,-1,-1,-1
574,49,196.48,1.83,250.01,479.97,1,-1,-1,-1
574,63,453.72,-1.40,182.53,485.46,1,-1,-1,-1
575,49,195.57,1.34,257.16,479.60,1,-1,-1,-1
575,63,467.21,-2.33,178.38,488.25,1,-1,-1,-1
576,49,194.67,0.78,259.29,480.05,1,-1,-1,-1
576,63,479.50,-2.45,167.98,489.12,1,-1,-1,-1
577,49,198.45,0.68,260.73,479.48,1,-1,-1,-1
577,63,493.91,-2.14,153.24,487.89,1,-1,-1,-1
578,49,205.03,0.46,259.09,479.13,1,-1,-1,-1
578,63,513.86,-2.21,133.60,486.50,1,-1,-1,-1
579,49,214.00,-2.30,255.27,479.90,1,-1,-1,-1
580,49,222.97,1.61,252.18,477.76,1,-1,-1,-1
580,63,507.73,46.09,118.29,375.36,1,-1,-1,-1
581,49,236.69,6.34,252.06,475.43,1,-1,-1,-1
581,63,500.36,61.83,108.88,350.75,1,-1,-1,-1
582,49,246.56,7.25,252.63,473.60,1,-1,-1,-1
582,63,489.86,69.70,109.00,333.95,1,-1,-1,-1
583,49,250.27,7.15,260.71,475.00,1,-1,-1,-1
583,63,480.67,81.44,111.66,330.90,1,-1,-1,-1
583,64,208.59,153.64,51.68,145.84,1,-1,-1,-1
584,49,258.62,3.05,266.23,479.32,1,-1,-1,-1
584,64,205.11,156.86,55.73,146.08,1,-1,-1,-1
585,49,265.64,-0.41,272.05,480.92,1,-1,-1,-1
585,64,199.65,152.24,56.32,151.86,1,-1,-1,-1
586,49,271.04,2.28,278.77,479.35,1,-1,-1,-1
586,64,195.09,151.74,63.08,158.35,1,-1,-1,-1
587,49,270.82,0.12,278.86,479.70,1,-1,-1,-1
587,64,186.77,146.48,65.68,162.37,1,-1,-1,-1
588,49,265.62,2.87,267.93,478.74,1,-1,-1,-1
588,64,178.56,148.69,63.04,166.56,1,-1,-1,-1
589,49,245.02,1.07,259.46,481.40,1,-1,-1,-1
589,64,154.64,145.65,64.60,174.42,1,-1,-1,-1
590,49,232.61,-0.02,259.61,479.37,1,-1,-1,-1
590,64,140.67,140.62,67.88,180.82,1,-1,-1,-1
590,63,460.50,120.37,94.01,254.48,1,-1,-1,-1
591,49,226.77,-0.14,256.04,480.42,1,-1,-1,-1
591,64,122.83,135.99,72.02,188.13,1,-1,-1,-1
591,63,447.81,125.58,85.56,239.49,1,-1,-1,-1
592,49,216.26,2.93,251.45,479.88,1,-1,-1,-1
592,64,105.11,138.81,76.42,200.21,1,-1,-1,-1
593,49,204.13,-0.62,253.82,480.51,1,-1,-1,-1
593,64,84.35,129.43,77.68,207.26,1,-1,-1,-1
594,49,196.85,-0.80,255.86,480.35,1,-1,-1,-1
594,64,70.61,121.92,77.97,214.81,1,-1,-1,-1
595,49,191.28,1.80,255.39,480.51,1,-1,-1,-1
595,64,51.73,118.10,85.64,226.74,1,-1,-1,-1
596,49,189.21,1.43,250.25,480.19,1,-1,-1,-1
596,64,36.50,112.79,90.14,237.63,1,-1,-1,-1
597,49,191.24,1.78,236.45,479.98,1,-1,-1,-1
597,64,18.72,105.90,97.36,252.39,1,-1,-1,-1
598,49,196.13,2.89,227.19,479.38,1,-1,-1,-1
598,64,3.99,103.23,98.40,266.04,1,-1,-1,-1
599,49,197.15,1.65,223.54,479.44,1,-1,-1,-1
599,64,-1.41,106.30,92.25,268.12,1,-1,-1,-1
599,65,147.87,154.29,71.19,155.76,1,-1,-1,-1
600,49,194.85,1.99,224.82,480.28,1,-1,-1,-1
600,64,-2.13,110.41,84.03,265.83,1,-1,-1,-1
600,65,140.30,153.89,76.02,162.69,1,-1,-1,-1
601,49,195.72,1.71,229.33,479.24,1,-1,-1,-1
601,65,137.30,152.97,76.20,166.01,1,-1,-1,-1
602,49,193.97,0.09,236.22,479.89,1,-1,-1,-1
602,65,136.95,152.46,71.99,169.36,1,-1,-1,-1
602,66,539.48,16.99,103.10,463.85,1,-1,-1,-1
603,49,190.60,1.28,237.18,480.16,1,-1,-1,-1
603,65,133.82,153.13,72.09,174.63,1,-1,-1,-1
604,49,188.47,0.40,240.17,480.46,1,-1,-1,-1
604,65,130.08,147.75,72.26,181.46,1,-1,-1,-1
605,49,186.38,0.33,235.37,479.77,1,-1,-1,-1
605,65,124.73,143.95,74.29,187.40,1,-1,-1,-1
606,49,185.20,-0.10,235.19,480.03,1,-1,-1,-1
606,65,120.38,138.68,77.45,193.11,1,-1,-1,-1
607,49,185.92,-1.22,233.89,481.18,1,-1,-1,-1
607,65,112.86,130.18,83.77,201.80,1,-1,-1,-1
608,49,191.44,2.37,227.43,479.79,1,-1,-1,-1
608,65,102.35,129.62,90.69,207.23,1,-1,-1,-1
609,49,194.98,-0.32,232.77,480.50,1,-1,-1,-1
609,65,95.59,121.88,95.42,218.33,1,-1,-1,-1
610,49,205.09,1.18,234.68,479.72,1,-1,-1,-1
610,65,91.69,120.29,94.58,225.36,1,-1,-1,-1
611,49,213.86,3.04,232.25,479.87,1,-1,-1,-1
611,65,86.77,123.83,94.46,230.99,1,-1,-1,-1
612,49,218.11,0.45,242.84,480.83,1,-1,-1,-1
612,65,76.39,117.08,98.83,242.16,1,-1,-1,-1
613,49,218.96,-0.96,245.67,481.01,1,-1,-1,-1
613,65,63.09,106.98,96.22,252.45,1,-1,-1,-1
614,49,232.07,7.45,244.80,475.02,1,-1,-1,-1
614,65,46.43,95.71,97.69,270.83,1,-1,-1,-1
614,67,135.43,156.53,55.21,134.91,1,-1,-1,-1
614,68,184.50,106.55,87.47,269.72,1,-1,-1,-1
615,49,249.45,6.92,233.61,475.53,1,-1,-1,-1
615,65,38.31,90.67,100.81,285.32,1,-1,-1,-1
615,67,131.46,156.69,58.57,135.94,1,-1,-1,-1
615,68,183.37,107.30,85.24,271.40,1,-1,-1,-1
616,49,261.17,2.73,234.27,479.15,1,-1,-1,-1
616,65,31.77,80.23,94.09,317.74,1,-1,-1,-1
616,67,128.33,154.08,58.53,141.34,1,-1,-1,-1
616,68,184.54,108.99,84.21,269.71,1,-1,-1,-1
617,49,266.97,2.38,232.35,476.73,1,-1,-1,-1
617,65,31.68,75.86,80.25,303.90,1,-1,-1,-1
617,67,124.06,145.32,58.55,146.24,1,-1,-1,-1
617,68,182.85,105.06,85.25,268.97,1,-1,-1,-1
618,49,266.78,2.00,240.59,478.77,1,-1,-1,-1
618,65,5.11,23.26,88.86,424.63,1,-1,-1,-1
618,67,114.08,140.11,61.89,149.34,1,-1,-1,-1
618,68,177.21,100.47,82.71,265.59,1,-1,-1,-1
619,49,265.53,4.08,237.85,478.95,1,-1,-1,-1
619,67,101.17,137.41,64.14,154.91,1,-1,-1,-1
619,68,167.56,97.57,82.54,267.99,1,-1,-1,-1
620,49,272.23,3.64,233.66,478.51,1,-1,-1,-1
620,67,93.14,137.53,65.45,161.26,1,-1,-1,-1
620,68,162.32,98.29,83.86,266.39,1,-1,-1,-1
621,49,280.11,5.86,227.09,475.97,1,-1,-1,-1
621,67,87.77,142.26,71.05,165.60,1,-1,-1,-1
621,68,162.23,106.53,86.23,266.86,1,-1,-1,-1
622,49,287.62,4.93,222.29,476.86,1,-1,-1,-1
622,67,85.52,145.55,76.35,176.51,1,-1,-1,-1
622,68,165.61,116.20,86.76,262.32,1,-1,-1,-1
623,49,291.10,2.95,218.13,479.06,1,-1,-1,-1
623,67,78.14,139.26,70.21,188.79,1,-1,-1,-1
623,68,164.51,121.79,84.71,260.57,1,-1,-1,-1
624,49,287.49,1.27,223.38,480.75,1,-1,-1,-1
624,68,161.17,124.38,88.50,266.33,1,-1,-1,-1
625,49,295.78,-0.96,222.57,480.85,1,-1,-1,-1
625,68,162.28,119.97,92.30,269.95,1,-1,-1,-1
626,49,299.40,-0.96,224.92,480.64,1,-1,-1,-1
626,68,168.08,115.77,90.06,270.30,1,-1,-1,-1
627,49,299.55,-0.91,231.96,478.86,1,-1,-1,-1
627,68,173.25,109.90,83.48,263.51,1,-1,-1,-1
628,49,311.21,-0.37,232.11,478.85,1,-1,-1,-1
628,68,177.56,102.02,84.13,266.66,1,-1,-1,-1
628,70,252.43,98.60,81.98,268.48,1,-1,-1,-1
628,67,5.43,11.08,118.76,455.89,1,-1,-1,-1
629,49,326.49,4.27,238.16,476.36,1,-1,-1,-1
629,68,189.38,108.74,81.64,264.64,1,-1,-1,-1
629,70,260.91,109.26,83.81,265.34,1,-1,-1,-1
629,67,2.69,4.16,138.09,478.87,1,-1,-1,-1
630,49,339.91,6.30,248.71,474.09,1,-1,-1,-1
630,68,199.45,114.74,83.60,259.37,1,-1,-1,-1
630,70,272.89,114.28,85.33,262.48,1,-1,-1,-1
630,67,1.32,-0.96,159.37,490.16,1,-1,-1,-1
631,49,354.05,5.31,247.85,474.47,1,-1,-1,-1
631,68,205.98,117.89,84.72,257.78,1,-1,-1,-1
631,70,281.67,115.58,81.43,254.60,1,-1,-1,-1
631,67,-1.20,-4.22,179.57,494.22,1,-1,-1,-1
632,49,366.53,6.63,250.38,473.43,1,-1,-1,-1
632,68,212.73,118.33,80.62,254.94,1,-1,-1,-1
632,70,287.99,116.75,77.99,246.18,1,-1,-1,-1
632,67,-2.74,-4.46,195.28,494.54,1,-1,-1,-1
633,49,382.56,6.66,247.27,474.38,1,-1,-1,-1
633,68,219.20,118.27,78.04,257.14,1,-1,-1,-1
633,70,295.78,113.79,76.51,254.47,1,-1,-1,-1
633,67,0.71,-5.45,209.25,495.97,1,-1,-1,-1
634,49,399.43,2.14,243.11,476.16,1,-1,-1,-1
634,68,227.10,113.93,76.95,258.28,1,-1,-1,-1
634,70,304.97,112.92,73.53,251.09,1,-1,-1,-1
634,67,12.16,-5.03,212.58,492.83,1,-1,-1,-1
635,49,407.01,2.76,238.15,476.08,1,-1,-1,-1
635,68,234.07,114.43,76.02,253.07,1,-1,-1,-1
635,70,310.84,114.23,73.85,252.20,1,-1,-1,-1
635,67,25.50,-3.84,207.62,491.01,1,-1,-1,-1
636,49,409.83,2.47,233.68,478.31,1,-1,-1,-1
636,68,234.66,115.18,74.79,251.32,1,-1,-1,-1
636,70,312.38,114.11,70.37,252.07,1,-1,-1,-1
636,67,34.14,-5.29,203.48,492.25,1,-1,-1,-1
637,49,415.40,1.28,227.20,480.20,1,-1,-1,-1
637,68,236.62,118.94,72.28,248.06,1,-1,-1,-1
637,70,314.33,114.65,66.51,246.58,1,-1,-1,-1
637,67,36.26,-5.45,210.13,491.90,1,-1,-1,-1
638,49,415.82,1.78,226.82,478.08,1,-1,-1,-1
638,68,236.40,118.15,73.20,241.30,1,-1,-1,-1
638,70,313.65,113.83,66.99,244.24,1,-1,-1,-1
638,67,48.98,-3.71,203.26,488.95,1,-1,-1,-1
639,49,414.43,4.12,227.61,476.04,1,-1,-1,-1
639,68,234.09,116.17,74.97,241.31,1,-1,-1,-1
639,70,310.85,112.00,66.90,244.94,1,-1,-1,-1
639,67,44.65,-2.73,210.75,488.02,1,-1,-1,-1
640,49,415.27,2.46,224.97,478.69,1,-1,-1,-1
640,68,229.81,114.76,74.53,241.61,1,-1,-1,-1
640,70,305.03,112.49,66.56,245.60,1,-1,-1,-1
640,67,33.41,-2.47,219.88,487.64,1,-1,-1,-1
641,49,410.11,2.10,229.30,480.55,1,-1,-1,-1
641,68,222.88,117.76,74.06,243.02,1,-1,-1,-1
641,70,297.72,117.93,68.30,235.77,1,-1,-1,-1
641,67,16.89,-0.97,236.95,486.72,1,-1,-1,-1
642,49,410.21,2.11,230.20,479.26,1,-1,-1,-1
642,68,221.33,118.67,74.72,244.87,1,-1,-1,-1
642,70,298.08,120.25,67.24,233.66,1,-1,-1,-1
642,67,18.30,0.47,232.64,484.18,1,-1,-1,-1
643,49,408.03,2.30,232.96,477.42,1,-1,-1,-1
643,68,217.40,120.71,74.72,243.18,1,-1,-1,-1
643,70,295.31,124.04,68.41,227.57,1,-1,-1,-1
643,67,20.12,3.96,227.77,479.30,1,-1,-1,-1
644,49,401.80,4.95,238.57,475.54,1,-1,-1,-1
644,68,213.65,125.86,73.11,240.61,1,-1,-1,-1
644,70,292.15,125.91,68.99,227.58,1,-1,-1,-1
644,67,15.94,2.86,234.09,480.89,1,-1,-1,-1
645,49,396.23,6.84,243.24,474.00,1,-1,-1,-1
645,68,208.64,123.48,72.38,237.31,1,-1,-1,-1
645,70,288.77,125.46,68.70,226.49,1,-1,-1,-1
645,67,25.10,1.82,216.87,480.79,1,-1,-1,-1
646,49,396.38,7.23,243.98,475.29,1,-1,-1,-1
646,70,284.25,123.81,69.06,231.03,1,-1,-1,-1
646,67,33.92,-1.01,202.35,484.60,1,-1,-1,-1
647,49,396.97,8.21,244.20,474.62,1,-1,-1,-1
647,70,279.54,127.40,70.54,232.20,1,-1,-1,-1
647,67,42.64,0.60,197.33,483.02,1,-1,-1,-1
648,49,393.53,4.44,248.13,477.26,1,-1,-1,-1
648,70,276.91,132.47,71.76,228.76,1,-1,-1,-1
648,67,50.78,2.46,186.92,480.30,1,-1,-1,-1
649,49,388.81,5.40,254.01,474.17,1,-1,-1,-1
649,70,275.11,137.53,72.79,224.54,1,-1,-1,-1
649,67,48.88,2.41,185.84,479.60,1,-1,-1,-1
649,68,201.86,136.57,69.51,222.29,1,-1,-1,-1
650,49,386.31,8.10,255.24,471.62,1,-1,-1,-1
650,70,271.61,136.53,70.90,224.31,1,-1,-1,-1
650,67,51.31,7.82,176.66,473.30,1,-1,-1,-1
650,68,199.84,131.74,68.73,228.33,1,-1,-1,-1
651,49,381.31,5.57,258.26,472.83,1,-1,-1,-1
651,70,263.44,126.89,70.54,224.92,1,-1,-1,-1
651,67,44.18,2.16,175.70,476.93,1,-1,-1,-1
651,68,192.46,125.21,71.73,225.81,1,-1,-1,-1
652,49,381.14,4.33,259.07,477.23,1,-1,-1,-1
652,70,262.04,129.44,68.51,224.90,1,-1,-1,-1
652,67,42.37,3.35,177.77,478.50,1,-1,-1,-1
652,68,190.37,130.72,72.64,225.24,1,-1,-1,-1
653,49,381.80,4.82,258.93,478.28,1,-1,-1,-1
653,70,261.03,135.97,67.83,222.50,1,-1,-1,-1
653,67,33.96,7.82,188.38,475.44,1,-1,-1,-1
653,68,188.09,137.48,77.85,226.83,1,-1,-1,-1
654,49,378.29,-0.40,263.53,479.97,1,-1,-1,-1
654,70,258.69,131.81,67.56,223.13,1,-1,-1,-1
654,67,27.57,0.52,193.28,479.56,1,-1,-1,-1
654,68,187.23,133.20,78.06,217.33,1,-1,-1,-1
655,49,379.13,0.18,264.13,479.52,1,-1,-1,-1
655,70,261.85,132.08,67.64,221.76,1,-1,-1,-1
655,67,23.58,0.66,199.33,480.05,1,-1,-1,-1
655,68,190.23,132.04,75.61,222.71,1,-1,-1,-1
656,49,381.28,0.37,262.13,479.64,1,-1,-1,-1
656,70,262.30,133.57,71.15,217.49,1,-1,-1,-1
656,67,18.68,1.07,205.31,479.87,1,-1,-1,-1
656,68,195.15,133.32,70.01,220.34,1,-1,-1,-1
657,49,384.82,-1.81,259.76,478.95,1,-1,-1,-1
657,70,268.41,124.92,70.98,217.07,1,-1,-1,-1
657,67,24.53,-0.90,203.01,479.60,1,-1,-1,-1
657,68,194.86,127.97,75.17,212.26,1,-1,-1,-1
658,49,384.70,-0.02,259.23,477.59,1,-1,-1,-1
658,70,273.93,122.78,69.67,216.05,1,-1,-1,-1
658,67,30.22,2.32,201.19,477.12,1,-1,-1,-1
658,68,202.41,128.10,70.39,207.60,1,-1,-1,-1
659,49,387.51,0.45,256.79,477.43,1,-1,-1,-1
659,70,279.96,123.16,68.54,217.05,1,-1,-1,-1
659,67,43.05,3.52,197.92,476.57,1,-1,-1,-1
659,68,209.62,127.78,66.62,200.25,1,-1,-1,-1
660,49,380.52,2.93,259.17,479.61,1,-1,-1,-1
660,70,274.62,130.32,69.33,212.67,1,-1,-1,-1
660,67,53.82,5.30,181.62,477.32,1,-1,-1,-1
661,49,381.29,1.59,259.11,479.37,1,-1,-1,-1
661,70,275.85,130.18,67.63,211.18,1,-1,-1,-1
661,67,65.39,4.98,176.60,476.24,1,-1,-1,-1
662,49,386.18,1.80,253.65,479.99,1,-1,-1,-1
662,70,274.11,133.22,66.00,207.66,1,-1,-1,-1
662,67,73.21,2.98,169.56,478.63,1,-1,-1,-1
663,49,395.57,2.63,245.17,478.82,1,-1,-1,-1
663,70,275.24,134.45,64.92,207.83,1,-1,-1,-1
663,67,76.24,1.70,163.17,479.63,1,-1,-1,-1
663,71,27.02,129.24,78.35,208.97,1,-1,-1,-1
664,49,401.21,4.20,240.10,477.60,1,-1,-1,-1
664,70,275.17,133.17,65.57,210.42,1,-1,-1,-1
664,67,82.21,6.90,157.79,474.75,1,-1,-1,-1
664,71,17.56,126.12,83.80,219.08,1,-1,-1,-1
665,49,402.72,1.09,240.01,478.70,1,-1,-1,-1
665,70,280.18,129.68,64.13,208.26,1,-1,-1,-1
665,67,87.33,8.16,157.41,472.11,1,-1,-1,-1
665,71,8.08,115.21,88.88,232.31,1,-1,-1,-1
665,68,219.46,136.92,57.31,186.41,1,-1,-1,-1
666,49,411.96,2.83,229.90,477.30,1,-1,-1,-1
666,70,279.99,128.33,66.38,207.75,1,-1,-1,-1
666,67,87.24,4.58,158.40,475.66,1,-1,-1,-1
666,71,2.73,106.75,87.21,243.84,1,-1,-1,-1
666,68,218.26,136.54,62.34,178.87,1,-1,-1,-1
667,49,420.73,3.80,220.77,476.65,1,-1,-1,-1
667,70,279.71,127.61,69.06,205.06,1,-1,-1,-1
667,67,85.99,3.94,164.92,476.48,1,-1,-1,-1
667,71,1.31,100.61,80.20,254.64,1,-1,-1,-1
667,68,217.28,135.16,66.09,176.82,1,-1,-1,-1
668,49,431.89,6.24,209.59,474.05,1,-1,-1,-1
668,70,284.06,129.23,68.69,203.81,1,-1,-1,-1
668,67,92.97,10.72,163.39,469.89,1,-1,-1,-1
668,71,6.26,100.35,70.98,257.31,1,-1,-1,-1
669,49,434.77,1.14,206.87,478.51,1,-1,-1,-1
669,70,283.26,125.39,71.25,205.44,1,-1,-1,-1
669,67,90.09,2.55,171.02,474.85,1,-1,-1,-1
670,49,440.58,1.35,201.13,478.82,1,-1,-1,-1
670,70,288.72,127.88,70.11,200.24,1,-1,-1,-1
670,67,76.79,7.05,188.04,464.11,1,-1,-1,-1
671,49,452.46,3.95,187.78,480.10,1,-1,-1,-1
671,70,288.97,133.28,70.51,203.09,1,-1,-1,-1
671,67,68.01,16.47,199.01,463.58,1,-1,-1,-1
672,49,462.06,6.45,176.54,479.63,1,-1,-1,-1
672,70,288.71,144.52,69.71,201.99,1,-1,-1,-1
672,67,65.31,32.79,203.48,450.89,1,-1,-1,-1
673,49,470.16,-1.76,172.17,480.91,1,-1,-1,-1
673,70,293.96,135.61,69.03,200.94,1,-1,-1,-1
673,67,73.73,21.56,197.48,457.16,1,-1,-1,-1
673,72,404.92,114.04,95.62,269.97,1,-1,-1,-1
674,49,473.96,-2.70,166.65,480.65,1,-1,-1,-1
674,70,291.14,129.00,65.02,201.85,1,-1,-1,-1
674,67,75.30,18.17,188.57,460.25,1,-1,-1,-1
674,72,404.61,107.59,90.98,263.89,1,-1,-1,-1
674,71,1.49,47.10,97.97,370.66,1,-1,-1,-1
675,49,472.06,2.62,165.36,479.77,1,-1,-1,-1
675,70,285.37,137.31,61.56,197.23,1,-1,-1,-1
675,67,80.70,16.14,173.47,465.55,1,-1,-1,-1
675,72,397.87,113.27,91.40,271.88,1,-1,-1,-1
675,71,2.93,33.62,80.46,396.01,1,-1,-1,-1
675,68,230.25,141.07,58.66,194.98,1,-1,-1,-1
676,49,470.06,3.77,167.50,479.41,1,-1,-1,-1
676,70,280.90,141.69,61.62,195.06,1,-1,-1,-1
676,67,82.66,17.49,168.24,462.80,1,-1,-1,-1
676,72,390.91,117.62,93.07,273.32,1,-1,-1,-1
676,68,227.35,145.06,58.84,199.98,1,-1,-1,-1
677,49,471.92,2.07,168.99,479.09,1,-1,-1,-1
677,70,281.40,138.69,61.00,194.22,1,-1,-1,-1
677,67,94.28,20.16,160.22,453.60,1,-1,-1,-1
677,72,387.96,117.23,99.38,270.62,1,-1,-1,-1
677,68,234.88,142.75,53.31,197.49,1,-1,-1,-1
678,49,470.60,0.24,170.11,479.49,1,-1,-1,-1
678,70,278.60,135.95,60.27,193.64,1,-1,-1,-1
678,67,92.46,14.30,158.53,458.41,1,-1,-1,-1
678,72,383.57,113.20,100.71,271.90,1,-1,-1,-1
678,68,233.89,140.55,49.82,194.02,1,-1,-1,-1
678,74,17.93,179.73,46.60,100.01,1,-1,-1,-1
679,70,278.56,142.76,62.37,189.71,1,-1,-1,-1
679,67,90.65,22.96,158.91,456.16,1,-1,-1,-1
679,72,381.16,116.98,100.80,275.24,1,-1,-1,-1
679,68,234.43,146.00,50.08,189.23,1,-1,-1,-1
679,74,18.52,185.07,46.26,99.32,1,-1,-1,-1
680,70,278.99,145.19,62.34,189.46,1,-1,-1,-1
680,67,92.63,32.33,152.20,448.56,1,-1,-1,-1
680,72,377.90,121.99,103.48,276.43,1,-1,-1,-1
680,68,230.48,152.67,52.63,184.39,1,-1,-1,-1
680,74,19.28,185.09,45.66,99.96,1,-1,-1,-1
681,70,276.51,144.17,60.53,188.52,1,-1,-1,-1
681,67,94.25,38.13,148.75,442.03,1,-1,-1,-1
681,72,374.07,116.59,102.45,279.31,1,-1,-1,-1
681,68,225.67,150.34,54.48,186.57,1,-1,-1,-1
681,74,18.26,183.56,44.03,96.77,1,-1,-1,-1
682,70,275.09,141.94,60.63,187.35,1,-1,-1,-1
682,67,90.79,36.02,153.48,444.24,1,-1,-1,-1
682,72,373.61,112.88,98.04,281.61,1,-1,-1,-1
682,68,223.67,145.53,54.24,191.09,1,-1,-1,-1
682,74,17.46,179.83,44.11,98.75,1,-1,-1,-1
683,70,275.23,140.83,62.06,191.69,1,-1,-1,-1
683,67,85.65,32.36,159.83,448.68,1,-1,-1,-1
683,72,370.67,114.17,98.91,279.30,1,-1,-1,-1
683,68,221.50,146.33,57.86,187.14,1,-1,-1,-1
683,74,16.06,179.78,47.47,96.74,1,-1,-1,-1
684,70,274.07,138.67,63.66,194.14,1,-1,-1,-1
684,67,79.07,29.53,167.56,447.81,1,-1,-1,-1
684,72,368.64,111.36,99.98,281.42,1,-1,-1,-1
684,68,216.61,142.68,62.11,183.52,1,-1,-1,-1
685,70,274.29,139.61,66.18,188.49,1,-1,-1,-1
685,67,67.71,28.38,183.22,439.55,1,-1,-1,-1
685,72,367.81,111.75,98.60,283.32,1,-1,-1,-1
685,68,217.32,142.46,61.82,183.67,1,-1,-1,-1
686,70,272.59,138.25,65.91,191.32,1,-1,-1,-1
686,67,65.77,28.19,184.74,447.94,1,-1,-1,-1
686,72,367.36,112.60,96.15,282.69,1,-1,-1,-1
686,68,213.52,140.68,64.22,183.55,1,-1,-1,-1
687,70,270.03,140.50,65.21,186.06,1,-1,-1,-1
687,67,67.12,30.39,181.43,448.87,1,-1,-1,-1
687,72,365.23,112.72,94.89,282.28,1,-1,-1,-1
688,70,265.29,134.51,60.92,190.83,1,-1,-1,-1
688,67,60.78,20.05,182.06,459.98,1,-1,-1,-1
688,72,362.01,107.31,93.19,283.01,1,-1,-1,-1
688,74,6.64,78.07,73.74,286.67,1,-1,-1,-1
689,70,265.65,134.72,54.92,190.65,1,-1,-1,-1
689,67,61.42,20.84,182.02,460.80,1,-1,-1,-1
689,72,360.42,106.26,92.28,286.80,1,-1,-1,-1
689,74,2.96,77.95,74.95,286.82,1,-1,-1,-1
690,70,264.49,132.17,53.56,192.73,1,-1,-1,-1
690,67,67.61,26.80,176.17,454.72,1,-1,-1,-1
690,72,357.48,104.41,95.24,285.40,1,-1,-1,-1
690,74,1.79,82.69,74.56,280.26,1,-1,-1,-1
690,75,306.27,148.90,49.71,148.18,1,-1,-1,-1
691,70,264.58,134.93,51.57,192.22,1,-1,-1,-1
691,67,86.09,29.95,161.65,451.86,1,-1,-1,-1
691,72,354.61,106.33,97.55,284.80,1,-1,-1,-1
691,74,10.16,124.00,56.60,196.93,1,-1,-1,-1
691,75,306.00,149.01,54.83,152.37,1,-1,-1,-1
692,70,262.71,139.12,53.56,188.91,1,-1,-1,-1
692,67,98.04,25.82,151.32,455.84,1,-1,-1,-1
692,72,352.51,105.08,99.33,286.02,1,-1,-1,-1
692,74,15.07,150.71,49.74,148.62,1,-1,-1,-1
692,75,308.98,154.17,55.60,143.68,1,-1,-1,-1
692,76,50.10,135.23,61.77,185.87,1,-1,-1,-1
693,70,263.59,133.11,54.23,187.60,1,-1,-1,-1
693,67,109.57,22.24,145.74,453.49,1,-1,-1,-1
693,72,353.38,99.99,101.23,287.85,1,-1,-1,-1
693,75,315.18,144.18,59.69,156.78,1,-1,-1,-1
693,76,43.51,130.01,66.79,192.28,1,-1,-1,-1
694,70,266.12,128.98,52.40,183.76,1,-1,-1,-1
694,67,113.53,18.18,139.15,455.53,1,-1,-1,-1
694,72,354.32,97.65,95.04,282.70,1,-1,-1,-1
694,76,31.86,127.18,73.41,195.74,1,-1,-1,-1
695,70,266.11,127.64,52.98,179.87,1,-1,-1,-1
695,67,114.24,23.30,139.91,450.15,1,-1,-1,-1
695,72,349.07,97.68,96.84,287.03,1,-1,-1,-1
695,76,20.21,121.91,78.72,207.92,1,-1,-1,-1
696,70,269.57,133.22,51.34,182.36,1,-1,-1,-1
696,67,119.66,29.50,140.18,450.38,1,-1,-1,-1
696,72,349.35,98.34,99.65,290.27,1,-1,-1,-1
696,76,10.06,121.20,87.28,218.54,1,-1,-1,-1
697,70,270.17,134.93,53.65,184.46,1,-1,-1,-1
697,67,124.93,31.37,143.32,449.63,1,-1,-1,-1
697,72,350.83,98.14,96.41,287.48,1,-1,-1,-1
697,76,4.70,117.76,88.55,226.42,1,-1,-1,-1
698,70,268.10,132.77,56.10,184.63,1,-1,-1,-1
698,67,129.16,26.81,142.46,450.36,1,-1,-1,-1
698,72,343.58,98.49,101.39,284.64,1,-1,-1,-1
698,76,-1.66,110.16,79.99,237.85,1,-1,-1,-1
699,70,267.77,137.79,55.41,185.01,1,-1,-1,-1
699,67,138.53,28.11,137.28,447.48,1,-1,-1,-1
699,72,338.11,104.88,105.13,280.53,1,-1,-1,-1
699,76,-2.18,109.28,65.95,246.96,1,-1,-1,-1
700,70,267.28,141.47,55.80,185.90,1,-1,-1,-1
700,67,135.59,43.24,142.74,427.87,1,-1,-1,-1
700,72,335.00,108.57,110.63,289.54,1,-1,-1,-1
700,74,16.56,141.11,61.43,196.34,1,-1,-1,-1
701,70,262.87,133.97,53.59,175.88,1,-1,-1,-1
701,67,123.12,33.01,157.06,432.02,1,-1,-1,-1
701,72,325.67,100.81,115.12,294.45,1,-1,-1,-1
701,74,18.47,138.95,55.98,178.72,1,-1,-1,-1
702,70,257.58,134.16,51.34,165.90,1,-1,-1,-1
702,67,114.54,33.19,166.41,437.14,1,-1,-1,-1
702,72,314.51,104.51,121.58,291.72,1,-1,-1,-1
702,74,17.58,142.79,52.40,170.94,1,-1,-1,-1
703,67,113.79,39.87,174.34,437.84,1,-1,-1,-1
703,72,307.61,106.14,125.40,288.54,1,-1,-1,-1
703,74,17.23,149.14,49.92,172.28,1,-1,-1,-1
704,67,112.64,48.00,176.42,431.44,1,-1,-1,-1
704,72,300.07,107.72,129.91,280.44,1,-1,-1,-1
705,67,108.86,48.56,177.61,420.15,1,-1,-1,-1
705,72,296.30,101.23,126.62,288.20,1,-1,-1,-1
705,49,411.84,0.81,229.34,480.31,1,-1,-1,-1
706,67,115.34,36.23,163.31,429.81,1,-1,-1,-1
706,72,292.29,96.86,119.39,290.54,1,-1,-1,-1
706,49,399.90,0.89,239.09,479.78,1,-1,-1,-1
706,74,8.13,134.25,63.36,271.83,1,-1,-1,-1
707,67,116.04,34.90,155.57,429.92,1,-1,-1,-1
707,72,287.60,97.44,116.33,291.80,1,-1,-1,-1
707,49,389.06,2.26,248.62,479.46,1,-1,-1,-1
707,77,47.29,103.13,84.02,267.17,1,-1,-1,-1
707,74,2.69,127.15,61.52,294.90,1,-1,-1,-1
708,67,116.47,31.93,151.49,432.95,1,-1,-1,-1
708,72,284.70,101.76,113.09,290.51,1,-1,-1,-1
708,49,377.41,1.39,261.31,480.52,1,-1,-1,-1
708,77,26.30,89.34,97.21,299.71,1,-1,-1,-1
709,67,120.66,28.77,146.55,437.28,1,-1,-1,-1
709,72,279.91,100.98,114.19,290.42,1,-1,-1,-1
709,49,361.30,1.62,277.78,480.16,1,-1,-1,-1
709,77,8.76,78.19,101.61,327.11,1,-1,-1,-1
710,67,117.23,32.84,150.14,438.93,1,-1,-1,-1
710,72,277.71,103.03,113.19,288.03,1,-1,-1,-1
710,49,361.49,1.38,278.66,480.07,1,-1,-1,-1
710,77,0.12,75.93,95.91,328.96,1,-1,-1,-1
711,67,115.40,32.86,147.69,438.55,1,-1,-1,-1
711,72,274.54,95.30,112.52,293.82,1,-1,-1,-1
711,49,356.52,1.19,281.95,478.57,1,-1,-1,-1
711,77,-1.40,63.44,83.54,348.29,1,-1,-1,-1
712,67,108.24,32.99,150.45,444.32,1,-1,-1,-1
712,72,270.29,96.36,109.24,291.86,1,-1,-1,-1
712,49,347.83,1.96,289.86,478.89,1,-1,-1,-1
712,77,12.21,66.47,70.80,305.72,1,-1,-1,-1
713,67,105.28,31.08,152.12,441.78,1,-1,-1,-1
713,72,268.49,93.55,112.07,293.91,1,-1,-1,-1
713,49,344.50,0.15,297.02,481.50,1,-1,-1,-1
713,77,14.57,81.79,79.96,265.45,1,-1,-1,-1
714,67,108.04,25.71,149.64,439.20,1,-1,-1,-1
714,72,270.85,92.39,110.64,298.77,1,-1,-1,-1
714,49,338.69,1.25,303.63,479.58,1,-1,-1,-1
714,77,14.68,88.42,84.61,252.41,1,-1,-1,-1
715,67,105.76,20.28,155.24,434.18,1,-1,-1,-1
715,72,275.33,90.79,110.46,300.69,1,-1,-1,-1
715,49,346.03,2.61,296.92,478.18,1,-1,-1,-1
715,77,13.31,85.41,91.04,253.03,1,-1,-1,-1
716,67,100.97,25.82,162.65,421.37,1,-1,-1,-1
716,72,281.13,96.61,109.23,299.29,1,-1,-1,-1
716,49,359.60,2.82,283.35,480.01,1,-1,-1,-1
716,77,14.96,82.17,92.08,258.07,1,-1,-1,-1
717,67,98.86,28.89,169.75,421.40,1,-1,-1,-1
717,72,287.90,96.58,107.20,304.36,1,-1,-1,-1
717,49,350.29,2.62,293.34,479.76,1,-1,-1,-1
717,77,11.63,79.94,100.74,263.56,1,-1,-1,-1
718,67,102.43,32.16,170.42,427.03,1,-1,-1,-1
718,72,291.47,102.27,112.52,298.37,1,-1,-1,-1
718,49,354.12,2.57,290.01,480.05,1,-1,-1,-1
718,77,8.21,78.31,105.21,280.02,1,-1,-1,-1
719,67,98.16,45.72,175.61,417.56,1,-1,-1,-1
719,72,296.96,103.49,112.35,298.79,1,-1,-1,-1
719,49,361.09,1.89,282.98,480.25,1,-1,-1,-1
719,77,5.57,75.42,110.73,297.29,1,-1,-1,-1
720,67,107.72,48.22,163.74,413.27,1,-1,-1,-1
720,72,301.07,102.60,110.47,296.98,1,-1,-1,-1
720,49,364.11,1.22,279.12,479.26,1,-1,-1,-1
720,77,4.78,72.05,110.99,306.36,1,-1,-1,-1
721,67,108.86,49.10,159.57,401.99,1,-1,-1,-1
721,72,303.21,98.81,109.64,302.10,1,-1,-1,-1
721,49,370.74,-0.45,272.93,481.74,1,-1,-1,-1
721,77,2.27,58.14,110.96,331.35,1,-1,-1,-1
722,67,114.33,48.05,155.69,400.14,1,-1,-1,-1
722,72,305.76,99.93,111.85,301.46,1,-1,-1,-1
722,49,375.39,0.53,267.31,480.74,1,-1,-1,-1
722,77,1.47,54.05,110.44,351.18,1,-1,-1,-1
723,67,128.36,54.10,145.57,394.97,1,-1,-1,-1
723,72,311.15,102.98,109.76,298.46,1,-1,-1,-1
723,49,381.24,1.54,261.73,480.36,1,-1,-1,-1
723,77,1.96,42.31,110.89,377.20,1,-1,-1,-1
724,67,132.51,54.42,140.40,396.81,1,-1,-1,-1
724,72,314.62,105.31,108.42,296.22,1,-1,-1,-1
724,49,378.00,0.72,264.50,480.88,1,-1,-1,-1
724,77,0.18,35.20,111.76,386.50,1,-1,-1,-1
724,78,117.43,196.64,21.58,54.64,1,-1,-1,-1
724,70,249.46,157.42,50.27,152.70,1,-1,-1,-1
725,67,138.84,53.67,132.50,394.24,1,-1,-1,-1
725,72,314.51,101.14,109.68,298.02,1,-1,-1,-1
725,49,377.25,-0.14,263.86,479.97,1,-1,-1,-1
725,77,0.16,19.17,101.63,401.88,1,-1,-1,-1
725,78,120.02,193.60,22.03,55.57,1,-1,-1,-1
725,70,253.57,157.21,49.34,152.92,1,-1,-1,-1
726,67,145.94,57.06,126.13,400.95,1,-1,-1,-1
726,72,317.51,103.35,109.05,294.26,1,-1,-1,-1
726,49,384.63,2.29,256.28,476.94,1,-1,-1,-1
726,77,3.04,16.08,94.64,427.23,1,-1,-1,-1
726,78,124.53,196.97,21.40,54.55,1,-1,-1,-1
726,70,256.51,158.53,49.58,152.53,1,-1,-1,-1
726,79,91.64,187.65,27.29,73.49,1,-1,-1,-1
727,67,149.90,58.00,122.54,401.23,1,-1,-1,-1
727,72,320.82,98.22,111.57,294.07,1,-1,-1,-1
727,49,385.80,0.31,254.62,478.25,1,-1,-1,-1
727,77,3.00,5.00,86.65,438.67,1,-1,-1,-1
727,78,126.36,194.94,21.91,53.76,1,-1,-1,-1
727,70,257.70,154.41,50.73,153.70,1,-1,-1,-1
727,79,92.36,187.07,27.45,71.83,1,-1,-1,-1
728,67,149.37,57.92,119.05,395.73,1,-1,-1,-1
728,72,317.83,96.55,111.64,296.35,1,-1,-1,-1
728,49,387.63,0.07,252.19,479.16,1,-1,-1,-1
728,77,0.41,51.14,78.51,389.82,1,-1,-1,-1
728,78,122.86,195.29,22.56,53.46,1,-1,-1,-1
728,70,258.00,152.40,50.21,154.32,1,-1,-1,-1
728,79,87.90,185.12,26.47,74.53,1,-1,-1,-1
729,67,150.03,57.78,120.18,384.33,1,-1,-1,-1
729,72,318.17,96.07,112.01,299.21,1,-1,-1,-1
729,49,382.71,0.02,257.39,480.24,1,-1,-1,-1
729,78,120.31,195.78,22.38,52.09,1,-1,-1,-1
729,70,259.13,152.81,50.76,149.35,1,-1,-1,-1
729,79,85.42,185.69,26.02,73.90,1,-1,-1,-1
730,67,146.34,64.54,121.38,376.71,1,-1,-1,-1
730,72,319.49,99.45,106.31,310.49,1,-1,-1,-1
730,49,378.05,3.03,262.17,480.17,1,-1,-1,-1
730,78,119.22,200.22,22.05,54.95,1,-1,-1,-1
730,70,261.63,160.71,49.36,149.52,1,-1,-1,-1
730,79,81.88,190.48,28.45,76.74,1,-1,-1,-1
731,67,148.11,69.66,117.40,378.33,1,-1,-1,-1
731,72,319.99,107.99,111.14,309.81,1,-1,-1,-1
731,49,376.70,3.05,264.16,480.46,1,-1,-1,-1
731,78,119.26,203.72,22.21,55.70,1,-1,-1,-1
731,70,264.71,165.55,46.75,151.47,1,-1,-1,-1
731,79,79.11,193.89,29.23,78.72,1,-1,-1,-1
732,67,146.07,72.17,119.92,380.81,1,-1,-1,-1
732,72,319.36,120.72,106.73,298.41,1,-1,-1,-1
732,49,374.53,2.20,265.73,480.76,1,-1,-1,-1
732,78,118.31,206.09,22.05,55.38,1,-1,-1,-1
732,70,263.11,165.80,47.44,154.24,1,-1,-1,-1
732,79,74.09,194.22,30.79,80.98,1,-1,-1,-1
733,67,141.53,79.95,130.40,381.72,1,-1,-1,-1
733,72,316.69,120.59,105.30,301.26,1,-1,-1,-1
733,49,380.81,8.87,259.59,473.08,1,-1,-1,-1
733,78,115.93,207.82,22.36,55.52,1,-1,-1,-1
733,70,263.96,166.78,44.92,149.21,1,-1,-1,-1
733,79,67.14,194.37,33.89,84.68,1,-1,-1,-1
734,67,137.37,89.86,138.62,376.94,1,-1,-1,-1
734,72,317.21,120.92,106.20,304.38,1,-1,-1,-1
734,49,384.30,13.66,256.25,468.81,1,-1,-1,-1
734,78,115.25,210.97,23.42,55.87,1,-1,-1,-1
734,70,263.72,170.00,44.84,148.69,1,-1,-1,-1
734,79,61.51,196.35,35.27,88.84,1,-1,-1,-1
735,67,135.08,84.55,139.56,375.30,1,-1,-1,-1
735,72,315.84,111.43,105.44,300.94,1,-1,-1,-1
735,49,386.42,5.76,255.43,472.86,1,-1,-1,-1
735,78,113.03,203.48,22.89,59.02,1,-1,-1,-1
735,70,262.52,167.12,45.76,144.89,1,-1,-1,-1
735,79,56.47,193.39,36.94,88.05,1,-1,-1,-1
736,67,137.29,81.29,132.00,364.30,1,-1,-1,-1
736,72,315.42,109.32,105.32,299.51,1,-1,-1,-1
736,49,385.00,2.27,256.21,476.80,1,-1,-1,-1
736,70,259.46,166.34,47.35,146.65,1,-1,-1,-1
736,79,50.60,189.97,37.58,89.48,1,-1,-1,-1
737,67,138.76,76.93,124.06,362.82,1,-1,-1,-1
737,72,314.78,104.71,106.71,306.93,1,-1,-1,-1
737,49,378.66,3.45,261.25,477.32,1,-1,-1,-1
737,70,257.78,167.78,47.16,145.50,1,-1,-1,-1
737,79,43.91,187.11,40.45,91.01,1,-1,-1,-1
738,67,141.78,77.03,117.68,360.39,1,-1,-1,-1
738,72,313.91,111.05,106.53,299.47,1,-1,-1,-1
738,49,377.17,2.25,262.82,478.71,1,-1,-1,-1
738,70,257.99,167.03,46.98,145.27,1,-1,-1,-1
738,79,39.61,184.89,41.29,92.19,1,-1,-1,-1
738,80,105.41,134.20,63.82,199.46,1,-1,-1,-1
739,67,139.07,77.63,115.20,358.00,1,-1,-1,-1
739,72,312.10,118.29,103.96,293.79,1,-1,-1,-1
739,49,379.34,3.47,260.82,478.85,1,-1,-1,-1
739,70,258.05,166.33,48.71,144.77,1,-1,-1,-1
739,79,32.11,184.41,42.68,93.06,1,-1,-1,-1
739,80,97.11,135.33,69.48,201.95,1,-1,-1,-1
740,67,139.96,77.92,111.87,361.11,1,-1,-1,-1
740,72,312.48,117.22,107.43,288.99,1,-1,-1,-1
740,49,378.08,1.74,262.89,479.47,1,-1,-1,-1
740,70,260.46,164.97,50.51,144.50,1,-1,-1,-1
740,79,27.47,182.56,43.09,95.34,1,-1,-1,-1
740,80,86.81,130.39,74.86,214.59,1,-1,-1,-1
741,67,139.94,76.75,110.56,353.59,1,-1,-1,-1
741,72,315.75,110.20,104.54,296.97,1,-1,-1,-1
741,49,381.53,-0.18,259.27,479.91,1,-1,-1,-1
741,70,261.69,160.98,48.91,143.80,1,-1,-1,-1
741,79,21.07,177.75,45.54,98.15,1,-1,-1,-1
741,80,79.74,123.86,76.31,220.58,1,-1,-1,-1
742,67,138.25,82.73,111.87,354.96,1,-1,-1,-1
742,72,313.82,109.56,108.11,294.05,1,-1,-1,-1
742,49,386.21,0.53,254.23,480.17,1,-1,-1,-1
742,70,262.01,162.50,48.85,142.41,1,-1,-1,-1
742,79,15.85,177.21,47.99,101.34,1,-1,-1,-1
742,80,67.79,121.00,82.15,226.83,1,-1,-1,-1
743,67,138.32,81.79,109.89,346.69,1,-1,-1,-1
743,72,308.30,105.82,112.15,292.32,1,-1,-1,-1
743,49,381.18,0.07,259.38,479.61,1,-1,-1,-1
743,70,264.26,161.90,48.27,145.28,1,-1,-1,-1
743,79,11.40,174.69,50.46,104.93,1,-1,-1,-1
743,80,53.29,112.41,88.69,234.95,1,-1,-1,-1
744,67,142.32,84.75,108.70,338.68,1,-1,-1,-1
744,72,315.47,106.52,108.11,290.82,1,-1,-1,-1
744,49,379.92,0.86,261.40,479.60,1,-1,-1,-1
744,70,267.47,161.07,48.31,148.91,1,-1,-1,-1
744,79,7.99,170.75,51.14,120.86,1,-1,-1,-1
744,80,44.26,102.82,91.34,252.24,1,-1,-1,-1
745,67,143.89,80.34,107.84,337.74,1,-1,-1,-1
745,72,313.02,107.73,108.54,296.06,1,-1,-1,-1
745,49,384.62,0.67,257.24,479.93,1,-1,-1,-1
745,70,269.05,159.05,50.57,151.48,1,-1,-1,-1
745,80,29.15,93.91,100.06,264.30,1,-1,-1,-1
746,67,152.78,80.97,104.04,338.02,1,-1,-1,-1
746,72,317.13,103.15,112.06,306.04,1,-1,-1,-1
746,49,383.71,1.71,259.60,480.46,1,-1,-1,-1
746,70,274.12,161.31,51.08,149.64,1,-1,-1,-1
746,80,15.39,89.84,106.46,282.04,1,-1,-1,-1
747,67,154.70,79.71,103.53,341.97,1,-1,-1,-1
747,72,315.49,105.67,111.71,302.46,1,-1,-1,-1
747,49,392.90,0.64,249.57,480.45,1,-1,-1,-1
747,70,276.45,159.64,50.10,148.39,1,-1,-1,-1
747,80,3.64,82.97,109.23,300.73,1,-1,-1,-1
748,67,157.44,81.79,105.25,342.45,1,-1,-1,-1
748,72,316.50,106.75,109.08,299.18,1,-1,-1,-1
748,49,392.66,2.29,249.29,478.31,1,-1,-1,-1
748,70,281.64,159.61,48.36,149.08,1,-1,-1,-1
748,80,-1.35,75.64,104.39,319.40,1,-1,-1,-1
748,82,115.05,124.12,67.75,200.95,1,-1,-1,-1
748,78,93.05,193.59,24.08,59.85,1,-1,-1,-1
749,67,158.09,88.11,109.72,341.95,1,-1,-1,-1
749,72,317.39,111.29,107.48,294.02,1,-1,-1,-1
749,49,397.68,2.72,244.19,478.07,1,-1,-1,-1
749,70,284.55,164.51,51.91,147.39,1,-1,-1,-1
749,80,-2.44,63.61,90.46,344.50,1,-1,-1,-1
749,82,110.85,124.62,68.65,203.92,1,-1,-1,-1
749,78,93.34,195.76,25.48,61.67,1,-1,-1,-1
750,67,164.70,84.68,110.58,344.16,1,-1,-1,-1
750,72,320.87,108.58,109.43,291.02,1,-1,-1,-1
750,70,293.06,165.06,49.82,148.42,1,-1,-1,-1
750,82,106.28,117.32,74.75,217.76,1,-1,-1,-1
751,67,174.45,85.69,105.92,330.47,1,-1,-1,-1
751,72,323.57,103.78,110.84,293.94,1,-1,-1,-1
751,82,103.06,108.04,80.70,224.93,1,-1,-1,-1
752,67,180.81,83.19,105.55,322.26,1,-1,-1,-1
752,72,326.21,105.19,112.16,293.26,1,-1,-1,-1
752,82,98.14,100.22,84.41,234.57,1,-1,-1,-1
753,67,185.04,86.96,102.04,314.99,1,-1,-1,-1
753,72,327.25,105.95,112.43,292.34,1,-1,-1,-1
753,82,92.80,92.04,88.65,247.08,1,-1,-1,-1
753,79,20.89,164.68,49.76,99.85,1,-1,-1,-1
754,67,193.67,84.39,98.30,316.43,1,-1,-1,-1
754,72,334.32,107.70,111.08,292.43,1,-1,-1,-1
754,82,85.70,87.53,96.64,262.50,1,-1,-1,-1
754,84,276.30,154.37,46.00,141.55,1,-1,-1,-1
754,79,27.26,165.79,48.11,97.02,1,-1,-1,-1
755,67,197.17,81.78,98.63,316.17,1,-1,-1,-1
755,72,337.10,108.09,108.96,289.01,1,-1,-1,-1
755,82,75.06,78.78,105.67,284.51,1,-1,-1,-1
755,84,278.79,152.73,46.45,147.21,1,-1,-1,-1
755,79,31.91,165.44,45.68,92.78,1,-1,-1,-1
756,67,202.43,88.34,100.20,314.12,1,-1,-1,-1
756,72,342.81,106.12,108.75,291.03,1,-1,-1,-1
756,82,68.75,73.08,113.55,293.29,1,-1,-1,-1
756,84,284.23,153.98,47.49,142.09,1,-1,-1,-1
756,79,44.52,167.10,35.58,90.28,1,-1,-1,-1
756,85,175.90,193.31,25.21,51.03,1,-1,-1,-1
756,86,2.18,160.55,34.51,122.88,1,-1,-1,-1
757,67,201.87,89.13,105.46,313.93,1,-1,-1,-1
757,72,344.85,102.61,109.23,293.55,1,-1,-1,-1
757,82,54.98,61.24,121.82,307.99,1,-1,-1,-1
757,84,287.61,151.39,45.72,140.28,1,-1,-1,-1
757,85,178.41,192.06,24.60,50.20,1,-1,-1,-1
757,86,3.66,159.38,24.31,124.04,1,-1,-1,-1
758,67,204.97,88.43,104.41,312.11,1,-1,-1,-1
758,72,343.63,96.91,110.10,298.37,1,-1,-1,-1
758,82,41.52,47.54,124.23,327.94,1,-1,-1,-1
758,84,289.98,149.67,43.60,138.67,1,-1,-1,-1
758,85,180.79,191.99,22.55,48.80,1,-1,-1,-1
759,67,202.03,84.21,110.48,314.54,1,-1,-1,-1
759,72,344.25,98.50,113.75,296.80,1,-1,-1,-1
759,82,25.65,36.94,128.99,347.40,1,-1,-1,-1
759,84,291.95,152.10,43.85,135.88,1,-1,-1,-1
760,67,196.15,79.11,116.52,316.18,1,-1,-1,-1
760,72,345.49,96.20,114.94,301.22,1,-1,-1,-1
760,82,8.33,25.52,135.77,368.25,1,-1,-1,-1
760,84,294.22,151.62,42.61,130.40,1,-1,-1,-1
760,78,128.90,178.13,31.01,75.95,1,-1,-1,-1
761,67,195.07,71.62,124.88,319.62,1,-1,-1,-1
761,72,350.73,96.72,111.62,302.01,1,-1,-1,-1
761,82,-0.86,14.68,127.18,390.25,1,-1,-1,-1
761,84,299.67,150.58,41.02,130.79,1,-1,-1,-1
761,78,128.99,177.70,31.97,75.52,1,-1,-1,-1
762,67,192.50,72.98,129.60,317.41,1,-1,-1,-1
762,72,353.24,93.67,111.17,303.78,1,-1,-1,-1
762,82,-3.42,2.81,116.56,411.78,1,-1,-1,-1
762,84,302.09,145.63,37.06,130.88,1,-1,-1,-1
762,78,127.54,172.13,32.20,78.16,1,-1,-1,-1
762,87,101.72,168.73,26.04,83.70,1,-1,-1,-1
763,67,190.29,68.68,132.76,316.65,1,-1,-1,-1
763,72,352.47,84.60,114.62,304.03,1,-1,-1,-1
763,82,-5.67,-2.89,95.32,405.05,1,-1,-1,-1
763,78,123.56,163.55,31.42,77.90,1,-1,-1,-1
763,87,84.13,155.92,36.18,91.65,1,-1,-1,-1
764,67,197.45,77.70,128.10,312.17,1,-1,-1,-1
764,72,356.49,89.45,114.30,296.68,1,-1,-1,-1
764,78,124.04,167.08,31.38,80.57,1,-1,-1,-1
764,87,84.00,161.26,39.02,91.66,1,-1,-1,-1
765,67,205.63,84.64,123.12,307.10,1,-1,-1,-1
765,72,358.84,90.79,114.92,301.03,1,-1,-1,-1
765,78,125.76,173.58,30.00,79.09,1,-1,-1,-1
765,87,87.21,166.89,40.06,93.59,1,-1,-1,-1
765,88,57.10,160.19,40.58,100.64,1,-1,-1,-1
765,89,150.33,157.25,53.53,127.99,1,-1,-1,-1
766,67,212.20,86.22,116.69,303.59,1,-1,-1,-1
766,72,357.69,88.47,113.54,304.74,1,-1,-1,-1
766,78,124.30,174.35,25.84,79.23,1,-1,-1,-1
766,87,88.73,166.34,38.05,95.96,1,-1,-1,-1
766,88,54.61,160.58,43.12,103.09,1,-1,-1,-1
766,89,141.49,157.47,57.75,129.33,1,-1,-1,-1
767,67,214.91,84.23,107.31,300.02,1,-1,-1,-1
767,72,355.00,88.49,111.54,306.29,1,-1,-1,-1
767,87,87.29,163.84,37.00,96.89,1,-1,-1,-1
767,88,52.37,155.24,40.88,107.14,1,-1,-1,-1
767,89,132.80,154.47,56.47,129.76,1,-1,-1,-1
768,67,217.78,88.30,98.93,297.86,1,-1,-1,-1
768,72,352.30,96.32,109.91,301.47,1,-1,-1,-1
768,87,86.67,168.20,36.45,93.30,1,-1,-1,-1
768,88,48.62,156.46,43.38,109.55,1,-1,-1,-1
768,89,124.28,157.77,57.06,128.82,1,-1,-1,-1
768,90,184.75,156.67,47.13,129.46,1,-1,-1,-1
769,67,218.86,83.47,97.62,301.80,1,-1,-1,-1
769,72,348.80,99.14,108.63,300.02,1,-1,-1,-1
769,87,85.81,168.23,33.72,95.00,1,-1,-1,-1
769,88,49.28,155.93,42.32,111.06,1,-1,-1,-1
769,89,116.39,156.46,56.06,132.27,1,-1,-1,-1
769,90,181.23,154.82,46.80,135.12,1,-1,-1,-1
770,67,220.43,80.86,98.54,302.39,1,-1,-1,-1
770,72,348.21,98.67,108.13,294.50,1,-1,-1,-1
770,87,86.43,165.21,26.97,98.03,1,-1,-1,-1
770,88,48.93,154.07,46.22,113.05,1,-1,-1,-1
770,89,109.18,151.53,55.13,135.22,1,-1,-1,-1
770,90,177.83,151.31,48.64,138.42,1,-1,-1,-1
770,91,328.91,181.62,20.85,65.79,1,-1,-1,-1
771,67,215.15,84.63,101.15,300.03,1,-1,-1,-1
771,72,344.02,97.56,108.44,293.51,1,-1,-1,-1
771,88,44.79,155.95,46.81,111.19,1,-1,-1,-1
771,89,95.10,150.44,53.42,136.76,1,-1,-1,-1
771,90,166.30,147.54,52.81,145.18,1,-1,-1,-1
771,91,325.18,183.64,19.22,62.27,1,-1,-1,-1
772,67,212.49,83.76,103.36,300.48,1,-1,-1,-1
772,72,342.03,95.29,105.47,293.16,1,-1,-1,-1
772,88,42.05,152.51,47.76,112.53,1,-1,-1,-1
772,89,83.58,148.18,56.15,138.70,1,-1,-1,-1
772,90,159.48,144.30,54.58,147.59,1,-1,-1,-1
772,91,322.65,182.22,19.46,63.99,1,-1,-1,-1
773,67,209.06,82.44,106.69,300.32,1,-1,-1,-1
773,72,341.98,92.66,100.82,292.93,1,-1,-1,-1
773,88,42.19,151.60,44.38,112.79,1,-1,-1,-1
773,89,70.83,149.28,55.65,139.48,1,-1,-1,-1
773,90,150.91,141.51,57.51,151.11,1,-1,-1,-1
773,91,320.05,182.42,21.00,64.35,1,-1,-1,-1
774,67,213.28,86.36,105.11,296.44,1,-1,-1,-1
774,72,340.76,94.66,101.21,293.07,1,-1,-1,-1
774,89,65.74,151.10,54.50,140.67,1,-1,-1,-1
774,90,148.97,138.97,56.51,155.51,1,-1,-1,-1
774,91,319.62,182.81,21.70,63.77,1,-1,-1,-1
775,67,210.91,85.75,108.36,286.56,1,-1,-1,-1
775,72,340.30,97.00,102.01,293.44,1,-1,-1,-1
775,89,61.38,151.77,50.46,142.29,1,-1,-1,-1
775,90,145.56,136.17,58.68,163.86,1,-1,-1,-1
775,91,317.99,182.63,22.63,63.68,1,-1,-1,-1
776,67,206.80,88.68,115.89,284.88,1,-1,-1,-1
776,72,341.66,102.99,96.94,293.30,1,-1,-1,-1
776,89,50.53,151.60,49.05,141.10,1,-1,-1,-1
776,90,140.73,138.14,58.59,167.95,1,-1,-1,-1
776,91,315.88,184.22,24.12,63.63,1,-1,-1,-1
776,78,87.81,165.60,37.91,104.55,1,-1,-1,-1
777,67,205.59,88.85,115.88,285.68,1,-1,-1,-1
777,72,340.16,100.80,98.38,298.32,1,-1,-1,-1
777,89,45.60,149.41,45.36,142.80,1,-1,-1,-1
777,90,135.69,136.84,59.27,173.40,1,-1,-1,-1
777,91,313.97,183.20,25.28,65.94,1,-1,-1,-1
777,78,87.65,167.25,36.74,101.96,1,-1,-1,-1
778,67,208.36,90.69,113.85,286.34,1,-1,-1,-1
778,72,340.92,101.95,103.90,296.60,1,-1,-1,-1
778,89,40.02,152.56,46.52,141.84,1,-1,-1,-1
778,90,132.11,135.11,62.40,180.58,1,-1,-1,-1
778,91,315.84,184.85,25.17,66.12,1,-1,-1,-1
778,78,91.40,167.67,37.13,100.70,1,-1,-1,-1
778,49,429.37,33.59,149.99,431.58,1,-1,-1,-1
779,67,214.79,99.46,115.29,279.89,1,-1,-1,-1
779,72,348.59,104.70,100.79,295.48,1,-1,-1,-1
779,89,35.71,161.48,49.38,138.67,1,-1,-1,-1
779,90,134.15,133.31,61.82,185.98,1,-1,-1,-1
779,91,324.80,187.54,22.75,66.50,1,-1,-1,-1
779,78,100.19,168.82,35.63,102.16,1,-1,-1,-1
779,49,417.93,31.44,165.67,445.76,1,-1,-1,-1
779,85,191.38,194.20,19.11,52.31,1,-1,-1,-1
780,67,218.75,102.08,112.09,275.08,1,-1,-1,-1
780,72,355.38,101.00,97.12,296.05,1,-1,-1,-1
780,89,31.05,164.03,50.91,137.14,1,-1,-1,-1
780,90,131.81,130.45,62.78,189.25,1,-1,-1,-1
780,91,325.12,186.63,22.54,66.15,1,-1,-1,-1
780,49,415.23,26.07,161.96,453.50,1,-1,-1,-1
780,85,193.11,194.01,22.04,52.89,1,-1,-1,-1
780,88,70.29,160.43,40.92,116.03,1,-1,-1,-1
781,67,222.71,100.54,111.77,272.28,1,-1,-1,-1
781,89,24.02,159.24,54.98,139.42,1,-1,-1,-1
781,90,123.48,123.96,68.01,204.05,1,-1,-1,-1
781,91,326.17,186.70,21.62,65.41,1,-1,-1,-1
781,49,386.12,28.85,168.98,445.78,1,-1,-1,-1
781,88,72.58,156.41,37.10,122.13,1,-1,-1,-1
782,67,224.65,102.38,111.38,268.71,1,-1,-1,-1
782,89,17.56,157.77,54.55,141.15,1,-1,-1,-1
782,90,117.67,122.29,71.65,209.63,1,-1,-1,-1
782,91,325.92,188.21,22.22,65.42,1,-1,-1,-1
782,49,370.68,29.97,178.11,438.91,1,-1,-1,-1
782,87,61.89,164.77,36.49,112.35,1,-1,-1,-1
783,67,230.70,101.93,104.85,269.96,1,-1,-1,-1
783,89,13.59,157.55,51.48,144.39,1,-1,-1,-1
783,90,108.66,120.22,79.13,216.51,1,-1,-1,-1
783,91,326.70,188.12,23.71,66.59,1,-1,-1,-1
783,49,365.48,28.22,174.68,444.76,1,-1,-1,-1
783,87,58.70,166.79,41.06,109.47,1,-1,-1,-1
784,67,237.53,110.91,97.55,258.02,1,-1,-1,-1
784,89,7.03,160.39,49.59,145.38,1,-1,-1,-1
784,90,101.60,119.17,83.08,224.08,1,-1,-1,-1
784,91,326.98,187.11,23.01,70.88,1,-1,-1,-1
784,49,357.32,32.93,173.97,443.70,1,-1,-1,-1
784,87,56.12,171.71,41.97,107.91,1,-1,-1,-1
784,92,195.97,120.24,66.95,227.43,1,-1,-1,-1
785,67,237.59,109.58,96.68,261.27,1,-1,-1,-1
785,89,0.93,158.44,46.05,145.50,1,-1,-1,-1
785,90,89.18,115.12,88.55,229.31,1,-1,-1,-1
785,91,325.83,186.11,22.39,73.44,1,-1,-1,-1
785,49,343.79,30.11,176.55,449.60,1,-1,-1,-1
785,87,52.64,170.89,41.68,104.39,1,-1,-1,-1
785,92,187.75,115.63,73.57,236.60,1,-1,-1,-1
786,67,238.12,121.54,93.92,245.26,1,-1,-1,-1
786,89,-2.20,159.24,35.75,144.34,1,-1,-1,-1
786,90,74.56,107.03,88.86,242.13,1,-1,-1,-1
786,49,336.64,36.06,182.08,440.61,1,-1,-1,-1
786,87,46.03,170.28,40.03,103.31,1,-1,-1,-1
786,92,170.18,114.43,81.06,244.62,1,-1,-1,-1
787,67,243.02,116.21,86.57,253.32,1,-1,-1,-1
787,89,1.30,164.76,36.91,125.52,1,-1,-1,-1
787,90,59.26,102.29,94.73,249.68,1,-1,-1,-1
787,49,334.57,31.19,191.39,442.09,1,-1,-1,-1
787,92,159.17,115.77,87.15,252.63,1,-1,-1,-1
788,67,245.89,114.97,80.70,254.95,1,-1,-1,-1
788,89,-1.92,171.66,34.16,114.80,1,-1,-1,-1
788,90,45.60,97.57,96.29,270.51,1,-1,-1,-1
788,49,326.37,24.98,197.33,450.34,1,-1,-1,-1
788,92,145.43,109.21,91.78,265.73,1,-1,-1,-1
789,67,246.11,115.01,77.04,250.58,1,-1,-1,-1
789,89,-2.64,189.21,25.47,96.43,1,-1,-1,-1
789,90,28.79,95.99,97.60,280.63,1,-1,-1,-1
789,49,325.62,20.72,187.84,459.04,1,-1,-1,-1
789,92,130.10,101.16,95.96,285.99,1,-1,-1,-1
790,67,240.26,119.32,81.09,243.93,1,-1,-1,-1
790,90,10.27,93.71,101.04,296.50,1,-1,-1,-1
790,49,314.37,28.70,196.76,453.45,1,-1,-1,-1
790,92,111.18,94.63,100.90,308.87,1,-1,-1,-1
790,93,202.79,189.61,35.48,90.95,1,-1,-1,-1
791,67,237.47,121.45,81.33,239.42,1,-1,-1,-1
791,90,0.53,86.49,98.25,319.62,1,-1,-1,-1
791,49,308.23,33.58,196.53,447.84,1,-1,-1,-1
791,92,95.54,85.74,107.31,329.04,1,-1,-1,-1
791,93,197.21,193.55,36.29,87.96,1,-1,-1,-1
792,67,236.49,125.66,81.48,238.01,1,-1,-1,-1
792,90,-2.47,75.58,81.00,342.61,1,-1,-1,-1
792,49,306.75,41.66,196.49,439.34,1,-1,-1,-1
792,92,67.80,77.68,123.24,351.43,1,-1,-1,-1
792,93,191.13,193.63,38.01,91.67,1,-1,-1,-1
793,67,235.19,125.49,81.63,235.69,1,-1,-1,-1
793,90,-1.36,74.44,60.73,334.11,1,-1,-1,-1
793,49,298.74,40.97,204.12,433.23,1,-1,-1,-1
793,92,42.74,65.96,134.11,368.31,1,-1,-1,-1
793,93,186.54,189.70,38.60,93.94,1,-1,-1,-1
794,67,232.04,118.31,81.58,238.80,1,-1,-1,-1
794,49,290.60,33.45,209.07,423.16,1,-1,-1,-1
794,92,15.29,46.29,150.65,392.86,1,-1,-1,-1
794,93,180.84,179.50,38.88,96.79,1,-1,-1,-1
795,67,229.93,121.50,78.18,238.70,1,-1,-1,-1
795,49,285.73,47.31,210.45,406.76,1,-1,-1,-1
795,92,1.23,38.19,140.48,423.73,1,-1,-1,-1
795,93,175.95,182.84,38.57,98.44,1,-1,-1,-1
795,94,423.03,45.97,113.47,414.31,1,-1,-1,-1
795,95,127.53,172.15,37.57,102.03,1,-1,-1,-1
796,67,228.95,126.32,79.76,234.71,1,-1,-1,-1
796,49,280.82,52.83,213.60,410.37,1,-1,-1,-1
796,92,-3.06,26.40,125.11,452.26,1,-1,-1,-1
796,93,172.97,186.74,38.63,99.08,1,-1,-1,-1
796,94,422.78,41.22,107.54,434.35,1,-1,-1,-1
796,95,122.50,176.37,39.72,100.13,1,-1,-1,-1
797,67,224.76,119.66,77.51,236.56,1,-1,-1,-1
797,49,274.99,40.65,226.37,417.44,1,-1,-1,-1
797,93,166.51,181.91,39.43,100.31,1,-1,-1,-1
797,95,113.77,172.31,40.81,101.57,1,-1,-1,-1
798,67,226.21,118.99,77.42,236.56,1,-1,-1,-1
798,49,276.69,43.16,219.26,411.51,1,-1,-1,-1
798,93,165.73,183.22,39.36,100.55,1,-1,-1,-1
798,95,108.82,175.17,42.80,99.83,1,-1,-1,-1
798,78,21.12,117.37,51.54,206.01,1,-1,-1,-1
798,88,64.25,160.57,40.26,128.38,1,-1,-1,-1
798,94,415.39,45.59,115.12,406.70,1,-1,-1,-1
799,67,228.21,118.63,75.47,237.55,1,-1,-1,-1
799,49,276.61,48.52,222.58,406.27,1,-1,-1,-1
799,93,163.24,180.79,39.57,104.17,1,-1,-1,-1
799,95,104.14,173.71,41.99,103.19,1,-1,-1,-1
799,78,23.14,132.05,50.89,179.41,1,-1,-1,-1
799,88,63.46,159.77,40.30,129.69,1,-1,-1,-1
799,94,418.89,34.55,117.38,411.10,1,-1,-1,-1
800,67,225.86,117.61,75.58,234.32,1,-1,-1,-1
800,49,275.59,43.95,215.93,394.02,1,-1,-1,-1
800,93,156.84,175.45,39.81,106.02,1,-1,-1,-1
800,95,95.57,164.02,42.78,111.50,1,-1,-1,-1
800,78,19.15,135.77,50.23,164.00,1,-1,-1,-1
800,88,58.56,154.53,42.09,130.92,1,-1,-1,-1
800,94,416.26,30.77,128.30,419.83,1,-1,-1,-1
801,67,226.08,124.35,77.34,230.72,1,-1,-1,-1
801,49,273.18,52.34,219.90,383.47,1,-1,-1,-1
801,93,156.14,178.37,38.14,108.38,1,-1,-1,-1
801,95,89.57,165.96,42.00,115.34,1,-1,-1,-1
801,78,18.42,143.62,50.52,154.08,1,-1,-1,-1
801,88,56.41,157.82,41.75,132.40,1,-1,-1,-1
801,94,415.72,26.04,129.43,428.25,1,-1,-1,-1
801,96,205.85,186.01,29.00,85.58,1,-1,-1,-1
802,67,229.16,129.09,79.62,225.63,1,-1,-1,-1
802,49,274.78,52.68,211.20,386.52,1,-1,-1,-1
802,93,157.41,179.00,37.09,110.46,1,-1,-1,-1
802,95,86.87,163.18,41.08,119.05,1,-1,-1,-1
802,78,18.68,146.49,51.44,152.92,1,-1,-1,-1
802,88,57.14,158.04,39.32,132.57,1,-1,-1,-1
802,94,416.15,28.09,129.55,424.78,1,-1,-1,-1
802,96,205.24,186.04,30.63,86.01,1,-1,-1,-1
803,67,230.87,131.45,78.75,223.36,1,-1,-1,-1
803,49,275.32,54.88,217.54,383.68,1,-1,-1,-1
803,93,157.01,179.70,37.43,111.52,1,-1,-1,-1
803,95,84.31,160.31,42.61,123.98,1,-1,-1,-1
803,78,17.75,146.05,51.81,155.87,1,-1,-1,-1
803,88,57.36,158.05,39.89,135.98,1,-1,-1,-1
803,94,420.06,23.96,122.59,426.31,1,-1,-1,-1
803,96,201.81,188.39,33.21,87.07,1,-1,-1,-1
804,67,236.75,133.06,78.45,217.66,1,-1,-1,-1
804,49,273.64,56.36,222.15,395.71,1,-1,-1,-1
804,93,160.13,182.03,40.01,112.75,1,-1,-1,-1
804,95,84.84,162.83,43.20,124.53,1,-1,-1,-1
804,78,22.09,147.58,51.50,156.74,1,-1,-1,-1
804,88,61.23,160.56,39.60,135.51,1,-1,-1,-1
804,94,429.03,29.79,113.36,425.97,1,-1,-1,-1
804,96,205.53,190.67,31.84,87.72,1,-1,-1,-1
805,67,238.20,127.22,86.74,219.51,1,-1,-1,-1
805,49,284.21,44.41,220.15,414.25,1,-1,-1,-1
805,93,162.81,178.74,40.87,114.75,1,-1,-1,-1
805,95,83.72,163.84,42.66,122.53,1,-1,-1,-1
805,78,25.77,143.95,50.33,157.47,1,-1,-1,-1
805,88,65.56,156.87,37.94,136.72,1,-1,-1,-1
805,94,440.11,15.07,104.07,456.36,1,-1,-1,-1
805,96,209.36,186.34,31.20,88.56,1,-1,-1,-1
806,67,242.05,127.44,88.74,220.71,1,-1,-1,-1
806,49,296.98,38.89,220.30,431.62,1,-1,-1,-1
806,93,166.83,178.79,41.41,117.08,1,-1,-1,-1
806,78,32.08,143.81,49.32,159.36,1,-1,-1,-1
806,88,70.01,159.27,39.89,133.94,1,-1,-1,-1
806,94,446.15,25.51,121.71,449.76,1,-1,-1,-1
806,96,213.28,184.83,31.90,92.91,1,-1,-1,-1
807,67,245.20,129.45,92.86,218.24,1,-1,-1,-1
807,49,309.62,42.59,247.66,432.02,1,-1,-1,-1
807,93,172.72,176.72,41.55,119.47,1,-1,-1,-1
807,78,37.45,142.46,49.99,159.89,1,-1,-1,-1
807,88,73.96,158.37,40.93,135.22,1,-1,-1,-1
807,96,217.50,184.68,31.27,93.45,1,-1,-1,-1
808,67,252.11,129.14,89.75,218.22,1,-1,-1,-1
808,49,323.70,38.66,216.06,437.90,1,-1,-1,-1
808,93,175.53,173.97,44.95,120.94,1,-1,-1,-1
808,78,43.80,140.89,49.45,162.38,1,-1,-1,-1
808,88,77.69,156.11,46.84,136.93,1,-1,-1,-1
808,96,220.56,183.45,32.22,93.42,1,-1,-1,-1
808,94,456.88,37.66,127.45,437.23,1,-1,-1,-1
809,67,266.73,132.92,83.78,216.03,1,-1,-1,-1
809,49,335.08,46.62,210.97,418.43,1,-1,-1,-1
809,93,183.84,175.67,49.51,123.55,1,-1,-1,-1
809,78,56.25,145.16,46.12,158.39,1,-1,-1,-1
809,88,86.39,159.21,48.42,136.52,1,-1,-1,-1
809,96,230.80,185.59,33.28,94.87,1,-1,-1,-1
809,94,470.75,37.70,128.70,429.96,1,-1,-1,-1
810,67,275.38,137.23,80.47,215.77,1,-1,-1,-1
810,49,350.96,41.57,189.65,417.47,1,-1,-1,-1
810,93,186.65,176.55,51.11,127.86,1,-1,-1,-1
810,78,62.60,147.03,44.23,158.89,1,-1,-1,-1
810,88,93.03,159.72,45.76,139.38,1,-1,-1,-1
810,96,236.47,186.94,33.19,97.73,1,-1,-1,-1
810,94,478.34,40.18,131.33,422.23,1,-1,-1,-1
811,67,282.11,134.81,78.77,216.43,1,-1,-1,-1
811,49,361.28,38.70,196.22,417.27,1,-1,-1,-1
811,93,186.89,174.14,52.43,129.89,1,-1,-1,-1
811,78,65.33,145.19,46.67,161.02,1,-1,-1,-1
811,88,94.04,156.54,46.04,140.69,1,-1,-1,-1
811,96,238.18,182.08,34.24,100.36,1,-1,-1,-1
811,94,490.14,39.03,131.65,424.63,1,-1,-1,-1
812,67,286.97,134.88,76.08,215.20,1,-1,-1,-1
812,49,364.19,40.00,208.08,421.47,1,-1,-1,-1
812,93,185.52,173.81,53.81,132.15,1,-1,-1,-1
812,78,66.76,144.14,51.07,165.78,1,-1,-1,-1
812,96,238.99,181.70,34.59,102.68,1,-1,-1,-1
812,94,499.12,35.93,129.46,432.05,1,-1,-1,-1
812,97,265.80,190.05,27.49,92.03,1,-1,-1,-1
813,67,291.93,134.08,72.64,215.60,1,-1,-1,-1
813,49,358.27,38.03,235.42,437.78,1,-1,-1,-1
813,93,183.46,172.03,55.34,136.59,1,-1,-1,-1
813,78,65.93,143.87,54.75,168.27,1,-1,-1,-1
813,96,239.95,180.86,34.76,105.06,1,-1,-1,-1
813,94,509.65,29.27,128.81,429.20,1,-1,-1,-1
813,97,267.16,192.70,29.69,90.84,1,-1,-1,-1
814,67,295.64,130.49,72.66,216.98,1,-1,-1,-1
814,49,377.40,35.20,240.67,442.50,1,-1,-1,-1
814,93,182.12,165.72,55.64,143.35,1,-1,-1,-1
814,78,64.44,138.71,55.25,170.92,1,-1,-1,-1
814,96,238.09,177.29,37.69,106.39,1,-1,-1,-1
814,97,268.21,191.16,30.83,93.26,1,-1,-1,-1
814,88,96.17,152.47,44.31,145.33,1,-1,-1,-1
815,67,299.52,132.94,73.52,215.13,1,-1,-1,-1
815,49,381.52,28.31,234.02,449.69,1,-1,-1,-1
815,93,181.20,164.42,54.92,148.64,1,-1,-1,-1
815,78,61.79,139.73,56.32,171.61,1,-1,-1,-1
815,96,238.35,179.51,37.32,106.27,1,-1,-1,-1
815,97,269.25,194.80,30.08,92.00,1,-1,-1,-1
815,95,90.93,153.08,48.07,151.63,1,-1,-1,-1
816,67,303.95,133.13,72.72,215.12,1,-1,-1,-1
816,49,382.44,28.94,224.35,451.40,1,-1,-1,-1
816,93,177.58,160.76,57.13,154.14,1,-1,-1,-1
816,78,56.42,134.48,57.21,176.80,1,-1,-1,-1
816,96,234.85,175.73,39.32,111.50,1,-1,-1,-1
816,97,266.69,190.84,31.94,95.67,1,-1,-1,-1
816,88,94.76,150.65,46.53,148.08,1,-1,-1,-1
817,67,307.81,132.27,73.31,215.02,1,-1,-1,-1
817,49,382.13,24.58,224.09,455.28,1,-1,-1,-1
817,93,175.01,158.64,56.65,157.15,1,-1,-1,-1
817,78,52.85,131.23,56.21,182.61,1,-1,-1,-1
817,96,231.90,172.45,39.65,114.72,1,-1,-1,-1
817,97,265.76,188.94,30.64,95.25,1,-1,-1,-1
817,88,93.58,148.90,45.39,150.88,1,-1,-1,-1
818,67,312.63,131.12,73.94,213.47,1,-1,-1,-1
818,49,392.46,17.30,222.28,460.45,1,-1,-1,-1
818,93,171.95,156.89,54.79,162.73,1,-1,-1,-1
818,78,48.91,131.19,57.93,183.97,1,-1,-1,-1
818,96,229.70,169.24,39.41,119.20,1,-1,-1,-1
818,97,263.02,186.58,34.20,98.58,1,-1,-1,-1
818,88,90.54,144.79,47.19,154.04,1,-1,-1,-1
819,67,316.20,129.47,74.97,214.39,1,-1,-1,-1
819,49,401.92,11.71,209.17,468.52,1,-1,-1,-1
819,93,167.57,156.88,57.06,169.09,1,-1,-1,-1
819,78,45.89,131.59,56.48,182.77,1,-1,-1,-1
819,96,227.31,169.11,40.04,120.69,1,-1,-1,-1
819,97,259.81,183.65,39.52,104.08,1,-1,-1,-1
819,88,89.21,146.50,47.87,155.43,1,-1,-1,-1
819,98,284.57,181.10,33.65,95.65,1,-1,-1,-1
820,67,313.82,129.73,75.27,216.97,1,-1,-1,-1
820,49,399.99,5.10,198.13,478.24,1,-1,-1,-1
820,93,156.05,155.10,58.60,178.75,1,-1,-1,-1
820,78,34.65,131.32,59.02,190.17,1,-1,-1,-1
820,96,221.83,170.70,39.29,126.01,1,-1,-1,-1
820,97,252.05,187.19,43.30,107.14,1,-1,-1,-1
820,88,79.60,149.42,48.91,159.72,1,-1,-1,-1
820,98,280.30,184.96,34.17,94.33,1,-1,-1,-1
820,99,4.42,134.90,52.95,176.88,1,-1,-1,-1
821,67,310.68,125.67,74.61,215.59,1,-1,-1,-1
821,49,404.50,0.00,189.73,482.54,1,-1,-1,-1
821,93,147.11,148.65,59.02,185.98,1,-1,-1,-1
821,78,26.33,125.09,58.79,196.26,1,-1,-1,-1
821,96,216.17,167.47,38.70,126.39,1,-1,-1,-1
821,97,247.64,185.06,41.69,107.98,1,-1,-1,-1
821,88,72.79,143.88,48.97,162.65,1,-1,-1,-1
821,98,275.56,181.71,34.38,92.97,1,-1,-1,-1
822,67,307.95,128.42,75.58,213.78,1,-1,-1,-1
822,49,409.73,6.44,179.94,477.46,1,-1,-1,-1
822,93,134.61,144.35,62.82,195.48,1,-1,-1,-1
822,78,17.81,124.71,58.42,200.34,1,-1,-1,-1
822,96,208.77,167.20,38.93,130.01,1,-1,-1,-1
822,97,240.70,184.08,44.99,111.35,1,-1,-1,-1
822,88,64.43,142.07,48.94,165.78,1,-1,-1,-1
822,98,269.56,181.54,34.98,94.63,1,-1,-1,-1
823,67,310.63,135.23,77.08,208.34,1,-1,-1,-1
823,49,424.43,11.09,178.05,472.58,1,-1,-1,-1
823,93,124.94,146.00,70.83,199.77,1,-1,-1,-1
823,78,15.24,125.96,59.10,202.86,1,-1,-1,-1
823,96,206.54,169.52,40.62,134.74,1,-1,-1,-1
823,97,242.06,185.65,43.45,116.25,1,-1,-1,-1
823,88,62.15,144.92,50.48,168.56,1,-1,-1,-1
823,98,267.66,182.62,35.08,100.52,1,-1,-1,-1
824,67,309.88,135.54,74.70,213.53,1,-1,-1,-1
824,49,429.62,9.09,191.18,472.47,1,-1,-1,-1
824,93,112.30,139.95,75.28,208.07,1,-1,-1,-1
824,78,7.68,122.10,58.94,208.69,1,-1,-1,-1
824,96,199.37,163.51,42.03,141.71,1,-1,-1,-1
824,97,238.70,179.49,42.56,123.19,1,-1,-1,-1
824,88,54.69,144.06,50.62,168.95,1,-1,-1,-1
824,98,264.08,177.82,35.18,103.81,1,-1,-1,-1
825,67,308.52,138.56,76.63,209.43,1,-1,-1,-1
825,49,444.47,2.69,187.06,478.84,1,-1,-1,-1
825,93,98.36,136.19,82.83,218.56,1,-1,-1,-1
825,78,2.23,114.09,57.92,218.09,1,-1,-1,-1
825,96,191.78,158.65,44.56,148.73,1,-1,-1,-1
825,97,235.61,178.75,42.59,124.55,1,-1,-1,-1
825,88,48.15,142.76,51.06,170.12,1,-1,-1,-1
825,98,261.62,176.06,32.45,109.08,1,-1,-1,-1
826,67,309.81,132.43,76.62,211.53,1,-1,-1,-1
826,49,460.56,-0.72,179.26,480.99,1,-1,-1,-1
826,93,88.25,129.86,84.99,225.88,1,-1,-1,-1
826,78,-0.67,106.69,55.72,222.66,1,-1,-1,-1
826,96,185.39,151.23,45.67,156.05,1,-1,-1,-1
826,97,230.74,175.44,44.25,127.38,1,-1,-1,-1
826,88,41.56,135.31,50.70,176.46,1,-1,-1,-1
826,98,261.26,171.82,30.38,108.88,1,-1,-1,-1
826,100,377.59,102.81,100.37,274.87,1,-1,-1,-1
827,67,306.51,138.83,75.06,205.01,1,-1,-1,-1
827,49,469.35,1.54,171.08,482.62,1,-1,-1,-1
827,93,70.61,123.70,89.42,241.29,1,-1,-1,-1
827,78,-2.73,103.10,46.51,228.22,1,-1,-1,-1
827,96,171.28,155.17,48.90,159.41,1,-1,-1,-1
827,97,220.38,178.35,45.69,133.28,1,-1,-1,-1
827,88,26.82,128.50,46.74,190.06,1,-1,-1,-1
827,98,252.19,175.29,31.07,113.44,1,-1,-1,-1
827,100,372.86,108.74,105.26,280.19,1,-1,-1,-1
828,67,306.55,135.04,76.14,208.86,1,-1,-1,-1
828,49,481.58,3.83,160.43,479.00,1,-1,-1,-1
828,93,59.86,116.72,94.30,251.87,1,-1,-1,-1
828,78,0.72,102.94,36.97,227.91,1,-1,-1,-1
828,96,165.13,155.12,49.76,161.37,1,-1,-1,-1
828,97,216.22,177.15,44.94,138.48,1,-1,-1,-1
828,98,248.30,174.52,34.77,114.97,1,-1,-1,-1
828,100,372.92,111.89,104.90,279.69,1,-1,-1,-1
829,67,309.47,131.79,75.67,211.63,1,-1,-1,-1
829,49,498.20,1.17,146.31,479.93,1,-1,-1,-1
829,93,49.59,111.36,100.80,260.47,1,-1,-1,-1
829,96,157.38,151.72,54.74,168.28,1,-1,-1,-1
829,97,213.90,175.16,44.44,141.83,1,-1,-1,-1
829,98,247.91,170.35,35.00,117.22,1,-1,-1,-1
829,100,374.83,110.45,106.68,281.40,1,-1,-1,-1
830,67,315.12,135.74,75.03,213.70,1,-1,-1,-1
830,49,518.20,4.41,126.14,476.84,1,-1,-1,-1
830,93,40.51,111.26,98.92,275.39,1,-1,-1,-1
830,96,152.27,154.20,56.78,175.25,1,-1,-1,-1
830,97,211.71,178.53,46.49,144.39,1,-1,-1,-1
830,98,248.88,175.98,35.64,116.85,1,-1,-1,-1
830,100,379.02,120.02,103.89,274.17,1,-1,-1,-1
831,67,313.26,136.33,74.18,212.59,1,-1,-1,-1
831,49,532.81,1.16,109.31,478.93,1,-1,-1,-1
831,93,29.21,104.24,98.84,290.23,1,-1,-1,-1
831,96,142.38,146.73,58.07,185.06,1,-1,-1,-1
831,97,203.44,174.00,49.10,149.31,1,-1,-1,-1
831,98,242.10,170.95,39.12,123.36,1,-1,-1,-1
831,100,379.36,120.09,101.18,270.27,1,-1,-1,-1
831,101,286.96,174.38,42.84,102.90,1,-1,-1,-1
832,67,310.03,129.85,74.46,214.03,1,-1,-1,-1
832,93,8.41,85.21,100.85,316.96,1,-1,-1,-1
832,96,126.14,133.35,59.50,195.08,1,-1,-1,-1
832,97,189.22,164.61,50.96,157.04,1,-1,-1,-1
832,98,230.93,161.87,42.31,129.27,1,-1,-1,-1
832,100,372.13,112.56,104.61,273.41,1,-1,-1,-1
832,101,279.63,167.66,41.18,105.63,1,-1,-1,-1
833,67,311.69,129.97,72.09,211.79,1,-1,-1,-1
833,93,0.71,81.69,97.92,321.65,1,-1,-1,-1
833,96,118.36,131.35,60.65,203.23,1,-1,-1,-1
833,97,182.70,163.21,52.52,167.25,1,-1,-1,-1
833,98,225.19,161.95,45.47,131.63,1,-1,-1,-1
833,100,373.56,111.66,103.31,275.05,1,-1,-1,-1
833,101,276.43,168.05,40.66,102.92,1,-1,-1,-1
834,67,315.36,126.70,71.93,209.10,1,-1,-1,-1
834,93,-2.70,80.21,89.16,322.88,1,-1,-1,-1
834,96,108.04,126.36,65.81,212.83,1,-1,-1,-1
834,97,175.88,160.46,55.07,176.01,1,-1,-1,-1
834,98,224.52,160.35,46.82,134.28,1,-1,-1,-1
834,100,372.72,105.31,106.30,276.92,1,-1,-1,-1
834,101,274.80,169.52,43.05,100.19,1,-1,-1,-1
835,67,317.79,124.68,73.25,208.25,1,-1,-1,-1
835,93,-2.37,88.54,73.77,311.87,1,-1,-1,-1
835,96,96.51,122.55,71.51,227.20,1,-1,-1,-1
835,97,168.73,158.60,57.56,182.89,1,-1,-1,-1
835,98,224.13,158.87,48.06,136.01,1,-1,-1,-1
835,100,376.71,104.22,104.20,279.76,1,-1,-1,-1
835,101,274.52,167.21,42.63,104.74,1,-1,-1,-1
836,67,322.75,122.78,74.82,210.36,1,-1,-1,-1
836,93,-0.99,102.50,54.72,253.62,1,-1,-1,-1
836,96,85.69,115.78,78.40,244.56,1,-1,-1,-1
836,97,164.41,153.74,58.90,193.78,1,-1,-1,-1
836,98,226.07,157.14,49.69,140.40,1,-1,-1,-1
836,100,380.08,105.16,105.63,283.35,1,-1,-1,-1
836,101,274.62,166.56,43.76,105.74,1,-1,-1,-1
837,67,330.48,125.22,73.41,208.78,1,-1,-1,-1
837,93,1.65,105.46,44.56,239.45,1,-1,-1,-1
837,96,80.12,112.31,82.79,260.22,1,-1,-1,-1
837,97,162.29,147.41,61.75,206.75,1,-1,-1,-1
837,98,228.12,157.06,51.81,145.03,1,-1,-1,-1
837,100,384.30,114.48,106.85,274.96,1,-1,-1,-1
837,101,276.07,168.29,43.85,107.99,1,-1,-1,-1
